{
    "classNameFqcn": "net.dv8tion.jda.api.events.stage.StageInstanceCreateEvent",
    "descriptionElements": [
        "<div class=\"block\">\n Indicates that a <a href=\"../../entities/StageInstance.html\" title=\"interface in net.dv8tion.jda.api.entities\"><code>StageInstance</code></a> was created. \n <p>Can be used to retrieve the created StageInstance and its Guild.</p>\n</div>"
    ],
    "deprecationElement": null,
    "details": {
        "ALL_IMPLEMENTED_INTERFACES": [
            "<dd>\n <code><a href=\"../GenericEvent.html\" title=\"interface in net.dv8tion.jda.api.events\">GenericEvent</a></code>\n</dd>"
        ]
    },
    "seeAlso": null,
    "methods": {
        "getJDA()": {
            "elementId": "getJDA()",
            "methodAnnotations": "@Nonnull",
            "methodName": "getJDA",
            "methodSignature": "@Nonnull public JDA getJDA()",
            "parameters": [],
            "methodReturnType": "JDA",
            "isStatic": false,
            "descriptionElements": [
                "<div class=\"block\">\n <span class=\"descfrm-type-label\">Description copied from interface:&nbsp;<code><a href=\"GenericEvent.html#getJDA()\">GenericEvent</a></code></span>\n</div>",
                "<div class=\"block\">\n The current JDA instance corresponding to this Event\n</div>"
            ],
            "deprecationElement": null,
            "details": {
                "RETURNS": [
                    "<dd>\n The corresponding JDA instance\n</dd>"
                ],
                "SPECIFIED_BY": [
                    "<dd>\n <code><a href=\"GenericEvent.html#getJDA()\">getJDA</a></code>&nbsp;in interface&nbsp;<code><a href=\"GenericEvent.html\" title=\"interface in net.dv8tion.jda.api.events\">GenericEvent</a></code>\n</dd>"
                ]
            },
            "seeAlso": null
        },
        "getChannel()": {
            "elementId": "getChannel()",
            "methodAnnotations": "@Nonnull",
            "methodName": "getChannel",
            "methodSignature": "@Nonnull public StageChannel getChannel()",
            "parameters": [],
            "methodReturnType": "StageChannel",
            "isStatic": false,
            "descriptionElements": [
                "<div class=\"block\">\n The <a href=\"../../entities/channel/concrete/StageChannel.html\" title=\"interface in net.dv8tion.jda.api.entities.channel.concrete\"><code>StageChannel</code></a> this instance belongs to\n</div>"
            ],
            "deprecationElement": null,
            "details": {
                "RETURNS": [
                    "<dd>\n The StageChannel\n</dd>"
                ]
            },
            "seeAlso": null
        },
        "getResponseNumber()": {
            "elementId": "getResponseNumber()",
            "methodAnnotations": null,
            "methodName": "getResponseNumber",
            "methodSignature": "public long getResponseNumber()",
            "parameters": [],
            "methodReturnType": "long",
            "isStatic": false,
            "descriptionElements": [
                "<div class=\"block\">\n <span class=\"descfrm-type-label\">Description copied from interface:&nbsp;<code><a href=\"GenericEvent.html#getResponseNumber()\">GenericEvent</a></code></span>\n</div>",
                "<div class=\"block\">\n The current sequence for this event. \n <br>\n This can be used to keep events in order when making sequencing system.\n</div>"
            ],
            "deprecationElement": null,
            "details": {
                "RETURNS": [
                    "<dd>\n The current sequence number for this event\n</dd>"
                ],
                "SPECIFIED_BY": [
                    "<dd>\n <code><a href=\"GenericEvent.html#getResponseNumber()\">getResponseNumber</a></code>&nbsp;in interface&nbsp;<code><a href=\"GenericEvent.html\" title=\"interface in net.dv8tion.jda.api.events\">GenericEvent</a></code>\n</dd>"
                ]
            },
            "seeAlso": null
        },
        "toString()": {
            "elementId": "toString()",
            "methodAnnotations": null,
            "methodName": "toString",
            "methodSignature": "public String toString()",
            "parameters": [],
            "methodReturnType": "String",
            "isStatic": false,
            "descriptionElements": [],
            "deprecationElement": null,
            "details": {
                "OVERRIDES": [
                    "<dd>\n <code><a href=\"https://docs.oracle.com/javase/8/docs/api/java/lang/Object.html#toString--\" title=\"class or interface in java.lang\" class=\"external-link\">toString</a></code>&nbsp;in class&nbsp;<code><a href=\"https://docs.oracle.com/javase/8/docs/api/java/lang/Object.html\" title=\"class or interface in java.lang\" class=\"external-link\">Object</a></code>\n</dd>"
                ]
            },
            "seeAlso": null
        },
        "<init>(net.dv8tion.jda.api.JDA,long,net.dv8tion.jda.api.entities.StageInstance)": {
            "elementId": "<init>(net.dv8tion.jda.api.JDA,long,net.dv8tion.jda.api.entities.StageInstance)",
            "methodAnnotations": null,
            "methodName": "StageInstanceCreateEvent",
            "methodSignature": "public StageInstanceCreateEvent(@Nonnull JDA api, long responseNumber, @Nonnull StageInstance stageInstance)",
            "parameters": [
                {
                    "annotations": [
                        "Nonnull"
                    ],
                    "type": "net.dv8tion.jda.api.JDA",
                    "simpleType": "JDA",
                    "name": "api"
                },
                {
                    "annotations": [],
                    "type": "long",
                    "simpleType": "long",
                    "name": "responseNumber"
                },
                {
                    "annotations": [
                        "Nonnull"
                    ],
                    "type": "net.dv8tion.jda.api.entities.StageInstance",
                    "simpleType": "StageInstance",
                    "name": "stageInstance"
                }
            ],
            "methodReturnType": "StageInstanceCreateEvent",
            "isStatic": false,
            "descriptionElements": [],
            "deprecationElement": null,
            "details": {},
            "seeAlso": null
        },
        "getInstance()": {
            "elementId": "getInstance()",
            "methodAnnotations": "@Nonnull",
            "methodName": "getInstance",
            "methodSignature": "@Nonnull public StageInstance getInstance()",
            "parameters": [],
            "methodReturnType": "StageInstance",
            "isStatic": false,
            "descriptionElements": [
                "<div class=\"block\">\n The affected <a href=\"../../entities/StageInstance.html\" title=\"interface in net.dv8tion.jda.api.entities\"><code>StageInstance</code></a>\n</div>"
            ],
            "deprecationElement": null,
            "details": {
                "RETURNS": [
                    "<dd>\n The <a href=\"../../entities/StageInstance.html\" title=\"interface in net.dv8tion.jda.api.entities\"><code>StageInstance</code></a>\n</dd>"
                ]
            },
            "seeAlso": null
        },
        "getRawData()": {
            "elementId": "getRawData()",
            "methodAnnotations": "@Nullable",
            "methodName": "getRawData",
            "methodSignature": "@Nullable public DataObject getRawData()",
            "parameters": [],
            "methodReturnType": "DataObject",
            "isStatic": false,
            "descriptionElements": [
                "<div class=\"block\">\n <span class=\"descfrm-type-label\">Description copied from interface:&nbsp;<code><a href=\"GenericEvent.html#getRawData()\">GenericEvent</a></code></span>\n</div>",
                "<div class=\"block\">\n The passthrough data that this event was serialized from. This data might be null in rare situations, for example, if the event came from a rest action. \n <br>\n This provides the full gateway message payload, including sequence, event name and dispatch type. For details, read the official <a href=\"https://discord.dev/topics/gateway\" target=\"_blank\">Discord Documentation</a>.\n</div>"
            ],
            "deprecationElement": null,
            "details": {
                "RETURNS": [
                    "<dd>\n The corresponding <a href=\"../utils/data/DataObject.html\" title=\"class in net.dv8tion.jda.api.utils.data\"><code>DataObject</code></a>\n</dd>"
                ],
                "SPECIFIED_BY": [
                    "<dd>\n <code><a href=\"GenericEvent.html#getRawData()\">getRawData</a></code>&nbsp;in interface&nbsp;<code><a href=\"GenericEvent.html\" title=\"interface in net.dv8tion.jda.api.events\">GenericEvent</a></code>\n</dd>"
                ]
            },
            "seeAlso": null
        },
        "getGuild()": {
            "elementId": "getGuild()",
            "methodAnnotations": "@Nonnull",
            "methodName": "getGuild",
            "methodSignature": "@Nonnull public Guild getGuild()",
            "parameters": [],
            "methodReturnType": "Guild",
            "isStatic": false,
            "descriptionElements": [
                "<div class=\"block\">\n The <a href=\"../../entities/Guild.html\" title=\"interface in net.dv8tion.jda.api.entities\"><code>Guild</code></a>\n</div>"
            ],
            "deprecationElement": null,
            "details": {
                "RETURNS": [
                    "<dd>\n The Guild\n</dd>"
                ]
            },
            "seeAlso": null
        }
    },
    "fields": {}
}