{
    "classNameFqcn": "net.dv8tion.jda.api.entities.sticker.Sticker",
    "descriptionElements": [
        "<div class=\"block\">\n Abstract representation of all sticker types. \n <p>This is specialized in <a href=\"StandardSticker.html\" title=\"interface in net.dv8tion.jda.api.entities.sticker\"><code>StandardSticker</code></a> and <a href=\"GuildSticker.html\" title=\"interface in net.dv8tion.jda.api.entities.sticker\"><code>GuildSticker</code></a>.</p>\n</div>"
    ],
    "deprecationElement": null,
    "details": {
        "ALL_KNOWN_SUBINTERFACES": [
            "<dd>\n <code><a href=\"GuildSticker.html\" title=\"interface in net.dv8tion.jda.api.entities.sticker\">GuildSticker</a></code>, <code><a href=\"RichSticker.html\" title=\"interface in net.dv8tion.jda.api.entities.sticker\">RichSticker</a></code>, <code><a href=\"StandardSticker.html\" title=\"interface in net.dv8tion.jda.api.entities.sticker\">StandardSticker</a></code>, <code><a href=\"StickerItem.html\" title=\"interface in net.dv8tion.jda.api.entities.sticker\">StickerItem</a></code>, <code><a href=\"StickerUnion.html\" title=\"interface in net.dv8tion.jda.api.entities.sticker\">StickerUnion</a></code>\n</dd>"
        ],
        "SUPER_INTERFACES": [
            "<dd>\n <code><a href=\"../ISnowflake.html\" title=\"interface in net.dv8tion.jda.api.entities\">ISnowflake</a></code>, <code><a href=\"StickerSnowflake.html\" title=\"interface in net.dv8tion.jda.api.entities.sticker\">StickerSnowflake</a></code>\n</dd>"
        ]
    },
    "seeAlso": null,
    "methods": {
        "getId()": {
            "elementId": "getId()",
            "methodAnnotations": "@Nonnull",
            "methodName": "getId",
            "methodSignature": "@Nonnull default String getId()",
            "methodParameters": null,
            "methodReturnType": "String",
            "isStatic": false,
            "descriptionElements": [
                "<div class=\"block\">\n The Snowflake id of this entity. This is unique to every entity and will never change.\n</div>"
            ],
            "deprecationElement": null,
            "details": {
                "RETURNS": [
                    "<dd>\n Never-null String containing the Id.\n</dd>"
                ]
            },
            "seeAlso": null
        },
        "getName()": {
            "elementId": "getName()",
            "methodAnnotations": "@Nonnull",
            "methodName": "getName",
            "methodSignature": "@Nonnull String getName()",
            "methodParameters": null,
            "methodReturnType": "String",
            "isStatic": false,
            "descriptionElements": [
                "<div class=\"block\">\n The name of the sticker.\n</div>"
            ],
            "deprecationElement": null,
            "details": {
                "RETURNS": [
                    "<dd>\n the name of the sticker\n</dd>"
                ]
            },
            "seeAlso": null
        },
        "getTimeCreated()": {
            "elementId": "getTimeCreated()",
            "methodAnnotations": "@Nonnull",
            "methodName": "getTimeCreated",
            "methodSignature": "@Nonnull default OffsetDateTime getTimeCreated()",
            "methodParameters": null,
            "methodReturnType": "OffsetDateTime",
            "isStatic": false,
            "descriptionElements": [
                "<div class=\"block\">\n The time this entity was created. Calculated through the Snowflake in <a href=\"#getIdLong()\"><code>getIdLong()</code></a>.\n</div>"
            ],
            "deprecationElement": null,
            "details": {
                "RETURNS": [
                    "<dd>\n OffsetDateTime - Time this entity was created at.\n</dd>"
                ],
                "SEE_ALSO": [
                    "<dd>\n <ul class=\"see-list\">\n  <li><a href=\"../utils/TimeUtil.html#getTimeCreated(long)\"><code>TimeUtil.getTimeCreated(long)</code></a></li>\n </ul>\n</dd>"
                ]
            },
            "seeAlso": {
                "references": [
                    {
                        "text": "TimeUtil#getTimeCreated(long)",
                        "link": "https://docs.jda.wiki/net/dv8tion/jda/api/utils/TimeUtil.html#getTimeCreated(long)",
                        "targetType": "METHOD",
                        "fullSignature": "TimeUtil#getTimeCreated(long)"
                    }
                ]
            }
        },
        "fromId(java.lang.String)": {
            "elementId": "fromId(java.lang.String)",
            "methodAnnotations": "@Nonnull",
            "methodName": "fromId",
            "methodSignature": "@Nonnull static StickerSnowflake fromId(@Nonnull String id)",
            "methodParameters": {
                "originalText": "(@Nonnull String id)",
                "parameters": [
                    {
                        "annotations": [
                            "Nonnull"
                        ],
                        "type": "java.lang.String",
                        "simpleType": "String",
                        "name": "id"
                    }
                ]
            },
            "methodReturnType": "StickerSnowflake",
            "isStatic": true,
            "descriptionElements": [
                "<div class=\"block\">\n Creates a sticker snowflake instance which only wraps an ID. \n <p>This is primarily used for message sending purposes.</p>\n</div>"
            ],
            "deprecationElement": null,
            "details": {
                "PARAMETERS": [
                    "<dd>\n <code>id</code> - The sticker id\n</dd>"
                ],
                "RETURNS": [
                    "<dd>\n A sticker snowflake instance\n</dd>"
                ],
                "SEE_ALSO": [
                    "<dd>\n <ul class=\"see-list-long\">\n  <li><a href=\"../../JDA.html#retrieveSticker(net.dv8tion.jda.api.entities.sticker.StickerSnowflake)\"><code>JDA.retrieveSticker(StickerSnowflake)</code></a></li>\n </ul>\n</dd>"
                ],
                "THROWS": [
                    "<dd>\n <code><a href=\"https://docs.oracle.com/javase/8/docs/api/java/lang/IllegalArgumentException.html\" title=\"class or interface in java.lang\" class=\"external-link\">IllegalArgumentException</a></code> - If the provided ID is not a valid snowflake\n</dd>"
                ]
            },
            "seeAlso": {
                "references": [
                    {
                        "text": "JDA#retrieveSticker(StickerSnowflake)",
                        "link": "https://docs.jda.wiki/net/dv8tion/jda/api/JDA.html#retrieveSticker(net.dv8tion.jda.api.entities.sticker.StickerSnowflake)",
                        "targetType": "METHOD",
                        "fullSignature": "JDA#retrieveSticker(StickerSnowflake)"
                    }
                ]
            }
        },
        "getIdLong()": {
            "elementId": "getIdLong()",
            "methodAnnotations": null,
            "methodName": "getIdLong",
            "methodSignature": "long getIdLong()",
            "methodParameters": null,
            "methodReturnType": "long",
            "isStatic": false,
            "descriptionElements": [
                "<div class=\"block\">\n The Snowflake id of this entity. This is unique to every entity and will never change.\n</div>"
            ],
            "deprecationElement": null,
            "details": {
                "RETURNS": [
                    "<dd>\n Long containing the Id.\n</dd>"
                ]
            },
            "seeAlso": null
        },
        "getIcon()": {
            "elementId": "getIcon()",
            "methodAnnotations": "@Nonnull",
            "methodName": "getIcon",
            "methodSignature": "@Nonnull default ImageProxy getIcon()",
            "methodParameters": null,
            "methodReturnType": "ImageProxy",
            "isStatic": false,
            "descriptionElements": [
                "<div class=\"block\">\n Returns an <a href=\"../../utils/ImageProxy.html\" title=\"class in net.dv8tion.jda.api.utils\"><code>ImageProxy</code></a> for this sticker's image. \n <p>The size parameter for <a href=\"../../utils/ImageProxy.html\" title=\"class in net.dv8tion.jda.api.utils\"><code>ImageProxy</code></a> is not supported for stickers of type <a href=\"Sticker.StickerFormat.html#LOTTIE\"><code>LOTTIE</code></a>.</p>\n</div>"
            ],
            "deprecationElement": null,
            "details": {
                "RETURNS": [
                    "<dd>\n Never-null <a href=\"../../utils/ImageProxy.html\" title=\"class in net.dv8tion.jda.api.utils\"><code>ImageProxy</code></a> of this sticker's image\n</dd>"
                ],
                "SEE_ALSO": [
                    "<dd>\n <ul class=\"see-list\">\n  <li><a href=\"#getIconUrl()\"><code>getIconUrl()</code></a></li>\n </ul>\n</dd>"
                ],
                "THROWS": [
                    "<dd>\n <code><a href=\"https://docs.oracle.com/javase/8/docs/api/java/lang/IllegalStateException.html\" title=\"class or interface in java.lang\" class=\"external-link\">IllegalStateException</a></code> - If the <a href=\"Sticker.StickerFormat.html\" title=\"enum in net.dv8tion.jda.api.entities.sticker\"><code>Sticker.StickerFormat</code></a> of this sticker is <a href=\"Sticker.StickerFormat.html#UNKNOWN\"><code>UNKNOWN</code></a>\n</dd>"
                ]
            },
            "seeAlso": {
                "references": [
                    {
                        "text": "getIconUrl()",
                        "link": "https://docs.jda.wiki/net/dv8tion/jda/api/entities/sticker/Sticker.html#getIconUrl()",
                        "targetType": "METHOD",
                        "fullSignature": "Sticker#getIconUrl()"
                    }
                ]
            }
        },
        "fromId(long)": {
            "elementId": "fromId(long)",
            "methodAnnotations": "@Nonnull",
            "methodName": "fromId",
            "methodSignature": "@Nonnull static StickerSnowflake fromId(long id)",
            "methodParameters": {
                "originalText": "(long id)",
                "parameters": [
                    {
                        "annotations": [],
                        "type": "long",
                        "simpleType": "long",
                        "name": "id"
                    }
                ]
            },
            "methodReturnType": "StickerSnowflake",
            "isStatic": true,
            "descriptionElements": [
                "<div class=\"block\">\n Creates a sticker snowflake instance which only wraps an ID. \n <p>This is primarily used for message sending purposes.</p>\n</div>"
            ],
            "deprecationElement": null,
            "details": {
                "PARAMETERS": [
                    "<dd>\n <code>id</code> - The sticker id\n</dd>"
                ],
                "RETURNS": [
                    "<dd>\n A sticker snowflake instance\n</dd>"
                ],
                "SEE_ALSO": [
                    "<dd>\n <ul class=\"see-list-long\">\n  <li><a href=\"../../JDA.html#retrieveSticker(net.dv8tion.jda.api.entities.sticker.StickerSnowflake)\"><code>JDA.retrieveSticker(StickerSnowflake)</code></a></li>\n </ul>\n</dd>"
                ]
            },
            "seeAlso": {
                "references": [
                    {
                        "text": "JDA#retrieveSticker(StickerSnowflake)",
                        "link": "https://docs.jda.wiki/net/dv8tion/jda/api/JDA.html#retrieveSticker(net.dv8tion.jda.api.entities.sticker.StickerSnowflake)",
                        "targetType": "METHOD",
                        "fullSignature": "JDA#retrieveSticker(StickerSnowflake)"
                    }
                ]
            }
        },
        "getFormatType()": {
            "elementId": "getFormatType()",
            "methodAnnotations": "@Nonnull",
            "methodName": "getFormatType",
            "methodSignature": "@Nonnull Sticker.StickerFormat getFormatType()",
            "methodParameters": null,
            "methodReturnType": "Sticker.StickerFormat",
            "isStatic": false,
            "descriptionElements": [
                "<div class=\"block\">\n The format type of this sticker, used for <a href=\"#getIconUrl()\"><code>getIconUrl()</code></a>. \n <br>\n Note that stickers can be of type <a href=\"Sticker.StickerFormat.html#LOTTIE\"><code>LOTTIE</code></a>, which don't have simple image icons, but instead rely on client-side rendering. \n <p>Future stickers might have format <a href=\"Sticker.StickerFormat.html#UNKNOWN\"><code>UNKNOWN</code></a>, which cannot be converted to a URL.</p>\n</div>"
            ],
            "deprecationElement": null,
            "details": {
                "RETURNS": [
                    "<dd>\n The <a href=\"Sticker.StickerFormat.html\" title=\"enum in net.dv8tion.jda.api.entities.sticker\"><code>Sticker.StickerFormat</code></a> of this sticker\n</dd>"
                ]
            },
            "seeAlso": null
        },
        "getIconUrl()": {
            "elementId": "getIconUrl()",
            "methodAnnotations": "@Nonnull",
            "methodName": "getIconUrl",
            "methodSignature": "@Nonnull default String getIconUrl()",
            "methodParameters": null,
            "methodReturnType": "String",
            "isStatic": false,
            "descriptionElements": [
                "<div class=\"block\">\n The url of the sticker image. \n <br>\n Note that <a href=\"Sticker.StickerFormat.html#LOTTIE\"><code>LOTTIE</code></a> stickers don't provide an image, but a JSON format.\n</div>"
            ],
            "deprecationElement": null,
            "details": {
                "RETURNS": [
                    "<dd>\n The image url of the sticker\n</dd>"
                ],
                "THROWS": [
                    "<dd>\n <code><a href=\"https://docs.oracle.com/javase/8/docs/api/java/lang/IllegalStateException.html\" title=\"class or interface in java.lang\" class=\"external-link\">IllegalStateException</a></code> - If the <a href=\"Sticker.StickerFormat.html\" title=\"enum in net.dv8tion.jda.api.entities.sticker\"><code>StickerFormat</code></a> of this sticker is <a href=\"Sticker.StickerFormat.html#UNKNOWN\"><code>UNKNOWN</code></a>\n</dd>"
                ]
            },
            "seeAlso": null
        }
    },
    "fields": {
        "ICON_URL": {
            "elementId": "ICON_URL",
            "fieldName": "ICON_URL",
            "fieldType": "String",
            "fieldValue": "\"https://cdn.discordapp.com/stickers/%s.%s\"",
            "descriptionElements": [
                "<div class=\"block\">\n Template for <a href=\"#getIconUrl()\"><code>getIconUrl()</code></a>\n</div>"
            ],
            "deprecationElement": null,
            "modifiers": "static final"
        }
    }
}