{
    "classNameFqcn": "net.dv8tion.jda.api.events.self.SelfUpdateVerifiedEvent",
    "descriptionElements": [
        "<div class=\"block\">\n Indicates that the verification state of the current user changed. (client-only) \n <p>Can be used to retrieve the old verification state.</p>\n <p>Identifier: <code>verified</code></p>\n</div>"
    ],
    "deprecationElement": null,
    "details": {
        "ALL_IMPLEMENTED_INTERFACES": [
            "<dd>\n <code><a href=\"../GenericEvent.html\" title=\"interface in net.dv8tion.jda.api.events\">GenericEvent</a></code>, <code><a href=\"../UpdateEvent.html\" title=\"interface in net.dv8tion.jda.api.events\">UpdateEvent</a>&lt;<a href=\"../../entities/SelfUser.html\" title=\"interface in net.dv8tion.jda.api.entities\">SelfUser</a>,<wbr><a href=\"https://docs.oracle.com/javase/8/docs/api/java/lang/Boolean.html\" title=\"class or interface in java.lang\" class=\"external-link\">Boolean</a>&gt;</code>\n</dd>"
        ]
    },
    "seeAlso": null,
    "methods": {
        "getJDA()": {
            "elementId": "getJDA()",
            "methodAnnotations": "@Nonnull",
            "methodName": "getJDA",
            "methodSignature": "@Nonnull JDA getJDA()",
            "parameters": [],
            "methodReturnType": "JDA",
            "isStatic": false,
            "descriptionElements": [
                "<div class=\"block\">\n The current JDA instance corresponding to this Event\n</div>"
            ],
            "deprecationElement": null,
            "details": {
                "RETURNS": [
                    "<dd>\n The corresponding JDA instance\n</dd>"
                ]
            },
            "seeAlso": null
        },
        "getEntityType()": {
            "elementId": "getEntityType()",
            "methodAnnotations": "@Nonnull",
            "methodName": "getEntityType",
            "methodSignature": "@Nonnull default Class<E> getEntityType()",
            "parameters": [],
            "methodReturnType": "Class<E>",
            "isStatic": false,
            "descriptionElements": [
                "<div class=\"block\">\n Class representation of the affected entity, useful when dealing with refection.\n</div>"
            ],
            "deprecationElement": null,
            "details": {
                "RETURNS": [
                    "<dd>\n The class of the affected entity\n</dd>"
                ]
            },
            "seeAlso": null
        },
        "getOldValue()": {
            "elementId": "getOldValue()",
            "methodAnnotations": "@Nonnull",
            "methodName": "getOldValue",
            "methodSignature": "@Nonnull public Boolean getOldValue()",
            "parameters": [],
            "methodReturnType": "Boolean",
            "isStatic": false,
            "descriptionElements": [
                "<div class=\"block\">\n <span class=\"descfrm-type-label\">Description copied from interface:&nbsp;<code><a href=\"../UpdateEvent.html#getOldValue()\">UpdateEvent</a></code></span>\n</div>",
                "<div class=\"block\">\n The old value\n</div>"
            ],
            "deprecationElement": null,
            "details": {
                "RETURNS": [
                    "<dd>\n The old value\n</dd>"
                ],
                "SPECIFIED_BY": [
                    "<dd>\n <code><a href=\"../UpdateEvent.html#getOldValue()\">getOldValue</a></code>&nbsp;in interface&nbsp;<code><a href=\"../UpdateEvent.html\" title=\"interface in net.dv8tion.jda.api.events\">UpdateEvent</a>&lt;<a href=\"../../entities/SelfUser.html\" title=\"interface in net.dv8tion.jda.api.entities\">SelfUser</a>,<wbr><a href=\"https://docs.oracle.com/javase/8/docs/api/java/lang/Boolean.html\" title=\"class or interface in java.lang\" class=\"external-link\">Boolean</a>&gt;</code>\n</dd>"
                ],
                "OVERRIDES": [
                    "<dd>\n <code><a href=\"GenericSelfUpdateEvent.html#getOldValue()\">getOldValue</a></code>&nbsp;in class&nbsp;<code><a href=\"GenericSelfUpdateEvent.html\" title=\"class in net.dv8tion.jda.api.events.self\">GenericSelfUpdateEvent</a>&lt;<a href=\"https://docs.oracle.com/javase/8/docs/api/java/lang/Boolean.html\" title=\"class or interface in java.lang\" class=\"external-link\">Boolean</a>&gt;</code>\n</dd>"
                ]
            },
            "seeAlso": null
        },
        "getPropertyIdentifier()": {
            "elementId": "getPropertyIdentifier()",
            "methodAnnotations": "@Nonnull",
            "methodName": "getPropertyIdentifier",
            "methodSignature": "@Nonnull public String getPropertyIdentifier()",
            "parameters": [],
            "methodReturnType": "String",
            "isStatic": false,
            "descriptionElements": [
                "<div class=\"block\">\n <span class=\"descfrm-type-label\">Description copied from interface:&nbsp;<code><a href=\"../UpdateEvent.html#getPropertyIdentifier()\">UpdateEvent</a></code></span>\n</div>",
                "<div class=\"block\">\n The field name for the updated property \n <p><b>Example</b><br></p>\n <pre><code>\n @Override\n public void onGenericRoleUpdate(GenericRoleUpdateEvent event)\n {\n     switch (event.getPropertyIdentifier())\n     {\n     case RoleUpdateColorEvent.IDENTIFIER:\n         System.out.printf(\"Updated color for role: %s%n\", event);\n         break;\n     case RoleUpdatePositionEvent.IDENTIFIER:\n         RoleUpdatePositionEvent update = (RoleUpdatePositionEvent) event;\n         System.out.printf(\"Updated position for role: %s raw(%s-&gt;%s)%n\", event, update.getOldPositionRaw(), update.getNewPositionRaw());\n         break;\n     default: return;\n     }\n }\n </code></pre>\n</div>"
            ],
            "deprecationElement": null,
            "details": {
                "RETURNS": [
                    "<dd>\n The name of the updated property\n</dd>"
                ],
                "SPECIFIED_BY": [
                    "<dd>\n <code><a href=\"../UpdateEvent.html#getPropertyIdentifier()\">getPropertyIdentifier</a></code>&nbsp;in interface&nbsp;<code><a href=\"../UpdateEvent.html\" title=\"interface in net.dv8tion.jda.api.events\">UpdateEvent</a>&lt;<a href=\"../../entities/SelfUser.html\" title=\"interface in net.dv8tion.jda.api.entities\">SelfUser</a>,<wbr><a href=\"GenericSelfUpdateEvent.html\" title=\"type parameter in GenericSelfUpdateEvent\">T</a>&gt;</code>\n</dd>"
                ]
            },
            "seeAlso": null
        },
        "getEntity()": {
            "elementId": "getEntity()",
            "methodAnnotations": "@Nonnull",
            "methodName": "getEntity",
            "methodSignature": "@Nonnull public SelfUser getEntity()",
            "parameters": [],
            "methodReturnType": "SelfUser",
            "isStatic": false,
            "descriptionElements": [
                "<div class=\"block\">\n <span class=\"descfrm-type-label\">Description copied from interface:&nbsp;<code><a href=\"../UpdateEvent.html#getEntity()\">UpdateEvent</a></code></span>\n</div>",
                "<div class=\"block\">\n The affected entity\n</div>"
            ],
            "deprecationElement": null,
            "details": {
                "RETURNS": [
                    "<dd>\n The affected entity\n</dd>"
                ],
                "SPECIFIED_BY": [
                    "<dd>\n <code><a href=\"../UpdateEvent.html#getEntity()\">getEntity</a></code>&nbsp;in interface&nbsp;<code><a href=\"../UpdateEvent.html\" title=\"interface in net.dv8tion.jda.api.events\">UpdateEvent</a>&lt;<a href=\"../../entities/SelfUser.html\" title=\"interface in net.dv8tion.jda.api.entities\">SelfUser</a>,<wbr><a href=\"GenericSelfUpdateEvent.html\" title=\"type parameter in GenericSelfUpdateEvent\">T</a>&gt;</code>\n</dd>"
                ]
            },
            "seeAlso": null
        },
        "getResponseNumber()": {
            "elementId": "getResponseNumber()",
            "methodAnnotations": null,
            "methodName": "getResponseNumber",
            "methodSignature": "long getResponseNumber()",
            "parameters": [],
            "methodReturnType": "long",
            "isStatic": false,
            "descriptionElements": [
                "<div class=\"block\">\n The current sequence for this event. \n <br>\n This can be used to keep events in order when making sequencing system.\n</div>"
            ],
            "deprecationElement": null,
            "details": {
                "RETURNS": [
                    "<dd>\n The current sequence number for this event\n</dd>"
                ]
            },
            "seeAlso": null
        },
        "getSelfUser()": {
            "elementId": "getSelfUser()",
            "methodAnnotations": "@Nonnull",
            "methodName": "getSelfUser",
            "methodSignature": "@Nonnull public SelfUser getSelfUser()",
            "parameters": [],
            "methodReturnType": "SelfUser",
            "isStatic": false,
            "descriptionElements": [
                "<div class=\"block\">\n The <a href=\"../../entities/SelfUser.html\" title=\"interface in net.dv8tion.jda.api.entities\"><code>SelfUser</code></a>\n</div>"
            ],
            "deprecationElement": null,
            "details": {
                "RETURNS": [
                    "<dd>\n The <a href=\"../../entities/SelfUser.html\" title=\"interface in net.dv8tion.jda.api.entities\"><code>SelfUser</code></a>\n</dd>"
                ]
            },
            "seeAlso": null
        },
        "toString()": {
            "elementId": "toString()",
            "methodAnnotations": null,
            "methodName": "toString",
            "methodSignature": "public String toString()",
            "parameters": [],
            "methodReturnType": "String",
            "isStatic": false,
            "descriptionElements": [],
            "deprecationElement": null,
            "details": {
                "OVERRIDES": [
                    "<dd>\n <code><a href=\"https://docs.oracle.com/javase/8/docs/api/java/lang/Object.html#toString--\" title=\"class or interface in java.lang\" class=\"external-link\">toString</a></code>&nbsp;in class&nbsp;<code><a href=\"https://docs.oracle.com/javase/8/docs/api/java/lang/Object.html\" title=\"class or interface in java.lang\" class=\"external-link\">Object</a></code>\n</dd>"
                ]
            },
            "seeAlso": null
        },
        "getRawData()": {
            "elementId": "getRawData()",
            "methodAnnotations": "@Nullable",
            "methodName": "getRawData",
            "methodSignature": "@Nullable DataObject getRawData()",
            "parameters": [],
            "methodReturnType": "DataObject",
            "isStatic": false,
            "descriptionElements": [
                "<div class=\"block\">\n The passthrough data that this event was serialized from. This data might be null in rare situations, for example, if the event came from a rest action. \n <br>\n This provides the full gateway message payload, including sequence, event name and dispatch type. For details, read the official <a href=\"https://discord.dev/topics/gateway\" target=\"_blank\">Discord Documentation</a>.\n</div>"
            ],
            "deprecationElement": null,
            "details": {
                "RETURNS": [
                    "<dd>\n The corresponding <a href=\"../utils/data/DataObject.html\" title=\"class in net.dv8tion.jda.api.utils.data\"><code>DataObject</code></a>\n</dd>"
                ],
                "THROWS": [
                    "<dd>\n <code><a href=\"https://docs.oracle.com/javase/8/docs/api/java/lang/IllegalStateException.html\" title=\"class or interface in java.lang\" class=\"external-link\">IllegalStateException</a></code> - If event passthrough was not enabled, see <a href=\"../JDABuilder.html#setEventPassthrough(boolean)\"><code>JDABuilder#setEventPassthrough(boolean)</code></a>\n</dd>"
                ]
            },
            "seeAlso": null
        },
        "<init>(net.dv8tion.jda.api.JDA,long,boolean)": {
            "elementId": "<init>(net.dv8tion.jda.api.JDA,long,boolean)",
            "methodAnnotations": null,
            "methodName": "SelfUpdateVerifiedEvent",
            "methodSignature": "public SelfUpdateVerifiedEvent(@Nonnull JDA api, long responseNumber, boolean wasVerified)",
            "parameters": [
                {
                    "annotations": [
                        "Nonnull"
                    ],
                    "type": "net.dv8tion.jda.api.JDA",
                    "simpleType": "JDA",
                    "name": "api"
                },
                {
                    "annotations": [],
                    "type": "long",
                    "simpleType": "long",
                    "name": "responseNumber"
                },
                {
                    "annotations": [],
                    "type": "boolean",
                    "simpleType": "boolean",
                    "name": "wasVerified"
                }
            ],
            "methodReturnType": "SelfUpdateVerifiedEvent",
            "isStatic": false,
            "descriptionElements": [],
            "deprecationElement": null,
            "details": {},
            "seeAlso": null
        },
        "getNewValue()": {
            "elementId": "getNewValue()",
            "methodAnnotations": "@Nonnull",
            "methodName": "getNewValue",
            "methodSignature": "@Nonnull public Boolean getNewValue()",
            "parameters": [],
            "methodReturnType": "Boolean",
            "isStatic": false,
            "descriptionElements": [
                "<div class=\"block\">\n <span class=\"descfrm-type-label\">Description copied from interface:&nbsp;<code><a href=\"../UpdateEvent.html#getNewValue()\">UpdateEvent</a></code></span>\n</div>",
                "<div class=\"block\">\n The new value\n</div>"
            ],
            "deprecationElement": null,
            "details": {
                "RETURNS": [
                    "<dd>\n The new value\n</dd>"
                ],
                "SPECIFIED_BY": [
                    "<dd>\n <code><a href=\"../UpdateEvent.html#getNewValue()\">getNewValue</a></code>&nbsp;in interface&nbsp;<code><a href=\"../UpdateEvent.html\" title=\"interface in net.dv8tion.jda.api.events\">UpdateEvent</a>&lt;<a href=\"../../entities/SelfUser.html\" title=\"interface in net.dv8tion.jda.api.entities\">SelfUser</a>,<wbr><a href=\"https://docs.oracle.com/javase/8/docs/api/java/lang/Boolean.html\" title=\"class or interface in java.lang\" class=\"external-link\">Boolean</a>&gt;</code>\n</dd>"
                ],
                "OVERRIDES": [
                    "<dd>\n <code><a href=\"GenericSelfUpdateEvent.html#getNewValue()\">getNewValue</a></code>&nbsp;in class&nbsp;<code><a href=\"GenericSelfUpdateEvent.html\" title=\"class in net.dv8tion.jda.api.events.self\">GenericSelfUpdateEvent</a>&lt;<a href=\"https://docs.oracle.com/javase/8/docs/api/java/lang/Boolean.html\" title=\"class or interface in java.lang\" class=\"external-link\">Boolean</a>&gt;</code>\n</dd>"
                ]
            },
            "seeAlso": null
        },
        "wasVerified()": {
            "elementId": "wasVerified()",
            "methodAnnotations": null,
            "methodName": "wasVerified",
            "methodSignature": "public boolean wasVerified()",
            "parameters": [],
            "methodReturnType": "boolean",
            "isStatic": false,
            "descriptionElements": [
                "<div class=\"block\">\n Whether the account was verified\n</div>"
            ],
            "deprecationElement": null,
            "details": {
                "RETURNS": [
                    "<dd>\n True, if this account was previously verified\n</dd>"
                ]
            },
            "seeAlso": null
        }
    },
    "fields": {
        "IDENTIFIER": {
            "elementId": "IDENTIFIER",
            "fieldName": "IDENTIFIER",
            "fieldType": "String",
            "fieldValue": "\"verified\"",
            "descriptionElements": [],
            "deprecationElement": null,
            "modifiers": "public static final"
        }
    }
}