{
    "classNameFqcn": "net.dv8tion.jda.api.events.guild.scheduledevent.ScheduledEventUserAddEvent",
    "descriptionElements": [
        "<div class=\"block\">\n Indicates that a <a href=\"../../../entities/User.html\" title=\"interface in net.dv8tion.jda.api.entities\"><code>User</code></a> has subscribed to a <a href=\"../../../entities/ScheduledEvent.html\" title=\"interface in net.dv8tion.jda.api.entities\"><code>ScheduledEvent</code></a>.\n <p>Can be used to detect when someone has subscribed to an event and also retrieve their <a href=\"../../../entities/User.html\" title=\"interface in net.dv8tion.jda.api.entities\"><code>User</code></a> object as well as the <a href=\"../../../entities/ScheduledEvent.html\" title=\"interface in net.dv8tion.jda.api.entities\"><code>ScheduledEvent</code></a>.</p>\n <p><b>Requirements</b>\n  <br></p>\n <p>This event requires the <a href=\"../../../requests/GatewayIntent.html#SCHEDULED_EVENTS\"><code>SCHEDULED_EVENTS</code></a> intent and <a href=\"../../../utils/cache/CacheFlag.html#SCHEDULED_EVENTS\"><code>CacheFlag.SCHEDULED_EVENTS</code></a> to be enabled.\n  <br>\n  <a href=\"../../../JDABuilder.html#createDefault(java.lang.String)\"><code>createDefault(String)</code></a> and <a href=\"../../../JDABuilder.html#createLight(java.lang.String)\"><code>createLight(String)</code></a> disable this by default!</p>\n</div>"
    ],
    "deprecationElement": null,
    "details": {
        "ALL_IMPLEMENTED_INTERFACES": [
            "<dd>\n <code><a href=\"../../GenericEvent.html\" title=\"interface in net.dv8tion.jda.api.events\">GenericEvent</a></code>\n</dd>"
        ]
    },
    "seeAlso": null,
    "methods": {
        "getUser()": {
            "elementId": "getUser()",
            "methodAnnotations": "@Nullable",
            "methodName": "getUser",
            "methodSignature": "@Nullable public User getUser()",
            "parameters": [],
            "methodReturnType": "User",
            "isStatic": false,
            "descriptionElements": [
                "<div class=\"block\">\n The <a href=\"../../../entities/User.html\" title=\"interface in net.dv8tion.jda.api.entities\"><code>User</code></a> who subscribed or unsubscribed to the <a href=\"../../../entities/ScheduledEvent.html\" title=\"interface in net.dv8tion.jda.api.entities\"><code>ScheduledEvent</code></a>.\n <br>\n This might be missing if the user was not cached. Use <a href=\"#retrieveUser()\"><code>retrieveUser()</code></a> to load the user.\n</div>"
            ],
            "deprecationElement": null,
            "details": {
                "RETURNS": [
                    "<dd>The added user or null if this information is missing</dd>"
                ]
            },
            "seeAlso": null
        },
        "getJDA()": {
            "elementId": "getJDA()",
            "methodAnnotations": "@Nonnull",
            "methodName": "getJDA",
            "methodSignature": "@Nonnull public JDA getJDA()",
            "parameters": [],
            "methodReturnType": "JDA",
            "isStatic": false,
            "descriptionElements": [
                "<div class=\"block\">\n <span class=\"description-from-type-label\">Description copied from interface:&nbsp;<code><a href=\"GenericEvent.html#getJDA()\">GenericEvent</a></code></span>\n</div>",
                "<div class=\"block\">The current JDA instance corresponding to this Event</div>"
            ],
            "deprecationElement": null,
            "details": {
                "RETURNS": [
                    "<dd>The corresponding JDA instance</dd>"
                ],
                "SPECIFIED_BY": [
                    "<dd>\n <code><a href=\"GenericEvent.html#getJDA()\">getJDA</a></code>&nbsp;in interface&nbsp;<code><a href=\"GenericEvent.html\" title=\"interface in net.dv8tion.jda.api.events\">GenericEvent</a></code>\n</dd>"
                ]
            },
            "seeAlso": null
        },
        "retrieveMember()": {
            "elementId": "retrieveMember()",
            "methodAnnotations": "@Nonnull @CheckReturnValue",
            "methodName": "retrieveMember",
            "methodSignature": "@Nonnull @CheckReturnValue public CacheRestAction<Member> retrieveMember()",
            "parameters": [],
            "methodReturnType": "CacheRestAction<Member>",
            "isStatic": false,
            "descriptionElements": [
                "<div class=\"block\">\n Retrieves the <a href=\"../../../entities/Member.html\" title=\"interface in net.dv8tion.jda.api.entities\"><code>Member</code></a> that subscribed or unsubscribed to the <a href=\"../../../entities/ScheduledEvent.html\" title=\"interface in net.dv8tion.jda.api.entities\"><code>ScheduledEvent</code></a>.\n <br>\n If a member is known, this will return <a href=\"#getMember()\"><code>getMember()</code></a>.\n</div>"
            ],
            "deprecationElement": null,
            "details": {
                "RETURNS": [
                    "<dd>\n <a href=\"../../../requests/RestAction.html\" title=\"interface in net.dv8tion.jda.api.requests\"><code>RestAction</code></a> - Type: <a href=\"../../../entities/Member.html\" title=\"interface in net.dv8tion.jda.api.entities\"><code>Member</code></a>\n</dd>"
                ]
            },
            "seeAlso": null
        },
        "getResponseNumber()": {
            "elementId": "getResponseNumber()",
            "methodAnnotations": null,
            "methodName": "getResponseNumber",
            "methodSignature": "public long getResponseNumber()",
            "parameters": [],
            "methodReturnType": "long",
            "isStatic": false,
            "descriptionElements": [
                "<div class=\"block\">\n <span class=\"description-from-type-label\">Description copied from interface:&nbsp;<code><a href=\"GenericEvent.html#getResponseNumber()\">GenericEvent</a></code></span>\n</div>",
                "<div class=\"block\">\n The current sequence for this event.\n <br>\n This can be used to keep events in order when making sequencing system.\n</div>"
            ],
            "deprecationElement": null,
            "details": {
                "RETURNS": [
                    "<dd>The current sequence number for this event</dd>"
                ],
                "SPECIFIED_BY": [
                    "<dd>\n <code><a href=\"GenericEvent.html#getResponseNumber()\">getResponseNumber</a></code>&nbsp;in interface&nbsp;<code><a href=\"GenericEvent.html\" title=\"interface in net.dv8tion.jda.api.events\">GenericEvent</a></code>\n</dd>"
                ]
            },
            "seeAlso": null
        },
        "toString()": {
            "elementId": "toString()",
            "methodAnnotations": null,
            "methodName": "toString",
            "methodSignature": "public String toString()",
            "parameters": [],
            "methodReturnType": "String",
            "isStatic": false,
            "descriptionElements": [],
            "deprecationElement": null,
            "details": {
                "OVERRIDES": [
                    "<dd>\n <code><a href=\"https://docs.oracle.com/javase/8/docs/api/java/lang/Object.html#toString--\" title=\"class or interface in java.lang\" class=\"external-link\">toString</a></code>&nbsp;in class&nbsp;<code><a href=\"https://docs.oracle.com/javase/8/docs/api/java/lang/Object.html\" title=\"class or interface in java.lang\" class=\"external-link\">Object</a></code>\n</dd>"
                ]
            },
            "seeAlso": null
        },
        "getScheduledEvent()": {
            "elementId": "getScheduledEvent()",
            "methodAnnotations": "@Nonnull",
            "methodName": "getScheduledEvent",
            "methodSignature": "@Nonnull public ScheduledEvent getScheduledEvent()",
            "parameters": [],
            "methodReturnType": "ScheduledEvent",
            "isStatic": false,
            "descriptionElements": [
                "<div class=\"block\">\n The <a href=\"../../../entities/ScheduledEvent.html\" title=\"interface in net.dv8tion.jda.api.entities\"><code>ScheduledEvent</code></a>\n</div>"
            ],
            "deprecationElement": null,
            "details": {
                "RETURNS": [
                    "<dd>The Scheduled Event</dd>"
                ]
            },
            "seeAlso": null
        },
        "getRawData()": {
            "elementId": "getRawData()",
            "methodAnnotations": "@Nullable",
            "methodName": "getRawData",
            "methodSignature": "@Nullable public DataObject getRawData()",
            "parameters": [],
            "methodReturnType": "DataObject",
            "isStatic": false,
            "descriptionElements": [
                "<div class=\"block\">\n <span class=\"description-from-type-label\">Description copied from interface:&nbsp;<code><a href=\"GenericEvent.html#getRawData()\">GenericEvent</a></code></span>\n</div>",
                "<div class=\"block\">\n The passthrough data that this event was serialized from. This data might be null in rare situations, for example, if the event came from a rest action.\n <br>\n This provides the full gateway message payload, including sequence, event name and dispatch type. For details, read the official <a href=\"https://discord.dev/topics/gateway\" target=\"_blank\">Discord Documentation</a>.\n</div>"
            ],
            "deprecationElement": null,
            "details": {
                "RETURNS": [
                    "<dd>\n The corresponding <a href=\"../utils/data/DataObject.html\" title=\"class in net.dv8tion.jda.api.utils.data\"><code>DataObject</code></a>\n</dd>"
                ],
                "SPECIFIED_BY": [
                    "<dd>\n <code><a href=\"GenericEvent.html#getRawData()\">getRawData</a></code>&nbsp;in interface&nbsp;<code><a href=\"GenericEvent.html\" title=\"interface in net.dv8tion.jda.api.events\">GenericEvent</a></code>\n</dd>"
                ]
            },
            "seeAlso": null
        },
        "getUserIdLong()": {
            "elementId": "getUserIdLong()",
            "methodAnnotations": null,
            "methodName": "getUserIdLong",
            "methodSignature": "public long getUserIdLong()",
            "parameters": [],
            "methodReturnType": "long",
            "isStatic": false,
            "descriptionElements": [
                "<div class=\"block\">\n The id of the user that subscribed or unsubscribed to the <a href=\"../../../entities/ScheduledEvent.html\" title=\"interface in net.dv8tion.jda.api.entities\"><code>ScheduledEvent</code></a>.\n</div>"
            ],
            "deprecationElement": null,
            "details": {
                "RETURNS": [
                    "<dd>The long user id</dd>"
                ]
            },
            "seeAlso": null
        },
        "getGuild()": {
            "elementId": "getGuild()",
            "methodAnnotations": "@Nonnull",
            "methodName": "getGuild",
            "methodSignature": "@Nonnull public Guild getGuild()",
            "parameters": [],
            "methodReturnType": "Guild",
            "isStatic": false,
            "descriptionElements": [
                "<div class=\"block\">\n The <a href=\"../../entities/Guild.html\" title=\"interface in net.dv8tion.jda.api.entities\"><code>Guild</code></a>\n</div>"
            ],
            "deprecationElement": null,
            "details": {
                "RETURNS": [
                    "<dd>The Guild</dd>"
                ]
            },
            "seeAlso": null
        },
        "getUserId()": {
            "elementId": "getUserId()",
            "methodAnnotations": "@Nonnull",
            "methodName": "getUserId",
            "methodSignature": "@Nonnull public String getUserId()",
            "parameters": [],
            "methodReturnType": "String",
            "isStatic": false,
            "descriptionElements": [
                "<div class=\"block\">\n The id of the user that subscribed or unsubscribed to the <a href=\"../../../entities/ScheduledEvent.html\" title=\"interface in net.dv8tion.jda.api.entities\"><code>ScheduledEvent</code></a>.\n</div>"
            ],
            "deprecationElement": null,
            "details": {
                "RETURNS": [
                    "<dd>The string user id</dd>"
                ]
            },
            "seeAlso": null
        },
        "retrieveUser()": {
            "elementId": "retrieveUser()",
            "methodAnnotations": "@Nonnull @CheckReturnValue",
            "methodName": "retrieveUser",
            "methodSignature": "@Nonnull @CheckReturnValue public CacheRestAction<User> retrieveUser()",
            "parameters": [],
            "methodReturnType": "CacheRestAction<User>",
            "isStatic": false,
            "descriptionElements": [
                "<div class=\"block\">\n Retrieves the <a href=\"../../../entities/User.html\" title=\"interface in net.dv8tion.jda.api.entities\"><code>User</code></a> that subscribed or unsubscribed to the <a href=\"../../../entities/ScheduledEvent.html\" title=\"interface in net.dv8tion.jda.api.entities\"><code>ScheduledEvent</code></a>.\n <br>\n If a user is known, this will return <a href=\"#getUser()\"><code>getUser()</code></a>.\n</div>"
            ],
            "deprecationElement": null,
            "details": {
                "RETURNS": [
                    "<dd>\n <a href=\"../../../requests/RestAction.html\" title=\"interface in net.dv8tion.jda.api.requests\"><code>RestAction</code></a> - Type: <a href=\"../../../entities/User.html\" title=\"interface in net.dv8tion.jda.api.entities\"><code>User</code></a>\n</dd>"
                ]
            },
            "seeAlso": null
        },
        "getMember()": {
            "elementId": "getMember()",
            "methodAnnotations": "@Nullable",
            "methodName": "getMember",
            "methodSignature": "@Nullable public Member getMember()",
            "parameters": [],
            "methodReturnType": "Member",
            "isStatic": false,
            "descriptionElements": [
                "<div class=\"block\">\n The <a href=\"../../../entities/Member.html\" title=\"interface in net.dv8tion.jda.api.entities\"><code>Member</code></a> instance for the user or <code>null</code> if the user is not in this guild.\n <br>\n This will also be <code>null</code> if the member is not available in the cache. Use <a href=\"#retrieveMember()\"><code>retrieveMember()</code></a> to load the member.\n</div>"
            ],
            "deprecationElement": null,
            "details": {
                "RETURNS": [
                    "<dd>Member of the added user or null if they are no longer member of this guild</dd>"
                ]
            },
            "seeAlso": null
        },
        "<init>(net.dv8tion.jda.api.JDA,long,net.dv8tion.jda.api.entities.ScheduledEvent,long)": {
            "elementId": "<init>(net.dv8tion.jda.api.JDA,long,net.dv8tion.jda.api.entities.ScheduledEvent,long)",
            "methodAnnotations": null,
            "methodName": "ScheduledEventUserAddEvent",
            "methodSignature": "public ScheduledEventUserAddEvent(@Nonnull JDA api, long responseNumber, @Nonnull ScheduledEvent scheduledEvent, long userId)",
            "parameters": [
                {
                    "annotations": [
                        "Nonnull"
                    ],
                    "type": "net.dv8tion.jda.api.JDA",
                    "simpleType": "JDA",
                    "name": "api"
                },
                {
                    "annotations": [],
                    "type": "long",
                    "simpleType": "long",
                    "name": "responseNumber"
                },
                {
                    "annotations": [
                        "Nonnull"
                    ],
                    "type": "net.dv8tion.jda.api.entities.ScheduledEvent",
                    "simpleType": "ScheduledEvent",
                    "name": "scheduledEvent"
                },
                {
                    "annotations": [],
                    "type": "long",
                    "simpleType": "long",
                    "name": "userId"
                }
            ],
            "methodReturnType": "ScheduledEventUserAddEvent",
            "isStatic": false,
            "descriptionElements": [],
            "deprecationElement": null,
            "details": {},
            "seeAlso": null
        }
    },
    "fields": {}
}