{
    "classNameFqcn": "net.dv8tion.jda.api.events.message.react.MessageReactionAddEvent",
    "descriptionElements": [
        "<div class=\"block\">\n Indicates that a user added a reaction to a message\n <br>\n This includes unicode and custom emoji\n <p>Can be used to track when a user adds a reaction to a message</p>\n <p><b>Requirements</b>\n  <br></p>\n <p>This event requires at least one of the following intents (Will not fire at all if neither is enabled):</p>\n <ul>\n  <li><a href=\"../../../requests/GatewayIntent.html#GUILD_MESSAGE_REACTIONS\"><code>GUILD_MESSAGE_REACTIONS</code></a> to work in guild text channels</li>\n  <li><a href=\"../../../requests/GatewayIntent.html#DIRECT_MESSAGE_REACTIONS\"><code>DIRECT_MESSAGE_REACTIONS</code></a> to work in private channels</li>\n </ul>\n</div>"
    ],
    "deprecationElement": null,
    "details": {
        "ALL_IMPLEMENTED_INTERFACES": [
            "<dd>\n <code><a href=\"../../GenericEvent.html\" title=\"interface in net.dv8tion.jda.api.events\">GenericEvent</a></code>\n</dd>"
        ]
    },
    "seeAlso": null,
    "methods": {
        "getUser()": {
            "elementId": "getUser()",
            "methodAnnotations": "@Nullable",
            "methodName": "getUser",
            "methodSignature": "@Nullable public User getUser()",
            "parameters": [],
            "methodReturnType": "User",
            "isStatic": false,
            "descriptionElements": [
                "<div class=\"block\">\n The reacting <a href=\"../../../entities/User.html\" title=\"interface in net.dv8tion.jda.api.entities\"><code>User</code></a>\n <br>\n This might be missing if the user was not cached. Use <a href=\"#retrieveUser()\"><code>retrieveUser()</code></a> to load the user.\n</div>"
            ],
            "deprecationElement": null,
            "details": {
                "RETURNS": [
                    "<dd>The reacting user or null if this information is missing</dd>"
                ]
            },
            "seeAlso": null
        },
        "isFromType(net.dv8tion.jda.api.entities.channel.ChannelType)": {
            "elementId": "isFromType(net.dv8tion.jda.api.entities.channel.ChannelType)",
            "methodAnnotations": null,
            "methodName": "isFromType",
            "methodSignature": "public boolean isFromType(@Nonnull ChannelType type)",
            "parameters": [
                {
                    "annotations": [
                        "Nonnull"
                    ],
                    "type": "net.dv8tion.jda.api.entities.channel.ChannelType",
                    "simpleType": "ChannelType",
                    "name": "type"
                }
            ],
            "methodReturnType": "boolean",
            "isStatic": false,
            "descriptionElements": [
                "<div class=\"block\">\n Indicates whether the message is from the specified <a href=\"../../entities/channel/ChannelType.html\" title=\"enum in net.dv8tion.jda.api.entities.channel\"><code>ChannelType</code></a>\n</div>"
            ],
            "deprecationElement": null,
            "details": {
                "PARAMETERS": [
                    "<dd>\n <code>type</code> - The ChannelType\n</dd>"
                ],
                "RETURNS": [
                    "<dd>True, if the message is from the specified channel type</dd>"
                ]
            },
            "seeAlso": null
        },
        "getChannel()": {
            "elementId": "getChannel()",
            "methodAnnotations": "@Nonnull",
            "methodName": "getChannel",
            "methodSignature": "@Nonnull public MessageChannelUnion getChannel()",
            "parameters": [],
            "methodReturnType": "MessageChannelUnion",
            "isStatic": false,
            "descriptionElements": [
                "<div class=\"block\">\n The <a href=\"../../entities/channel/middleman/MessageChannel.html\" title=\"interface in net.dv8tion.jda.api.entities.channel.middleman\"><code>MessageChannel</code></a> for this Message\n</div>"
            ],
            "deprecationElement": null,
            "details": {
                "RETURNS": [
                    "<dd>The MessageChannel</dd>"
                ]
            },
            "seeAlso": null
        },
        "retrieveMember()": {
            "elementId": "retrieveMember()",
            "methodAnnotations": "@Nonnull @CheckReturnValue",
            "methodName": "retrieveMember",
            "methodSignature": "@Nonnull @CheckReturnValue public RestAction<Member> retrieveMember()",
            "parameters": [],
            "methodReturnType": "RestAction<Member>",
            "isStatic": false,
            "descriptionElements": [
                "<div class=\"block\">\n Retrieves the <a href=\"../../../entities/Member.html\" title=\"interface in net.dv8tion.jda.api.entities\"><code>Member</code></a> who owns the reaction.\n <br>\n If a member is known, this will return <a href=\"#getMember()\"><code>getMember()</code></a>.\n <p>Note that banning a member will also fire <a href=\"MessageReactionRemoveEvent.html\" title=\"class in net.dv8tion.jda.api.events.message.react\"><code>MessageReactionRemoveEvent</code></a> and no member will be available in those cases. An <a href=\"../../../requests/ErrorResponse.html#UNKNOWN_MEMBER\"><code>UNKNOWN_MEMBER</code></a> error response should be the failure result.</p>\n</div>"
            ],
            "deprecationElement": null,
            "details": {
                "RETURNS": [
                    "<dd>\n <a href=\"../../../requests/RestAction.html\" title=\"interface in net.dv8tion.jda.api.requests\"><code>RestAction</code></a> - Type: <a href=\"../../../entities/Member.html\" title=\"interface in net.dv8tion.jda.api.entities\"><code>Member</code></a>\n</dd>"
                ],
                "SINCE": [
                    "<dd>4.2.1</dd>"
                ],
                "THROWS": [
                    "<dd>\n <code><a href=\"https://docs.oracle.com/javase/8/docs/api/java/lang/IllegalStateException.html\" title=\"class or interface in java.lang\" class=\"external-link\">IllegalStateException</a></code> - If this event is not from a guild\n</dd>"
                ]
            },
            "seeAlso": null
        },
        "getMessageAuthorId()": {
            "elementId": "getMessageAuthorId()",
            "methodAnnotations": "@Nonnull",
            "methodName": "getMessageAuthorId",
            "methodSignature": "@Nonnull public String getMessageAuthorId()",
            "parameters": [],
            "methodReturnType": "String",
            "isStatic": false,
            "descriptionElements": [
                "<div class=\"block\">\n The user id of the original message author.\n <br>\n This might be 0 for webhook messages.\n</div>"
            ],
            "deprecationElement": null,
            "details": {
                "RETURNS": [
                    "<dd>The user id of the original message author.</dd>"
                ]
            },
            "seeAlso": null
        },
        "getMessageId()": {
            "elementId": "getMessageId()",
            "methodAnnotations": "@Nonnull",
            "methodName": "getMessageId",
            "methodSignature": "@Nonnull public String getMessageId()",
            "parameters": [],
            "methodReturnType": "String",
            "isStatic": false,
            "descriptionElements": [
                "<div class=\"block\">The id for this message</div>"
            ],
            "deprecationElement": null,
            "details": {
                "RETURNS": [
                    "<dd>The id for this message</dd>"
                ]
            },
            "seeAlso": null
        },
        "<init>(net.dv8tion.jda.api.JDA,long,net.dv8tion.jda.api.entities.User,net.dv8tion.jda.api.entities.Member,net.dv8tion.jda.api.entities.MessageReaction,long,long)": {
            "elementId": "<init>(net.dv8tion.jda.api.JDA,long,net.dv8tion.jda.api.entities.User,net.dv8tion.jda.api.entities.Member,net.dv8tion.jda.api.entities.MessageReaction,long,long)",
            "methodAnnotations": null,
            "methodName": "MessageReactionAddEvent",
            "methodSignature": "public MessageReactionAddEvent(@Nonnull JDA api, long responseNumber, @Nullable User user, @Nullable Member member, @Nonnull MessageReaction reaction, long userId, long messageAuthorId)",
            "parameters": [
                {
                    "annotations": [
                        "Nonnull"
                    ],
                    "type": "net.dv8tion.jda.api.JDA",
                    "simpleType": "JDA",
                    "name": "api"
                },
                {
                    "annotations": [],
                    "type": "long",
                    "simpleType": "long",
                    "name": "responseNumber"
                },
                {
                    "annotations": [
                        "Nullable"
                    ],
                    "type": "net.dv8tion.jda.api.entities.User",
                    "simpleType": "User",
                    "name": "user"
                },
                {
                    "annotations": [
                        "Nullable"
                    ],
                    "type": "net.dv8tion.jda.api.entities.Member",
                    "simpleType": "Member",
                    "name": "member"
                },
                {
                    "annotations": [
                        "Nonnull"
                    ],
                    "type": "net.dv8tion.jda.api.entities.MessageReaction",
                    "simpleType": "MessageReaction",
                    "name": "reaction"
                },
                {
                    "annotations": [],
                    "type": "long",
                    "simpleType": "long",
                    "name": "userId"
                },
                {
                    "annotations": [],
                    "type": "long",
                    "simpleType": "long",
                    "name": "messageAuthorId"
                }
            ],
            "methodReturnType": "MessageReactionAddEvent",
            "isStatic": false,
            "descriptionElements": [],
            "deprecationElement": null,
            "details": {},
            "seeAlso": null
        },
        "getUserId()": {
            "elementId": "getUserId()",
            "methodAnnotations": "@Nonnull",
            "methodName": "getUserId",
            "methodSignature": "@Nonnull public String getUserId()",
            "parameters": [],
            "methodReturnType": "String",
            "isStatic": false,
            "descriptionElements": [
                "<div class=\"block\">The id for the user who owns the reaction.</div>"
            ],
            "deprecationElement": null,
            "details": {
                "RETURNS": [
                    "<dd>The user id</dd>"
                ]
            },
            "seeAlso": null
        },
        "getGuildChannel()": {
            "elementId": "getGuildChannel()",
            "methodAnnotations": "@Nonnull",
            "methodName": "getGuildChannel",
            "methodSignature": "@Nonnull public GuildMessageChannelUnion getGuildChannel()",
            "parameters": [],
            "methodReturnType": "GuildMessageChannelUnion",
            "isStatic": false,
            "descriptionElements": [
                "<div class=\"block\">\n The <a href=\"../../entities/channel/middleman/GuildMessageChannel.html\" title=\"interface in net.dv8tion.jda.api.entities.channel.middleman\"><code>GuildMessageChannel</code></a> for this Message if it was sent in a Guild.\n <br>\n If this Message was not received from a <a href=\"../../entities/Guild.html\" title=\"interface in net.dv8tion.jda.api.entities\"><code>Guild</code></a>, this will throw an <a href=\"https://docs.oracle.com/javase/8/docs/api/java/lang/IllegalStateException.html\" title=\"class or interface in java.lang\" class=\"external-link\"><code>IllegalStateException</code></a>.\n</div>"
            ],
            "deprecationElement": null,
            "details": {
                "RETURNS": [
                    "<dd>The GuildMessageChannel</dd>"
                ],
                "THROWS": [
                    "<dd>\n <code><a href=\"https://docs.oracle.com/javase/8/docs/api/java/lang/IllegalStateException.html\" title=\"class or interface in java.lang\" class=\"external-link\">IllegalStateException</a></code> - If this was not sent in a channel in a Guild.\n</dd>"
                ]
            },
            "seeAlso": null
        },
        "retrieveMessage()": {
            "elementId": "retrieveMessage()",
            "methodAnnotations": "@Nonnull @CheckReturnValue",
            "methodName": "retrieveMessage",
            "methodSignature": "@Nonnull @CheckReturnValue public RestAction<Message> retrieveMessage()",
            "parameters": [],
            "methodReturnType": "RestAction<Message>",
            "isStatic": false,
            "descriptionElements": [
                "<div class=\"block\">\n Retrieves the message for this reaction event.\n <br>\n Simple shortcut for <code>getChannel().retrieveMessageById(getMessageId())</code>.\n <p>The <a href=\"../../../entities/Message.html#getMember()\"><code>Message.getMember()</code></a> method will always return null for the resulting message. To retrieve the member you can use <code>getGuild().retrieveMember(message.getAuthor())</code>.</p>\n</div>"
            ],
            "deprecationElement": null,
            "details": {
                "RETURNS": [
                    "<dd>\n <a href=\"../../../requests/RestAction.html\" title=\"interface in net.dv8tion.jda.api.requests\"><code>RestAction</code></a> - Type: <a href=\"../../../entities/Message.html\" title=\"interface in net.dv8tion.jda.api.entities\"><code>Message</code></a>\n</dd>"
                ],
                "SINCE": [
                    "<dd>4.2.1</dd>"
                ]
            },
            "seeAlso": null
        },
        "getJumpUrl()": {
            "elementId": "getJumpUrl()",
            "methodAnnotations": "@Nonnull",
            "methodName": "getJumpUrl",
            "methodSignature": "@Nonnull public String getJumpUrl()",
            "parameters": [],
            "methodReturnType": "String",
            "isStatic": false,
            "descriptionElements": [
                "<div class=\"block\">\n Returns the jump-to URL for the received message.\n <br>\n Clicking this URL in the Discord client will cause the client to jump to the specified message.\n</div>"
            ],
            "deprecationElement": null,
            "details": {
                "RETURNS": [
                    "<dd>A String representing the jump-to URL for the message</dd>"
                ]
            },
            "seeAlso": null
        },
        "getReaction()": {
            "elementId": "getReaction()",
            "methodAnnotations": "@Nonnull",
            "methodName": "getReaction",
            "methodSignature": "@Nonnull public MessageReaction getReaction()",
            "parameters": [],
            "methodReturnType": "MessageReaction",
            "isStatic": false,
            "descriptionElements": [
                "<div class=\"block\">\n The <a href=\"../../../entities/MessageReaction.html\" title=\"class in net.dv8tion.jda.api.entities\"><code>MessageReaction</code></a>\n</div>"
            ],
            "deprecationElement": null,
            "details": {
                "RETURNS": [
                    "<dd>The MessageReaction</dd>"
                ]
            },
            "seeAlso": null
        },
        "getEmoji()": {
            "elementId": "getEmoji()",
            "methodAnnotations": "@Nonnull",
            "methodName": "getEmoji",
            "methodSignature": "@Nonnull public EmojiUnion getEmoji()",
            "parameters": [],
            "methodReturnType": "EmojiUnion",
            "isStatic": false,
            "descriptionElements": [
                "<div class=\"block\">\n The <a href=\"../../../entities/emoji/Emoji.html\" title=\"interface in net.dv8tion.jda.api.entities.emoji\"><code>Emoji</code></a> of the reaction, shortcut for <code>getReaction().getEmoji()</code>\n</div>"
            ],
            "deprecationElement": null,
            "details": {
                "RETURNS": [
                    "<dd>The Emoji instance</dd>"
                ]
            },
            "seeAlso": null
        },
        "getJDA()": {
            "elementId": "getJDA()",
            "methodAnnotations": "@Nonnull",
            "methodName": "getJDA",
            "methodSignature": "@Nonnull public JDA getJDA()",
            "parameters": [],
            "methodReturnType": "JDA",
            "isStatic": false,
            "descriptionElements": [
                "<div class=\"block\">\n <span class=\"descfrm-type-label\">Description copied from interface:&nbsp;<code><a href=\"GenericEvent.html#getJDA()\">GenericEvent</a></code></span>\n</div>",
                "<div class=\"block\">The current JDA instance corresponding to this Event</div>"
            ],
            "deprecationElement": null,
            "details": {
                "RETURNS": [
                    "<dd>The corresponding JDA instance</dd>"
                ],
                "SPECIFIED_BY": [
                    "<dd>\n <code><a href=\"GenericEvent.html#getJDA()\">getJDA</a></code>&nbsp;in interface&nbsp;<code><a href=\"GenericEvent.html\" title=\"interface in net.dv8tion.jda.api.events\">GenericEvent</a></code>\n</dd>"
                ]
            },
            "seeAlso": null
        },
        "getResponseNumber()": {
            "elementId": "getResponseNumber()",
            "methodAnnotations": null,
            "methodName": "getResponseNumber",
            "methodSignature": "public long getResponseNumber()",
            "parameters": [],
            "methodReturnType": "long",
            "isStatic": false,
            "descriptionElements": [
                "<div class=\"block\">\n <span class=\"descfrm-type-label\">Description copied from interface:&nbsp;<code><a href=\"GenericEvent.html#getResponseNumber()\">GenericEvent</a></code></span>\n</div>",
                "<div class=\"block\">\n The current sequence for this event.\n <br>\n This can be used to keep events in order when making sequencing system.\n</div>"
            ],
            "deprecationElement": null,
            "details": {
                "RETURNS": [
                    "<dd>The current sequence number for this event</dd>"
                ],
                "SPECIFIED_BY": [
                    "<dd>\n <code><a href=\"GenericEvent.html#getResponseNumber()\">getResponseNumber</a></code>&nbsp;in interface&nbsp;<code><a href=\"GenericEvent.html\" title=\"interface in net.dv8tion.jda.api.events\">GenericEvent</a></code>\n</dd>"
                ]
            },
            "seeAlso": null
        },
        "toString()": {
            "elementId": "toString()",
            "methodAnnotations": null,
            "methodName": "toString",
            "methodSignature": "public String toString()",
            "parameters": [],
            "methodReturnType": "String",
            "isStatic": false,
            "descriptionElements": [],
            "deprecationElement": null,
            "details": {
                "OVERRIDES": [
                    "<dd>\n <code><a href=\"https://docs.oracle.com/javase/8/docs/api/java/lang/Object.html#toString--\" title=\"class or interface in java.lang\" class=\"external-link\">toString</a></code>&nbsp;in class&nbsp;<code><a href=\"https://docs.oracle.com/javase/8/docs/api/java/lang/Object.html\" title=\"class or interface in java.lang\" class=\"external-link\">Object</a></code>\n</dd>"
                ]
            },
            "seeAlso": null
        },
        "getChannelType()": {
            "elementId": "getChannelType()",
            "methodAnnotations": "@Nonnull",
            "methodName": "getChannelType",
            "methodSignature": "@Nonnull public ChannelType getChannelType()",
            "parameters": [],
            "methodReturnType": "ChannelType",
            "isStatic": false,
            "descriptionElements": [
                "<div class=\"block\">\n The <a href=\"../../entities/channel/ChannelType.html\" title=\"enum in net.dv8tion.jda.api.entities.channel\"><code>ChannelType</code></a> for this message\n</div>"
            ],
            "deprecationElement": null,
            "details": {
                "RETURNS": [
                    "<dd>The ChannelType</dd>"
                ]
            },
            "seeAlso": null
        },
        "getRawData()": {
            "elementId": "getRawData()",
            "methodAnnotations": "@Nullable",
            "methodName": "getRawData",
            "methodSignature": "@Nullable public DataObject getRawData()",
            "parameters": [],
            "methodReturnType": "DataObject",
            "isStatic": false,
            "descriptionElements": [
                "<div class=\"block\">\n <span class=\"descfrm-type-label\">Description copied from interface:&nbsp;<code><a href=\"GenericEvent.html#getRawData()\">GenericEvent</a></code></span>\n</div>",
                "<div class=\"block\">\n The passthrough data that this event was serialized from. This data might be null in rare situations, for example, if the event came from a rest action.\n <br>\n This provides the full gateway message payload, including sequence, event name and dispatch type. For details, read the official <a href=\"https://discord.dev/topics/gateway\" target=\"_blank\">Discord Documentation</a>.\n</div>"
            ],
            "deprecationElement": null,
            "details": {
                "RETURNS": [
                    "<dd>\n The corresponding <a href=\"../utils/data/DataObject.html\" title=\"class in net.dv8tion.jda.api.utils.data\"><code>DataObject</code></a>\n</dd>"
                ],
                "SPECIFIED_BY": [
                    "<dd>\n <code><a href=\"GenericEvent.html#getRawData()\">getRawData</a></code>&nbsp;in interface&nbsp;<code><a href=\"GenericEvent.html\" title=\"interface in net.dv8tion.jda.api.events\">GenericEvent</a></code>\n</dd>"
                ]
            },
            "seeAlso": null
        },
        "getUserIdLong()": {
            "elementId": "getUserIdLong()",
            "methodAnnotations": null,
            "methodName": "getUserIdLong",
            "methodSignature": "public long getUserIdLong()",
            "parameters": [],
            "methodReturnType": "long",
            "isStatic": false,
            "descriptionElements": [
                "<div class=\"block\">The id for the user who owns reaction.</div>"
            ],
            "deprecationElement": null,
            "details": {
                "RETURNS": [
                    "<dd>The user id</dd>"
                ]
            },
            "seeAlso": null
        },
        "getGuild()": {
            "elementId": "getGuild()",
            "methodAnnotations": "@Nonnull",
            "methodName": "getGuild",
            "methodSignature": "@Nonnull public Guild getGuild()",
            "parameters": [],
            "methodReturnType": "Guild",
            "isStatic": false,
            "descriptionElements": [
                "<div class=\"block\">\n The <a href=\"../../entities/Guild.html\" title=\"interface in net.dv8tion.jda.api.entities\"><code>Guild</code></a> the Message was received in.\n <br>\n If this Message was not received in a <a href=\"../../entities/Guild.html\" title=\"interface in net.dv8tion.jda.api.entities\"><code>Guild</code></a>, this will throw an <a href=\"https://docs.oracle.com/javase/8/docs/api/java/lang/IllegalStateException.html\" title=\"class or interface in java.lang\" class=\"external-link\"><code>IllegalStateException</code></a>.\n</div>"
            ],
            "deprecationElement": null,
            "details": {
                "RETURNS": [
                    "<dd>The Guild the Message was received in</dd>"
                ],
                "SEE_ALSO": [
                    "<dd>\n <ul class=\"see-list\">\n  <li><a href=\"#isFromGuild()\"><code>isFromGuild()</code></a></li>\n  <li><a href=\"#isFromType(net.dv8tion.jda.api.entities.channel.ChannelType)\"><code>isFromType(ChannelType)</code></a></li>\n  <li><a href=\"#getChannelType()\"><code>getChannelType()</code></a></li>\n </ul>\n</dd>"
                ],
                "THROWS": [
                    "<dd>\n <code><a href=\"https://docs.oracle.com/javase/8/docs/api/java/lang/IllegalStateException.html\" title=\"class or interface in java.lang\" class=\"external-link\">IllegalStateException</a></code> - If this was not sent in a <a href=\"../../entities/channel/middleman/GuildChannel.html\" title=\"interface in net.dv8tion.jda.api.entities.channel.middleman\"><code>GuildChannel</code></a>.\n</dd>"
                ]
            },
            "seeAlso": {
                "references": [
                    {
                        "text": "isFromGuild()",
                        "link": "https://docs.jda.wiki/net/dv8tion/jda/api/events/message/GenericMessageEvent.html#isFromGuild()",
                        "targetType": "METHOD",
                        "fullSignature": "GenericMessageEvent#isFromGuild()"
                    },
                    {
                        "text": "isFromType(ChannelType)",
                        "link": "https://docs.jda.wiki/net/dv8tion/jda/api/events/message/GenericMessageEvent.html#isFromType(net.dv8tion.jda.api.entities.channel.ChannelType)",
                        "targetType": "METHOD",
                        "fullSignature": "GenericMessageEvent#isFromType(ChannelType)"
                    },
                    {
                        "text": "getChannelType()",
                        "link": "https://docs.jda.wiki/net/dv8tion/jda/api/events/message/GenericMessageEvent.html#getChannelType()",
                        "targetType": "METHOD",
                        "fullSignature": "GenericMessageEvent#getChannelType()"
                    }
                ]
            }
        },
        "isFromGuild()": {
            "elementId": "isFromGuild()",
            "methodAnnotations": null,
            "methodName": "isFromGuild",
            "methodSignature": "public boolean isFromGuild()",
            "parameters": [],
            "methodReturnType": "boolean",
            "isStatic": false,
            "descriptionElements": [
                "<div class=\"block\">\n Whether this message was sent in a <a href=\"../../entities/Guild.html\" title=\"interface in net.dv8tion.jda.api.entities\"><code>Guild</code></a>.\n <br>\n If this is <code>false</code> then <a href=\"#getGuild()\"><code>getGuild()</code></a> will throw an <a href=\"https://docs.oracle.com/javase/8/docs/api/java/lang/IllegalStateException.html\" title=\"class or interface in java.lang\" class=\"external-link\"><code>IllegalStateException</code></a>.\n</div>"
            ],
            "deprecationElement": null,
            "details": {
                "RETURNS": [
                    "<dd>\n True, if <a href=\"#getChannelType()\"><code>getChannelType()</code></a>.<a href=\"../../entities/channel/ChannelType.html#isGuild()\"><code>isGuild()</code></a> is true.\n</dd>"
                ]
            },
            "seeAlso": null
        },
        "getMessageAuthorIdLong()": {
            "elementId": "getMessageAuthorIdLong()",
            "methodAnnotations": null,
            "methodName": "getMessageAuthorIdLong",
            "methodSignature": "public long getMessageAuthorIdLong()",
            "parameters": [],
            "methodReturnType": "long",
            "isStatic": false,
            "descriptionElements": [
                "<div class=\"block\">\n The user id of the original message author.\n <br>\n This might be 0 for webhook messages.\n</div>"
            ],
            "deprecationElement": null,
            "details": {
                "RETURNS": [
                    "<dd>The user id of the original message author.</dd>"
                ]
            },
            "seeAlso": null
        },
        "retrieveUser()": {
            "elementId": "retrieveUser()",
            "methodAnnotations": "@Nonnull @CheckReturnValue",
            "methodName": "retrieveUser",
            "methodSignature": "@Nonnull @CheckReturnValue public RestAction<User> retrieveUser()",
            "parameters": [],
            "methodReturnType": "RestAction<User>",
            "isStatic": false,
            "descriptionElements": [
                "<div class=\"block\">\n Retrieves the <a href=\"../../../entities/User.html\" title=\"interface in net.dv8tion.jda.api.entities\"><code>User</code></a> who owns the reaction.\n <br>\n If a user is known, this will return <a href=\"#getUser()\"><code>getUser()</code></a>.\n</div>"
            ],
            "deprecationElement": null,
            "details": {
                "RETURNS": [
                    "<dd>\n <a href=\"../../../requests/RestAction.html\" title=\"interface in net.dv8tion.jda.api.requests\"><code>RestAction</code></a> - Type: <a href=\"../../../entities/User.html\" title=\"interface in net.dv8tion.jda.api.entities\"><code>User</code></a>\n</dd>"
                ],
                "SINCE": [
                    "<dd>4.2.1</dd>"
                ]
            },
            "seeAlso": null
        },
        "getMember()": {
            "elementId": "getMember()",
            "methodAnnotations": "@Nullable",
            "methodName": "getMember",
            "methodSignature": "@Nullable public Member getMember()",
            "parameters": [],
            "methodReturnType": "Member",
            "isStatic": false,
            "descriptionElements": [
                "<div class=\"block\">\n The <a href=\"../../../entities/Member.html\" title=\"interface in net.dv8tion.jda.api.entities\"><code>Member</code></a> instance for the reacting user or <code>null</code> if the reaction was from a user not in this guild.\n <br>\n This will also be <code>null</code> if the member is not available in the cache. Use <a href=\"#retrieveMember()\"><code>retrieveMember()</code></a> to load the member.\n</div>"
            ],
            "deprecationElement": null,
            "details": {
                "RETURNS": [
                    "<dd>Member of the reacting user or null if they are no longer member of this guild</dd>"
                ],
                "SEE_ALSO": [
                    "<dd>\n <ul class=\"see-list-long\">\n  <li><a href=\"../GenericMessageEvent.html#isFromGuild()\"><code>GenericMessageEvent.isFromGuild()</code></a></li>\n  <li><a href=\"../GenericMessageEvent.html#getChannelType()\"><code>GenericMessageEvent.getChannelType()</code></a></li>\n </ul>\n</dd>"
                ],
                "THROWS": [
                    "<dd>\n <code><a href=\"https://docs.oracle.com/javase/8/docs/api/java/lang/IllegalStateException.html\" title=\"class or interface in java.lang\" class=\"external-link\">IllegalStateException</a></code> - If this was not sent in a <a href=\"../../../entities/Guild.html\" title=\"interface in net.dv8tion.jda.api.entities\"><code>Guild</code></a>.\n</dd>"
                ]
            },
            "seeAlso": {
                "references": [
                    {
                        "text": "GenericMessageEvent#isFromGuild()",
                        "link": "https://docs.jda.wiki/net/dv8tion/jda/api/events/message/GenericMessageEvent.html#isFromGuild()",
                        "targetType": "METHOD",
                        "fullSignature": "GenericMessageEvent#isFromGuild()"
                    },
                    {
                        "text": "GenericMessageEvent#getChannelType()",
                        "link": "https://docs.jda.wiki/net/dv8tion/jda/api/events/message/GenericMessageEvent.html#getChannelType()",
                        "targetType": "METHOD",
                        "fullSignature": "GenericMessageEvent#getChannelType()"
                    }
                ]
            }
        },
        "isFromThread()": {
            "elementId": "isFromThread()",
            "methodAnnotations": null,
            "methodName": "isFromThread",
            "methodSignature": "public boolean isFromThread()",
            "parameters": [],
            "methodReturnType": "boolean",
            "isStatic": false,
            "descriptionElements": [
                "<div class=\"block\">\n If the message event was from a <a href=\"../../entities/channel/concrete/ThreadChannel.html\" title=\"interface in net.dv8tion.jda.api.entities.channel.concrete\"><code>ThreadChannel</code></a>\n</div>"
            ],
            "deprecationElement": null,
            "details": {
                "RETURNS": [
                    "<dd>If the message event was from a ThreadChannel</dd>"
                ],
                "SEE_ALSO": [
                    "<dd>\n <ul class=\"see-list\">\n  <li><a href=\"../../entities/channel/ChannelType.html#isThread()\"><code>ChannelType.isThread()</code></a></li>\n </ul>\n</dd>"
                ]
            },
            "seeAlso": {
                "references": [
                    {
                        "text": "ChannelType#isThread()",
                        "link": "https://docs.jda.wiki/net/dv8tion/jda/api/entities/channel/ChannelType.html#isThread()",
                        "targetType": "METHOD",
                        "fullSignature": "ChannelType#isThread()"
                    }
                ]
            }
        },
        "getMessageIdLong()": {
            "elementId": "getMessageIdLong()",
            "methodAnnotations": null,
            "methodName": "getMessageIdLong",
            "methodSignature": "public long getMessageIdLong()",
            "parameters": [],
            "methodReturnType": "long",
            "isStatic": false,
            "descriptionElements": [
                "<div class=\"block\">The id for this message</div>"
            ],
            "deprecationElement": null,
            "details": {
                "RETURNS": [
                    "<dd>The id for this message</dd>"
                ]
            },
            "seeAlso": null
        }
    },
    "fields": {}
}