{
    "classNameFqcn": "net.dv8tion.jda.api.events.guild.scheduledevent.update.ScheduledEventUpdateStartTimeEvent",
    "descriptionElements": [
        "<div class=\"block\">\n Indicates the <a href=\"../../../../entities/ScheduledEvent.html#getStartTime()\"><code>start time</code></a> of a <a href=\"../../../../entities/ScheduledEvent.html\" title=\"interface in net.dv8tion.jda.api.entities\"><code>ScheduledEvent</code></a> has changed.\n <p>Can be used to detect when the <a href=\"../../../../entities/ScheduledEvent.html\" title=\"interface in net.dv8tion.jda.api.entities\"><code>ScheduledEvent</code></a> start time has changed.</p>\n <p>Identifier: <code>start_time</code></p>\n <p><b>Requirements</b>\n  <br></p>\n <p>This event requires the <a href=\"../../../../requests/GatewayIntent.html#SCHEDULED_EVENTS\"><code>SCHEDULED_EVENTS</code></a> intent and <a href=\"../../../../utils/cache/CacheFlag.html#SCHEDULED_EVENTS\"><code>CacheFlag.SCHEDULED_EVENTS</code></a> to be enabled.\n  <br>\n  <a href=\"../../../../JDABuilder.html#createDefault(java.lang.String)\"><code>createDefault(String)</code></a> and <a href=\"../../../../JDABuilder.html#createLight(java.lang.String)\"><code>createLight(String)</code></a> disable this by default!</p>\n <p>Discord does not specifically tell us about the updates, but merely tells us the <a href=\"../../../../entities/ScheduledEvent.html\" title=\"interface in net.dv8tion.jda.api.entities\"><code>ScheduledEvent</code></a> was updated and gives us the updated <a href=\"../../../../entities/ScheduledEvent.html\" title=\"interface in net.dv8tion.jda.api.entities\"><code>ScheduledEvent</code></a> object. In order to fire a specific event like this we need to have the old <a href=\"../../../../entities/ScheduledEvent.html\" title=\"interface in net.dv8tion.jda.api.entities\"><code>ScheduledEvent</code></a> cached to compare against.</p>\n</div>"
    ],
    "deprecationElement": null,
    "details": {
        "ALL_IMPLEMENTED_INTERFACES": [
            "<dd>\n <code><a href=\"../../../GenericEvent.html\" title=\"interface in net.dv8tion.jda.api.events\">GenericEvent</a>, <a href=\"../../../UpdateEvent.html\" title=\"interface in net.dv8tion.jda.api.events\">UpdateEvent</a>&lt;<a href=\"../../../../entities/ScheduledEvent.html\" title=\"interface in net.dv8tion.jda.api.entities\">ScheduledEvent</a>, <a href=\"https://docs.oracle.com/javase/8/docs/api/java/time/OffsetDateTime.html\" title=\"class or interface in java.time\" class=\"external-link\">OffsetDateTime</a>&gt;</code>\n</dd>"
        ]
    },
    "seeAlso": null,
    "methods": {
        "getJDA()": {
            "elementId": "getJDA()",
            "methodAnnotations": "@Nonnull",
            "methodName": "getJDA",
            "methodSignature": "@Nonnull JDA getJDA()",
            "parameters": [],
            "methodReturnType": "JDA",
            "isStatic": false,
            "descriptionElements": [
                "<div class=\"block\">The current JDA instance corresponding to this Event</div>"
            ],
            "deprecationElement": null,
            "details": {
                "RETURNS": [
                    "<dd>The corresponding JDA instance</dd>"
                ]
            },
            "seeAlso": null
        },
        "getEntityType()": {
            "elementId": "getEntityType()",
            "methodAnnotations": "@Nonnull",
            "methodName": "getEntityType",
            "methodSignature": "@Nonnull default Class<E> getEntityType()",
            "parameters": [],
            "methodReturnType": "Class<E>",
            "isStatic": false,
            "descriptionElements": [
                "<div class=\"block\">Class representation of the affected entity, useful when dealing with refection.</div>"
            ],
            "deprecationElement": null,
            "details": {
                "RETURNS": [
                    "<dd>The class of the affected entity</dd>"
                ]
            },
            "seeAlso": null
        },
        "getPropertyIdentifier()": {
            "elementId": "getPropertyIdentifier()",
            "methodAnnotations": "@Nonnull",
            "methodName": "getPropertyIdentifier",
            "methodSignature": "@Nonnull public String getPropertyIdentifier()",
            "parameters": [],
            "methodReturnType": "String",
            "isStatic": false,
            "descriptionElements": [
                "<div class=\"block\">\n <span class=\"description-from-type-label\">Description copied from interface:&nbsp;<code><a href=\"../../../UpdateEvent.html#getPropertyIdentifier()\">UpdateEvent</a></code></span>\n</div>",
                "<div class=\"block\">\n The field name for the updated property\n <p><b>Example</b>\n  <br></p>\n <pre><code>@Override\r\npublic void onGenericRoleUpdate(GenericRoleUpdateEvent event)\r\n{\r\n    switch (event.getPropertyIdentifier())\r\n    {\r\n    case RoleUpdateColorEvent.IDENTIFIER:\r\n        System.out.printf(\"Updated color for role: %s%n\", event);\r\n        break;\r\n    case RoleUpdatePositionEvent.IDENTIFIER:\r\n        RoleUpdatePositionEvent update = (RoleUpdatePositionEvent) event;\r\n        System.out.printf(\"Updated position for role: %s raw(%s-&gt;%s)%n\", event, update.getOldPositionRaw(), update.getNewPositionRaw());\r\n        break;\r\n    default: return;\r\n    }\r\n}\r\n</code></pre>\n</div>"
            ],
            "deprecationElement": null,
            "details": {
                "RETURNS": [
                    "<dd>The name of the updated property</dd>"
                ],
                "SPECIFIED_BY": [
                    "<dd>\n <code><a href=\"../../../UpdateEvent.html#getPropertyIdentifier()\">getPropertyIdentifier</a></code>&nbsp;in interface&nbsp;<code><a href=\"../../../UpdateEvent.html\" title=\"interface in net.dv8tion.jda.api.events\">UpdateEvent</a>&lt;<a href=\"../../../../entities/ScheduledEvent.html\" title=\"interface in net.dv8tion.jda.api.entities\">ScheduledEvent</a>, <a href=\"#type-param-T\" title=\"type parameter in GenericScheduledEventUpdateEvent\">T</a>&gt;</code>\n</dd>"
                ]
            },
            "seeAlso": null
        },
        "getResponseNumber()": {
            "elementId": "getResponseNumber()",
            "methodAnnotations": null,
            "methodName": "getResponseNumber",
            "methodSignature": "long getResponseNumber()",
            "parameters": [],
            "methodReturnType": "long",
            "isStatic": false,
            "descriptionElements": [
                "<div class=\"block\">\n The current sequence for this event.\n <br>\n This can be used to keep events in order when making sequencing system.\n</div>"
            ],
            "deprecationElement": null,
            "details": {
                "RETURNS": [
                    "<dd>The current sequence number for this event</dd>"
                ]
            },
            "seeAlso": null
        },
        "toString()": {
            "elementId": "toString()",
            "methodAnnotations": null,
            "methodName": "toString",
            "methodSignature": "public String toString()",
            "parameters": [],
            "methodReturnType": "String",
            "isStatic": false,
            "descriptionElements": [],
            "deprecationElement": null,
            "details": {
                "OVERRIDES": [
                    "<dd>\n <code><a href=\"../../../Event.html#toString()\">toString</a></code>&nbsp;in class&nbsp;<code><a href=\"../../../Event.html\" title=\"class in net.dv8tion.jda.api.events\">Event</a></code>\n</dd>"
                ]
            },
            "seeAlso": null
        },
        "getScheduledEvent()": {
            "elementId": "getScheduledEvent()",
            "methodAnnotations": "@Nonnull",
            "methodName": "getScheduledEvent",
            "methodSignature": "@Nonnull public ScheduledEvent getScheduledEvent()",
            "parameters": [],
            "methodReturnType": "ScheduledEvent",
            "isStatic": false,
            "descriptionElements": [
                "<div class=\"block\">\n The <a href=\"../../../entities/ScheduledEvent.html\" title=\"interface in net.dv8tion.jda.api.entities\"><code>ScheduledEvent</code></a>\n</div>"
            ],
            "deprecationElement": null,
            "details": {
                "RETURNS": [
                    "<dd>The Scheduled Event</dd>"
                ]
            },
            "seeAlso": null
        },
        "getRawData()": {
            "elementId": "getRawData()",
            "methodAnnotations": "@Nullable",
            "methodName": "getRawData",
            "methodSignature": "@Nullable DataObject getRawData()",
            "parameters": [],
            "methodReturnType": "DataObject",
            "isStatic": false,
            "descriptionElements": [
                "<div class=\"block\">\n The passthrough data that this event was serialized from. This data might be null in rare situations, for example, if the event came from a rest action.\n <br>\n This provides the full gateway message payload, including sequence, event name and dispatch type. For details, read the official <a href=\"https://discord.dev/topics/gateway\" target=\"_blank\">Discord Documentation</a>.\n</div>"
            ],
            "deprecationElement": null,
            "details": {
                "RETURNS": [
                    "<dd>\n The corresponding <a href=\"../utils/data/DataObject.html\" title=\"class in net.dv8tion.jda.api.utils.data\"><code>DataObject</code></a>\n</dd>"
                ],
                "THROWS": [
                    "<dd>\n <code><a href=\"https://docs.oracle.com/javase/8/docs/api/java/lang/IllegalStateException.html\" title=\"class or interface in java.lang\" class=\"external-link\">IllegalStateException</a></code> - If event passthrough was not enabled, see <a href=\"../JDABuilder.html#setEventPassthrough(boolean)\"><code>JDABuilder#setEventPassthrough(boolean)</code></a>\n</dd>"
                ]
            },
            "seeAlso": null
        },
        "getNewStartTime()": {
            "elementId": "getNewStartTime()",
            "methodAnnotations": "@Nonnull",
            "methodName": "getNewStartTime",
            "methodSignature": "@Nonnull public OffsetDateTime getNewStartTime()",
            "parameters": [],
            "methodReturnType": "OffsetDateTime",
            "isStatic": false,
            "descriptionElements": [
                "<div class=\"block\">\n The new <a href=\"../../../../entities/ScheduledEvent.html#getStartTime()\"><code>start time</code></a>.\n</div>"
            ],
            "deprecationElement": null,
            "details": {
                "RETURNS": [
                    "<dd>The new start time</dd>"
                ]
            },
            "seeAlso": null
        },
        "getNewValue()": {
            "elementId": "getNewValue()",
            "methodAnnotations": "@Nonnull",
            "methodName": "getNewValue",
            "methodSignature": "@Nonnull public OffsetDateTime getNewValue()",
            "parameters": [],
            "methodReturnType": "OffsetDateTime",
            "isStatic": false,
            "descriptionElements": [
                "<div class=\"block\">\n <span class=\"description-from-type-label\">Description copied from interface:&nbsp;<code><a href=\"../../../UpdateEvent.html#getNewValue()\">UpdateEvent</a></code></span>\n</div>",
                "<div class=\"block\">The new value</div>"
            ],
            "deprecationElement": null,
            "details": {
                "RETURNS": [
                    "<dd>The new value</dd>"
                ],
                "SPECIFIED_BY": [
                    "<dd>\n <code><a href=\"../../../UpdateEvent.html#getNewValue()\">getNewValue</a></code>&nbsp;in interface&nbsp;<code><a href=\"../../../UpdateEvent.html\" title=\"interface in net.dv8tion.jda.api.events\">UpdateEvent</a>&lt;<a href=\"../../../../entities/ScheduledEvent.html\" title=\"interface in net.dv8tion.jda.api.entities\">ScheduledEvent</a>, <a href=\"https://docs.oracle.com/javase/8/docs/api/java/time/OffsetDateTime.html\" title=\"class or interface in java.time\" class=\"external-link\">OffsetDateTime</a>&gt;</code>\n</dd>"
                ],
                "OVERRIDES": [
                    "<dd>\n <code><a href=\"GenericScheduledEventUpdateEvent.html#getNewValue()\">getNewValue</a></code>&nbsp;in class&nbsp;<code><a href=\"GenericScheduledEventUpdateEvent.html\" title=\"class in net.dv8tion.jda.api.events.guild.scheduledevent.update\">GenericScheduledEventUpdateEvent</a>&lt;<a href=\"https://docs.oracle.com/javase/8/docs/api/java/time/OffsetDateTime.html\" title=\"class or interface in java.time\" class=\"external-link\">OffsetDateTime</a>&gt;</code>\n</dd>"
                ]
            },
            "seeAlso": null
        },
        "getOldStartTime()": {
            "elementId": "getOldStartTime()",
            "methodAnnotations": "@Nonnull",
            "methodName": "getOldStartTime",
            "methodSignature": "@Nonnull public OffsetDateTime getOldStartTime()",
            "parameters": [],
            "methodReturnType": "OffsetDateTime",
            "isStatic": false,
            "descriptionElements": [
                "<div class=\"block\">\n The old <a href=\"../../../../entities/ScheduledEvent.html#getStartTime()\"><code>start time</code></a>.\n</div>"
            ],
            "deprecationElement": null,
            "details": {
                "RETURNS": [
                    "<dd>The old start time</dd>"
                ]
            },
            "seeAlso": null
        },
        "getGuild()": {
            "elementId": "getGuild()",
            "methodAnnotations": "@Nonnull",
            "methodName": "getGuild",
            "methodSignature": "@Nonnull public Guild getGuild()",
            "parameters": [],
            "methodReturnType": "Guild",
            "isStatic": false,
            "descriptionElements": [
                "<div class=\"block\">\n The <a href=\"../../entities/Guild.html\" title=\"interface in net.dv8tion.jda.api.entities\"><code>Guild</code></a>\n</div>"
            ],
            "deprecationElement": null,
            "details": {
                "RETURNS": [
                    "<dd>The Guild</dd>"
                ]
            },
            "seeAlso": null
        },
        "getOldValue()": {
            "elementId": "getOldValue()",
            "methodAnnotations": "@Nonnull",
            "methodName": "getOldValue",
            "methodSignature": "@Nonnull public OffsetDateTime getOldValue()",
            "parameters": [],
            "methodReturnType": "OffsetDateTime",
            "isStatic": false,
            "descriptionElements": [
                "<div class=\"block\">\n <span class=\"description-from-type-label\">Description copied from interface:&nbsp;<code><a href=\"../../../UpdateEvent.html#getOldValue()\">UpdateEvent</a></code></span>\n</div>",
                "<div class=\"block\">The old value</div>"
            ],
            "deprecationElement": null,
            "details": {
                "RETURNS": [
                    "<dd>The old value</dd>"
                ],
                "SPECIFIED_BY": [
                    "<dd>\n <code><a href=\"../../../UpdateEvent.html#getOldValue()\">getOldValue</a></code>&nbsp;in interface&nbsp;<code><a href=\"../../../UpdateEvent.html\" title=\"interface in net.dv8tion.jda.api.events\">UpdateEvent</a>&lt;<a href=\"../../../../entities/ScheduledEvent.html\" title=\"interface in net.dv8tion.jda.api.entities\">ScheduledEvent</a>, <a href=\"https://docs.oracle.com/javase/8/docs/api/java/time/OffsetDateTime.html\" title=\"class or interface in java.time\" class=\"external-link\">OffsetDateTime</a>&gt;</code>\n</dd>"
                ],
                "OVERRIDES": [
                    "<dd>\n <code><a href=\"GenericScheduledEventUpdateEvent.html#getOldValue()\">getOldValue</a></code>&nbsp;in class&nbsp;<code><a href=\"GenericScheduledEventUpdateEvent.html\" title=\"class in net.dv8tion.jda.api.events.guild.scheduledevent.update\">GenericScheduledEventUpdateEvent</a>&lt;<a href=\"https://docs.oracle.com/javase/8/docs/api/java/time/OffsetDateTime.html\" title=\"class or interface in java.time\" class=\"external-link\">OffsetDateTime</a>&gt;</code>\n</dd>"
                ]
            },
            "seeAlso": null
        },
        "getEntity()": {
            "elementId": "getEntity()",
            "methodAnnotations": "@Nonnull",
            "methodName": "getEntity",
            "methodSignature": "@Nonnull public ScheduledEvent getEntity()",
            "parameters": [],
            "methodReturnType": "ScheduledEvent",
            "isStatic": false,
            "descriptionElements": [
                "<div class=\"block\">\n <span class=\"description-from-type-label\">Description copied from interface:&nbsp;<code><a href=\"../../../UpdateEvent.html#getEntity()\">UpdateEvent</a></code></span>\n</div>",
                "<div class=\"block\">The affected entity</div>"
            ],
            "deprecationElement": null,
            "details": {
                "RETURNS": [
                    "<dd>The affected entity</dd>"
                ],
                "SPECIFIED_BY": [
                    "<dd>\n <code><a href=\"../../../UpdateEvent.html#getEntity()\">getEntity</a></code>&nbsp;in interface&nbsp;<code><a href=\"../../../UpdateEvent.html\" title=\"interface in net.dv8tion.jda.api.events\">UpdateEvent</a>&lt;<a href=\"../../../../entities/ScheduledEvent.html\" title=\"interface in net.dv8tion.jda.api.entities\">ScheduledEvent</a>, <a href=\"#type-param-T\" title=\"type parameter in GenericScheduledEventUpdateEvent\">T</a>&gt;</code>\n</dd>"
                ]
            },
            "seeAlso": null
        },
        "<init>(net.dv8tion.jda.api.JDA,long,net.dv8tion.jda.api.entities.ScheduledEvent,java.time.OffsetDateTime)": {
            "elementId": "<init>(net.dv8tion.jda.api.JDA,long,net.dv8tion.jda.api.entities.ScheduledEvent,java.time.OffsetDateTime)",
            "methodAnnotations": null,
            "methodName": "ScheduledEventUpdateStartTimeEvent",
            "methodSignature": "public ScheduledEventUpdateStartTimeEvent(@Nonnull JDA api, long responseNumber, @Nonnull ScheduledEvent scheduledEvent, @Nonnull OffsetDateTime previous)",
            "parameters": [
                {
                    "annotations": [
                        "Nonnull"
                    ],
                    "type": "net.dv8tion.jda.api.JDA",
                    "simpleType": "JDA",
                    "name": "api"
                },
                {
                    "annotations": [],
                    "type": "long",
                    "simpleType": "long",
                    "name": "responseNumber"
                },
                {
                    "annotations": [
                        "Nonnull"
                    ],
                    "type": "net.dv8tion.jda.api.entities.ScheduledEvent",
                    "simpleType": "ScheduledEvent",
                    "name": "scheduledEvent"
                },
                {
                    "annotations": [
                        "Nonnull"
                    ],
                    "type": "java.time.OffsetDateTime",
                    "simpleType": "OffsetDateTime",
                    "name": "previous"
                }
            ],
            "methodReturnType": "ScheduledEventUpdateStartTimeEvent",
            "isStatic": false,
            "descriptionElements": [],
            "deprecationElement": null,
            "details": {},
            "seeAlso": null
        }
    },
    "fields": {
        "IDENTIFIER": {
            "elementId": "IDENTIFIER",
            "fieldName": "IDENTIFIER",
            "fieldType": "String",
            "fieldValue": "\"start_time\"",
            "descriptionElements": [],
            "deprecationElement": null,
            "modifiers": "public static final"
        }
    }
}