{
    "classNameFqcn": "net.dv8tion.jda.api.entities.emoji.Emoji",
    "descriptionElements": [
        "<div class=\"block\">\n Represents a Discord Emoji. \n <br>\n This can either be <a href=\"Emoji.Type.html#UNICODE\"><code>Emoji.Type.UNICODE</code></a> or <a href=\"Emoji.Type.html#CUSTOM\"><code>Emoji.Type.CUSTOM</code></a>. \n <p>Implements <a href=\"https://docs.oracle.com/javase/8/docs/api/java/util/Formattable.html\" title=\"class or interface in java.util\" class=\"external-link\"><code>Formattable</code></a> with <a href=\"#getFormatted()\"><code>getFormatted()</code></a>.</p>\n</div>"
    ],
    "deprecationElement": null,
    "details": {
        "SEE_ALSO": [
            "<dd>\n <ul class=\"see-list\">\n  <li><a href=\"#getName()\"><code>getName()</code></a></li>\n </ul>\n</dd>"
        ],
        "ALL_KNOWN_SUBINTERFACES": [
            "<dd>\n <code><a href=\"ApplicationEmoji.html\" title=\"interface in net.dv8tion.jda.api.entities.emoji\">ApplicationEmoji</a></code>, <code><a href=\"CustomEmoji.html\" title=\"interface in net.dv8tion.jda.api.entities.emoji\">CustomEmoji</a></code>, <code><a href=\"EmojiUnion.html\" title=\"interface in net.dv8tion.jda.api.entities.emoji\">EmojiUnion</a></code>, <code><a href=\"RichCustomEmoji.html\" title=\"interface in net.dv8tion.jda.api.entities.emoji\">RichCustomEmoji</a></code>, <code><a href=\"UnicodeEmoji.html\" title=\"interface in net.dv8tion.jda.api.entities.emoji\">UnicodeEmoji</a></code>\n</dd>"
        ],
        "SUPER_INTERFACES": [
            "<dd>\n <code><a href=\"https://docs.oracle.com/javase/8/docs/api/java/util/Formattable.html\" title=\"class or interface in java.util\" class=\"external-link\">Formattable</a></code>, <code><a href=\"../../utils/data/SerializableData.html\" title=\"interface in net.dv8tion.jda.api.utils.data\">SerializableData</a></code>\n</dd>"
        ]
    },
    "seeAlso": {
        "references": [
            {
                "text": "getName()",
                "link": "https://docs.jda.wiki/net/dv8tion/jda/api/entities/emoji/Emoji.html#getName()",
                "targetType": "METHOD",
                "fullSignature": "Emoji#getName()"
            }
        ]
    },
    "methods": {
        "getFormatted()": {
            "elementId": "getFormatted()",
            "methodAnnotations": "@Nonnull",
            "methodName": "getFormatted",
            "methodSignature": "@Nonnull String getFormatted()",
            "methodParameters": null,
            "methodReturnType": "String",
            "isStatic": false,
            "descriptionElements": [
                "<div class=\"block\">\n Formatted string used in messages. \n <br>\n For unicode emoji, this is simply <a href=\"#getName()\"><code>getName()</code></a>. For custom emoji, this will be the mention markdown format <code>&lt;:name:id&gt;</code>.\n</div>"
            ],
            "deprecationElement": null,
            "details": {
                "RETURNS": [
                    "<dd>\n The formatted message string\n</dd>"
                ]
            },
            "seeAlso": null
        },
        "toData()": {
            "elementId": "toData()",
            "methodAnnotations": "@Nonnull",
            "methodName": "toData",
            "methodSignature": "@Nonnull DataObject toData()",
            "methodParameters": null,
            "methodReturnType": "DataObject",
            "isStatic": false,
            "descriptionElements": [
                "<div class=\"block\">\n Serialized <a href=\"DataObject.html\" title=\"class in net.dv8tion.jda.api.utils.data\"><code>DataObject</code></a> for this object.\n</div>"
            ],
            "deprecationElement": null,
            "details": {
                "RETURNS": [
                    "<dd>\n <a href=\"DataObject.html\" title=\"class in net.dv8tion.jda.api.utils.data\"><code>DataObject</code></a>\n</dd>"
                ]
            },
            "seeAlso": null
        },
        "getName()": {
            "elementId": "getName()",
            "methodAnnotations": "@Nonnull",
            "methodName": "getName",
            "methodSignature": "@Nonnull String getName()",
            "methodParameters": null,
            "methodReturnType": "String",
            "isStatic": false,
            "descriptionElements": [
                "<div class=\"block\">\n The name of this emoji. \n <br>\n This will be the unicode characters if this emoji is not of <a href=\"#getType()\"><code>getType()</code></a> <a href=\"Emoji.Type.html#CUSTOM\"><code>CUSTOM</code></a>.\n</div>"
            ],
            "deprecationElement": null,
            "details": {
                "RETURNS": [
                    "<dd>\n The unicode or custom name\n</dd>"
                ]
            },
            "seeAlso": null
        },
        "fromCustom(java.lang.String,long,boolean)": {
            "elementId": "fromCustom(java.lang.String,long,boolean)",
            "methodAnnotations": "@Nonnull",
            "methodName": "fromCustom",
            "methodSignature": "@Nonnull static CustomEmoji fromCustom(@Nonnull String name, long id, boolean animated)",
            "methodParameters": {
                "originalText": "(@Nonnull String name, long id, boolean animated)",
                "parameters": [
                    {
                        "annotations": [
                            "Nonnull"
                        ],
                        "type": "java.lang.String",
                        "simpleType": "String",
                        "name": "name"
                    },
                    {
                        "annotations": [],
                        "type": "long",
                        "simpleType": "long",
                        "name": "id"
                    },
                    {
                        "annotations": [],
                        "type": "boolean",
                        "simpleType": "boolean",
                        "name": "animated"
                    }
                ]
            },
            "methodReturnType": "CustomEmoji",
            "isStatic": true,
            "descriptionElements": [
                "<div class=\"block\">\n Creates a reference for a custom emoji with the provided name.\n</div>"
            ],
            "deprecationElement": null,
            "details": {
                "PARAMETERS": [
                    "<dd>\n <code>name</code> - The emoji name\n</dd>",
                    "<dd>\n <code>id</code> - The emoji id\n</dd>",
                    "<dd>\n <code>animated</code> - Whether this emoji is animated\n</dd>"
                ],
                "RETURNS": [
                    "<dd>\n The new emoji instance\n</dd>"
                ],
                "THROWS": [
                    "<dd>\n <code><a href=\"https://docs.oracle.com/javase/8/docs/api/java/lang/IllegalArgumentException.html\" title=\"class or interface in java.lang\" class=\"external-link\">IllegalArgumentException</a></code> - If the name is null or empty\n</dd>"
                ]
            },
            "seeAlso": null
        },
        "fromData(net.dv8tion.jda.api.utils.data.DataObject)": {
            "elementId": "fromData(net.dv8tion.jda.api.utils.data.DataObject)",
            "methodAnnotations": "@Nonnull",
            "methodName": "fromData",
            "methodSignature": "@Nonnull static EmojiUnion fromData(@Nonnull DataObject emoji)",
            "methodParameters": {
                "originalText": "(@Nonnull DataObject emoji)",
                "parameters": [
                    {
                        "annotations": [
                            "Nonnull"
                        ],
                        "type": "net.dv8tion.jda.api.utils.data.DataObject",
                        "simpleType": "DataObject",
                        "name": "emoji"
                    }
                ]
            },
            "methodReturnType": "EmojiUnion",
            "isStatic": true,
            "descriptionElements": [
                "<div class=\"block\">\n Parses the provided JSON representation to an emoji instance.\n</div>"
            ],
            "deprecationElement": null,
            "details": {
                "PARAMETERS": [
                    "<dd>\n <code>emoji</code> - The emoji json\n</dd>"
                ],
                "RETURNS": [
                    "<dd>\n The emoji instance\n</dd>"
                ],
                "THROWS": [
                    "<dd>\n <code><a href=\"../../exceptions/ParsingException.html\" title=\"class in net.dv8tion.jda.api.exceptions\">ParsingException</a></code> - If the JSON is not a valid emoji\n</dd>"
                ]
            },
            "seeAlso": null
        },
        "fromFormatted(java.lang.String)": {
            "elementId": "fromFormatted(java.lang.String)",
            "methodAnnotations": "@Nonnull",
            "methodName": "fromFormatted",
            "methodSignature": "@Nonnull static EmojiUnion fromFormatted(@Nonnull String code)",
            "methodParameters": {
                "originalText": "(@Nonnull String code)",
                "parameters": [
                    {
                        "annotations": [
                            "Nonnull"
                        ],
                        "type": "java.lang.String",
                        "simpleType": "String",
                        "name": "code"
                    }
                ]
            },
            "methodReturnType": "EmojiUnion",
            "isStatic": true,
            "descriptionElements": [
                "<div class=\"block\">\n Parses the provided markdown formatting, or unicode characters, to an Emoji instance. \n <p><b>Example</b><br></p>\n <pre><code>\n // animated custom emoji\n fromFormatted(\"&lt;a:dance:123456789123456789&gt;\");\n // not animated custom emoji\n fromFormatted(\"&lt;:dog:123456789123456789&gt;\");\n // unicode emoji, escape codes\n fromFormatted(\"&amp;#92;uD83D&amp;#92;uDE03\");\n // codepoint notation\n fromFormatted(\"U+1F602\");\n // unicode emoji\n fromFormatted(\"😃\");\n </code></pre>\n</div>"
            ],
            "deprecationElement": null,
            "details": {
                "PARAMETERS": [
                    "<dd>\n <code>code</code> - The code to parse\n</dd>"
                ],
                "RETURNS": [
                    "<dd>\n The emoji instance\n</dd>"
                ],
                "THROWS": [
                    "<dd>\n <code><a href=\"https://docs.oracle.com/javase/8/docs/api/java/lang/IllegalArgumentException.html\" title=\"class or interface in java.lang\" class=\"external-link\">IllegalArgumentException</a></code> - If the provided code is null or empty\n</dd>"
                ]
            },
            "seeAlso": null
        },
        "getType()": {
            "elementId": "getType()",
            "methodAnnotations": "@Nonnull",
            "methodName": "getType",
            "methodSignature": "@Nonnull Emoji.Type getType()",
            "methodParameters": null,
            "methodReturnType": "Emoji.Type",
            "isStatic": false,
            "descriptionElements": [
                "<div class=\"block\">\n The <a href=\"Emoji.Type.html\" title=\"enum in net.dv8tion.jda.api.entities.emoji\"><code>Emoji.Type</code></a> of this emoji.\n</div>"
            ],
            "deprecationElement": null,
            "details": {
                "RETURNS": [
                    "<dd>\n The <a href=\"Emoji.Type.html\" title=\"enum in net.dv8tion.jda.api.entities.emoji\"><code>Emoji.Type</code></a>\n</dd>"
                ]
            },
            "seeAlso": null
        },
        "formatTo(java.util.Formatter,int,int,int)": {
            "elementId": "formatTo(java.util.Formatter,int,int,int)",
            "methodAnnotations": null,
            "methodName": "formatTo",
            "methodSignature": "default void formatTo(Formatter formatter, int flags, int width, int precision)",
            "methodParameters": {
                "originalText": "(Formatter formatter, int flags, int width, int precision)",
                "parameters": [
                    {
                        "annotations": [],
                        "type": "java.util.Formatter",
                        "simpleType": "Formatter",
                        "name": "formatter"
                    },
                    {
                        "annotations": [],
                        "type": "int",
                        "simpleType": "int",
                        "name": "flags"
                    },
                    {
                        "annotations": [],
                        "type": "int",
                        "simpleType": "int",
                        "name": "width"
                    },
                    {
                        "annotations": [],
                        "type": "int",
                        "simpleType": "int",
                        "name": "precision"
                    }
                ]
            },
            "methodReturnType": "void",
            "isStatic": false,
            "descriptionElements": [],
            "deprecationElement": null,
            "details": {
                "SPECIFIED_BY": [
                    "<dd>\n <code><a href=\"https://docs.oracle.com/javase/8/docs/api/java/util/Formattable.html#formatTo-java.util.Formatter-int-int-int-\" title=\"class or interface in java.util\" class=\"external-link\">formatTo</a></code>&nbsp;in interface&nbsp;<code><a href=\"https://docs.oracle.com/javase/8/docs/api/java/util/Formattable.html\" title=\"class or interface in java.util\" class=\"external-link\">Formattable</a></code>\n</dd>"
                ]
            },
            "seeAlso": null
        },
        "fromUnicode(java.lang.String)": {
            "elementId": "fromUnicode(java.lang.String)",
            "methodAnnotations": "@Nonnull",
            "methodName": "fromUnicode",
            "methodSignature": "@Nonnull static UnicodeEmoji fromUnicode(@Nonnull String code)",
            "methodParameters": {
                "originalText": "(@Nonnull String code)",
                "parameters": [
                    {
                        "annotations": [
                            "Nonnull"
                        ],
                        "type": "java.lang.String",
                        "simpleType": "String",
                        "name": "code"
                    }
                ]
            },
            "methodReturnType": "UnicodeEmoji",
            "isStatic": true,
            "descriptionElements": [
                "<div class=\"block\">\n Creates a reference for a unicode emoji with the provided unicode. \n <br>\n This has to be the unicode characters rather than the emoji name. \n <br>\n A reference of unicode emojis can be found here: <a href=\"https://unicode.org/emoji/charts/full-emoji-list.html\" target=\"_blank\">Emoji Table</a>. \n <p><b>Examples</b><br></p>\n <pre><code>\n // unicode emoji, escape codes\n fromUnicode(\"&amp;#92;uD83D&amp;#92;uDE03\");\n // codepoint notation\n fromUnicode(\"U+1F602\");\n // unicode emoji\n fromUnicode(\"😃\");\n </code></pre>\n</div>"
            ],
            "deprecationElement": null,
            "details": {
                "PARAMETERS": [
                    "<dd>\n <code>code</code> - The unicode characters, or codepoint notation such as <code>\"U+1F602\"</code>\n</dd>"
                ],
                "RETURNS": [
                    "<dd>\n The new emoji instance\n</dd>"
                ],
                "THROWS": [
                    "<dd>\n <code><a href=\"https://docs.oracle.com/javase/8/docs/api/java/lang/IllegalArgumentException.html\" title=\"class or interface in java.lang\" class=\"external-link\">IllegalArgumentException</a></code> - If the code is null or empty\n</dd>"
                ]
            },
            "seeAlso": null
        },
        "getAsReactionCode()": {
            "elementId": "getAsReactionCode()",
            "methodAnnotations": "@Nonnull",
            "methodName": "getAsReactionCode",
            "methodSignature": "@Nonnull String getAsReactionCode()",
            "methodParameters": null,
            "methodReturnType": "String",
            "isStatic": false,
            "descriptionElements": [
                "<div class=\"block\">\n The reaction code for this emoji. \n <br>\n For unicode emojis this will be the unicode of said emoji rather than an alias like <code>:smiley:</code>. \n <br>\n For custom emojis this will be the name and id of said emoji in the format <code>&lt;name&gt;:&lt;id&gt;</code>.\n</div>"
            ],
            "deprecationElement": null,
            "details": {
                "RETURNS": [
                    "<dd>\n The unicode if it is an emoji, or the name and id in the format <code>&lt;name&gt;:&lt;id&gt;</code>\n</dd>"
                ]
            },
            "seeAlso": null
        },
        "fromCustom(net.dv8tion.jda.api.entities.emoji.CustomEmoji)": {
            "elementId": "fromCustom(net.dv8tion.jda.api.entities.emoji.CustomEmoji)",
            "methodAnnotations": "@Nonnull",
            "methodName": "fromCustom",
            "methodSignature": "@Nonnull static CustomEmoji fromCustom(@Nonnull CustomEmoji emoji)",
            "methodParameters": {
                "originalText": "(@Nonnull CustomEmoji emoji)",
                "parameters": [
                    {
                        "annotations": [
                            "Nonnull"
                        ],
                        "type": "net.dv8tion.jda.api.entities.emoji.CustomEmoji",
                        "simpleType": "CustomEmoji",
                        "name": "emoji"
                    }
                ]
            },
            "methodReturnType": "CustomEmoji",
            "isStatic": true,
            "descriptionElements": [
                "<div class=\"block\">\n Creates a reference for a custom emoji from the provided <a href=\"CustomEmoji.html\" title=\"interface in net.dv8tion.jda.api.entities.emoji\"><code>CustomEmoji</code></a>\n</div>"
            ],
            "deprecationElement": null,
            "details": {
                "PARAMETERS": [
                    "<dd>\n <code>emoji</code> - The emoji instance\n</dd>"
                ],
                "RETURNS": [
                    "<dd>\n The new emoji instance\n</dd>"
                ],
                "THROWS": [
                    "<dd>\n <code><a href=\"https://docs.oracle.com/javase/8/docs/api/java/lang/IllegalArgumentException.html\" title=\"class or interface in java.lang\" class=\"external-link\">IllegalArgumentException</a></code> - If the emoji is null\n</dd>"
                ]
            },
            "seeAlso": null
        }
    },
    "fields": {}
}