{
    "classNameFqcn": "net.dv8tion.jda.api.entities.emoji.EmojiUnion",
    "descriptionElements": [
        "<div class=\"block\">\n Represents possible <a href=\"Emoji.html\" title=\"interface in net.dv8tion.jda.api.entities.emoji\"><code>Emoji</code></a> types.\n <p>This delegates the emoji methods for some concrete emoji type, but can be converted to a concrete type using either <a href=\"#asUnicode()\"><code>asUnicode()</code></a>, <a href=\"#asCustom()\"><code>asCustom()</code></a>, <a href=\"#asRich()\"><code>asRich()</code></a> or <a href=\"#asApplication()\"><code>asApplication()</code></a>.</p>\n</div>"
    ],
    "deprecationElement": null,
    "details": {
        "SUPER_INTERFACES": [
            "<dd>\n <code><a href=\"Emoji.html\" title=\"interface in net.dv8tion.jda.api.entities.emoji\">Emoji</a></code>, <code><a href=\"https://docs.oracle.com/javase/8/docs/api/java/util/Formattable.html\" title=\"class or interface in java.util\" class=\"external-link\">Formattable</a></code>, <code><a href=\"../../utils/data/SerializableData.html\" title=\"interface in net.dv8tion.jda.api.utils.data\">SerializableData</a></code>\n</dd>"
        ]
    },
    "seeAlso": null,
    "methods": {
        "getFormatted()": {
            "elementId": "getFormatted()",
            "methodAnnotations": "@Nonnull",
            "methodName": "getFormatted",
            "methodSignature": "@Nonnull String getFormatted()",
            "parameters": [],
            "methodReturnType": "String",
            "isStatic": false,
            "descriptionElements": [
                "<div class=\"block\">\n Formatted string used in messages.\n <br>\n For unicode emoji, this is simply <a href=\"#getName()\"><code>getName()</code></a>. For custom emoji, this will be the mention markdown format <code>&lt;:name:id&gt;</code>.\n</div>"
            ],
            "deprecationElement": null,
            "details": {
                "RETURNS": [
                    "<dd>The formatted message string</dd>"
                ]
            },
            "seeAlso": null
        },
        "getName()": {
            "elementId": "getName()",
            "methodAnnotations": "@Nonnull",
            "methodName": "getName",
            "methodSignature": "@Nonnull String getName()",
            "parameters": [],
            "methodReturnType": "String",
            "isStatic": false,
            "descriptionElements": [
                "<div class=\"block\">\n The name of this emoji.\n <br>\n This will be the unicode characters if this emoji is not of <a href=\"#getType()\"><code>getType()</code></a> <a href=\"Emoji.Type.html#CUSTOM\"><code>CUSTOM</code></a>.\n</div>"
            ],
            "deprecationElement": null,
            "details": {
                "RETURNS": [
                    "<dd>The unicode or custom name</dd>"
                ]
            },
            "seeAlso": null
        },
        "toData()": {
            "elementId": "toData()",
            "methodAnnotations": "@Nonnull",
            "methodName": "toData",
            "methodSignature": "@Nonnull DataObject toData()",
            "parameters": [],
            "methodReturnType": "DataObject",
            "isStatic": false,
            "descriptionElements": [
                "<div class=\"block\">\n Serialized <a href=\"DataObject.html\" title=\"class in net.dv8tion.jda.api.utils.data\"><code>DataObject</code></a> for this object.\n</div>"
            ],
            "deprecationElement": null,
            "details": {
                "RETURNS": [
                    "<dd>\n <a href=\"DataObject.html\" title=\"class in net.dv8tion.jda.api.utils.data\"><code>DataObject</code></a>\n</dd>"
                ]
            },
            "seeAlso": null
        },
        "asUnicode()": {
            "elementId": "asUnicode()",
            "methodAnnotations": "@Nonnull",
            "methodName": "asUnicode",
            "methodSignature": "@Nonnull UnicodeEmoji asUnicode()",
            "parameters": [],
            "methodReturnType": "UnicodeEmoji",
            "isStatic": false,
            "descriptionElements": [
                "<div class=\"block\">\n Returns the underlying <a href=\"UnicodeEmoji.html\" title=\"interface in net.dv8tion.jda.api.entities.emoji\"><code>UnicodeEmoji</code></a> if applicable.\n</div>"
            ],
            "deprecationElement": null,
            "details": {
                "RETURNS": [
                    "<dd>\n The <a href=\"UnicodeEmoji.html\" title=\"interface in net.dv8tion.jda.api.entities.emoji\"><code>UnicodeEmoji</code></a>\n</dd>"
                ],
                "THROWS": [
                    "<dd>\n <code><a href=\"https://docs.oracle.com/javase/8/docs/api/java/lang/IllegalStateException.html\" title=\"class or interface in java.lang\" class=\"external-link\">IllegalStateException</a></code> - If this is not a <a href=\"UnicodeEmoji.html\" title=\"interface in net.dv8tion.jda.api.entities.emoji\"><code>UnicodeEmoji</code></a>\n</dd>"
                ]
            },
            "seeAlso": null
        },
        "asApplication()": {
            "elementId": "asApplication()",
            "methodAnnotations": "@Nonnull",
            "methodName": "asApplication",
            "methodSignature": "@Nonnull ApplicationEmoji asApplication()",
            "parameters": [],
            "methodReturnType": "ApplicationEmoji",
            "isStatic": false,
            "descriptionElements": [
                "<div class=\"block\">\n Returns the underlying <a href=\"ApplicationEmoji.html\" title=\"interface in net.dv8tion.jda.api.entities.emoji\"><code>ApplicationEmoji</code></a> if applicable.\n</div>"
            ],
            "deprecationElement": null,
            "details": {
                "RETURNS": [
                    "<dd>\n The <a href=\"ApplicationEmoji.html\" title=\"interface in net.dv8tion.jda.api.entities.emoji\"><code>ApplicationEmoji</code></a>\n</dd>"
                ],
                "THROWS": [
                    "<dd>\n <code><a href=\"https://docs.oracle.com/javase/8/docs/api/java/lang/IllegalStateException.html\" title=\"class or interface in java.lang\" class=\"external-link\">IllegalStateException</a></code> - If this is not a <a href=\"ApplicationEmoji.html\" title=\"interface in net.dv8tion.jda.api.entities.emoji\"><code>ApplicationEmoji</code></a>\n</dd>"
                ]
            },
            "seeAlso": null
        },
        "getType()": {
            "elementId": "getType()",
            "methodAnnotations": "@Nonnull",
            "methodName": "getType",
            "methodSignature": "@Nonnull Emoji.Type getType()",
            "parameters": [],
            "methodReturnType": "Emoji.Type",
            "isStatic": false,
            "descriptionElements": [
                "<div class=\"block\">\n The <a href=\"Emoji.Type.html\" title=\"enum in net.dv8tion.jda.api.entities.emoji\"><code>Emoji.Type</code></a> of this emoji.\n</div>"
            ],
            "deprecationElement": null,
            "details": {
                "RETURNS": [
                    "<dd>\n The <a href=\"Emoji.Type.html\" title=\"enum in net.dv8tion.jda.api.entities.emoji\"><code>Emoji.Type</code></a>\n</dd>"
                ]
            },
            "seeAlso": null
        },
        "asCustom()": {
            "elementId": "asCustom()",
            "methodAnnotations": "@Nonnull",
            "methodName": "asCustom",
            "methodSignature": "@Nonnull CustomEmoji asCustom()",
            "parameters": [],
            "methodReturnType": "CustomEmoji",
            "isStatic": false,
            "descriptionElements": [
                "<div class=\"block\">\n Returns the underlying <a href=\"CustomEmoji.html\" title=\"interface in net.dv8tion.jda.api.entities.emoji\"><code>CustomEmoji</code></a> if applicable.\n</div>"
            ],
            "deprecationElement": null,
            "details": {
                "RETURNS": [
                    "<dd>\n The <a href=\"CustomEmoji.html\" title=\"interface in net.dv8tion.jda.api.entities.emoji\"><code>CustomEmoji</code></a>\n</dd>"
                ],
                "THROWS": [
                    "<dd>\n <code><a href=\"https://docs.oracle.com/javase/8/docs/api/java/lang/IllegalStateException.html\" title=\"class or interface in java.lang\" class=\"external-link\">IllegalStateException</a></code> - If this is not a <a href=\"CustomEmoji.html\" title=\"interface in net.dv8tion.jda.api.entities.emoji\"><code>CustomEmoji</code></a>\n</dd>"
                ]
            },
            "seeAlso": null
        },
        "formatTo(java.util.Formatter,int,int,int)": {
            "elementId": "formatTo(java.util.Formatter,int,int,int)",
            "methodAnnotations": null,
            "methodName": "formatTo",
            "methodSignature": "default void formatTo(Formatter formatter, int flags, int width, int precision)",
            "parameters": [
                {
                    "annotations": [],
                    "type": "java.util.Formatter",
                    "simpleType": "Formatter",
                    "name": "formatter"
                },
                {
                    "annotations": [],
                    "type": "int",
                    "simpleType": "int",
                    "name": "flags"
                },
                {
                    "annotations": [],
                    "type": "int",
                    "simpleType": "int",
                    "name": "width"
                },
                {
                    "annotations": [],
                    "type": "int",
                    "simpleType": "int",
                    "name": "precision"
                }
            ],
            "methodReturnType": "void",
            "isStatic": false,
            "descriptionElements": [],
            "deprecationElement": null,
            "details": {
                "SPECIFIED_BY": [
                    "<dd>\n <code><a href=\"https://docs.oracle.com/javase/8/docs/api/java/util/Formattable.html#formatTo-java.util.Formatter-int-int-int-\" title=\"class or interface in java.util\" class=\"external-link\">formatTo</a></code>&nbsp;in interface&nbsp;<code><a href=\"https://docs.oracle.com/javase/8/docs/api/java/util/Formattable.html\" title=\"class or interface in java.util\" class=\"external-link\">Formattable</a></code>\n</dd>"
                ]
            },
            "seeAlso": null
        },
        "getAsReactionCode()": {
            "elementId": "getAsReactionCode()",
            "methodAnnotations": "@Nonnull",
            "methodName": "getAsReactionCode",
            "methodSignature": "@Nonnull String getAsReactionCode()",
            "parameters": [],
            "methodReturnType": "String",
            "isStatic": false,
            "descriptionElements": [
                "<div class=\"block\">\n The reaction code for this emoji.\n <br>\n For unicode emojis this will be the unicode of said emoji rather than an alias like <code>:smiley:</code>.\n <br>\n For custom emojis this will be the name and id of said emoji in the format <code>&lt;name&gt;:&lt;id&gt;</code>.\n</div>"
            ],
            "deprecationElement": null,
            "details": {
                "RETURNS": [
                    "<dd>\n The unicode if it is an emoji, or the name and id in the format <code>&lt;name&gt;:&lt;id&gt;</code>\n</dd>"
                ]
            },
            "seeAlso": null
        },
        "asRich()": {
            "elementId": "asRich()",
            "methodAnnotations": "@Nonnull",
            "methodName": "asRich",
            "methodSignature": "@Nonnull RichCustomEmoji asRich()",
            "parameters": [],
            "methodReturnType": "RichCustomEmoji",
            "isStatic": false,
            "descriptionElements": [
                "<div class=\"block\">\n Returns the underlying <a href=\"RichCustomEmoji.html\" title=\"interface in net.dv8tion.jda.api.entities.emoji\"><code>RichCustomEmoji</code></a> if applicable.\n</div>"
            ],
            "deprecationElement": null,
            "details": {
                "RETURNS": [
                    "<dd>\n The <a href=\"RichCustomEmoji.html\" title=\"interface in net.dv8tion.jda.api.entities.emoji\"><code>RichCustomEmoji</code></a>\n</dd>"
                ],
                "THROWS": [
                    "<dd>\n <code><a href=\"https://docs.oracle.com/javase/8/docs/api/java/lang/IllegalStateException.html\" title=\"class or interface in java.lang\" class=\"external-link\">IllegalStateException</a></code> - If this is not a <a href=\"RichCustomEmoji.html\" title=\"interface in net.dv8tion.jda.api.entities.emoji\"><code>RichCustomEmoji</code></a>\n</dd>"
                ]
            },
            "seeAlso": null
        }
    },
    "fields": {}
}