{
    "classNameFqcn": "net.dv8tion.jda.api.entities.emoji.RichCustomEmoji",
    "descriptionElements": [
        "<div class=\"block\">\n Represents a Custom Emoji. \n <p><b>This does not represent unicode emojis like they are used in the official client! The format <code>:smiley:</code> is a client-side alias which is replaced by the unicode emoji, not a custom emoji.</b></p>\n</div>"
    ],
    "deprecationElement": null,
    "details": {
        "SEE_ALSO": [
            "<dd>\n <ul class=\"see-list-long\">\n  <li><a href=\"../Guild.html#getEmojiCache()\"><code>Guild.getEmojiCache()</code></a></li>\n  <li><a href=\"../Guild.html#getEmojiById(long)\"><code>Guild.getEmojiById(long)</code></a></li>\n  <li><a href=\"../Guild.html#getEmojisByName(java.lang.String,boolean)\"><code>Guild.getEmojisByName(String, boolean)</code></a></li>\n  <li><a href=\"../Guild.html#getEmojis()\"><code>Guild.getEmojis()</code></a></li>\n  <li><a href=\"../../JDA.html#getEmojiCache()\"><code>JDA.getEmojiCache()</code></a></li>\n  <li><a href=\"../../JDA.html#getEmojiById(long)\"><code>JDA.getEmojiById(long)</code></a></li>\n  <li><a href=\"../../JDA.html#getEmojisByName(java.lang.String,boolean)\"><code>JDA.getEmojisByName(String, boolean)</code></a></li>\n  <li><a href=\"../../JDA.html#getEmojis()\"><code>JDA.getEmojis()</code></a></li>\n </ul>\n</dd>"
        ],
        "SUPER_INTERFACES": [
            "<dd>\n <code><a href=\"CustomEmoji.html\" title=\"interface in net.dv8tion.jda.api.entities.emoji\">CustomEmoji</a></code>, <code><a href=\"Emoji.html\" title=\"interface in net.dv8tion.jda.api.entities.emoji\">Emoji</a></code>, <code><a href=\"https://docs.oracle.com/javase/8/docs/api/java/util/Formattable.html\" title=\"class or interface in java.util\" class=\"external-link\">Formattable</a></code>, <code><a href=\"../IMentionable.html\" title=\"interface in net.dv8tion.jda.api.entities\">IMentionable</a></code>, <code><a href=\"../ISnowflake.html\" title=\"interface in net.dv8tion.jda.api.entities\">ISnowflake</a></code>, <code><a href=\"../../utils/data/SerializableData.html\" title=\"interface in net.dv8tion.jda.api.utils.data\">SerializableData</a></code>\n</dd>"
        ]
    },
    "seeAlso": {
        "references": [
            {
                "text": "Guild#getEmojiCache()",
                "link": "https://docs.jda.wiki/net/dv8tion/jda/api/entities/Guild.html#getEmojiCache()",
                "targetType": "METHOD",
                "fullSignature": "Guild#getEmojiCache()"
            },
            {
                "text": "Guild#getEmojiById(long)",
                "link": "https://docs.jda.wiki/net/dv8tion/jda/api/entities/Guild.html#getEmojiById(long)",
                "targetType": "METHOD",
                "fullSignature": "Guild#getEmojiById(long)"
            },
            {
                "text": "Guild#getEmojisByName(String, boolean)",
                "link": "https://docs.jda.wiki/net/dv8tion/jda/api/entities/Guild.html#getEmojisByName(java.lang.String,boolean)",
                "targetType": "METHOD",
                "fullSignature": "Guild#getEmojisByName(String, boolean)"
            },
            {
                "text": "Guild#getEmojis()",
                "link": "https://docs.jda.wiki/net/dv8tion/jda/api/entities/Guild.html#getEmojis()",
                "targetType": "METHOD",
                "fullSignature": "Guild#getEmojis()"
            },
            {
                "text": "JDA#getEmojiCache()",
                "link": "https://docs.jda.wiki/net/dv8tion/jda/api/JDA.html#getEmojiCache()",
                "targetType": "METHOD",
                "fullSignature": "JDA#getEmojiCache()"
            },
            {
                "text": "JDA#getEmojiById(long)",
                "link": "https://docs.jda.wiki/net/dv8tion/jda/api/JDA.html#getEmojiById(long)",
                "targetType": "METHOD",
                "fullSignature": "JDA#getEmojiById(long)"
            },
            {
                "text": "JDA#getEmojisByName(String, boolean)",
                "link": "https://docs.jda.wiki/net/dv8tion/jda/api/JDA.html#getEmojisByName(java.lang.String,boolean)",
                "targetType": "METHOD",
                "fullSignature": "JDA#getEmojisByName(String, boolean)"
            },
            {
                "text": "JDA#getEmojis()",
                "link": "https://docs.jda.wiki/net/dv8tion/jda/api/JDA.html#getEmojis()",
                "targetType": "METHOD",
                "fullSignature": "JDA#getEmojis()"
            }
        ]
    },
    "methods": {
        "getManager()": {
            "elementId": "getManager()",
            "methodAnnotations": "@Nonnull @CheckReturnValue",
            "methodName": "getManager",
            "methodSignature": "@Nonnull @CheckReturnValue CustomEmojiManager getManager()",
            "parameters": [],
            "methodReturnType": "CustomEmojiManager",
            "isStatic": false,
            "descriptionElements": [
                "<div class=\"block\">\n The <a href=\"../../managers/CustomEmojiManager.html\" title=\"interface in net.dv8tion.jda.api.managers\"><code>Manager</code></a> for this emoji, used to modify properties of the emoji like name and role restrictions. \n <br>\n You modify multiple fields in one request by chaining setters before calling <a href=\"../../requests/RestAction.html#queue()\"><code>RestAction.queue()</code></a>.\n</div>"
            ],
            "deprecationElement": null,
            "details": {
                "RETURNS": [
                    "<dd>\n The CustomEmojiManager for this emoji\n</dd>"
                ],
                "THROWS": [
                    "<dd>\n <code><a href=\"../../exceptions/InsufficientPermissionException.html\" title=\"class in net.dv8tion.jda.api.exceptions\">InsufficientPermissionException</a></code> - If the currently logged in account does not have <a href=\"../../Permission.html#MANAGE_GUILD_EXPRESSIONS\"><code>Permission.MANAGE_GUILD_EXPRESSIONS</code></a>\n</dd>"
                ]
            },
            "seeAlso": null
        },
        "getIdLong()": {
            "elementId": "getIdLong()",
            "methodAnnotations": null,
            "methodName": "getIdLong",
            "methodSignature": "long getIdLong()",
            "parameters": [],
            "methodReturnType": "long",
            "isStatic": false,
            "descriptionElements": [
                "<div class=\"block\">\n The Snowflake id of this entity. This is unique to every entity and will never change.\n</div>"
            ],
            "deprecationElement": null,
            "details": {
                "RETURNS": [
                    "<dd>\n Long containing the Id.\n</dd>"
                ]
            },
            "seeAlso": null
        },
        "getAsReactionCode()": {
            "elementId": "getAsReactionCode()",
            "methodAnnotations": "@Nonnull",
            "methodName": "getAsReactionCode",
            "methodSignature": "@Nonnull String getAsReactionCode()",
            "parameters": [],
            "methodReturnType": "String",
            "isStatic": false,
            "descriptionElements": [
                "<div class=\"block\">\n The reaction code for this emoji. \n <br>\n For unicode emojis this will be the unicode of said emoji rather than an alias like <code>:smiley:</code>. \n <br>\n For custom emojis this will be the name and id of said emoji in the format <code>&lt;name&gt;:&lt;id&gt;</code>.\n</div>"
            ],
            "deprecationElement": null,
            "details": {
                "RETURNS": [
                    "<dd>\n The unicode if it is an emoji, or the name and id in the format <code>&lt;name&gt;:&lt;id&gt;</code>\n</dd>"
                ]
            },
            "seeAlso": null
        },
        "isAnimated()": {
            "elementId": "isAnimated()",
            "methodAnnotations": null,
            "methodName": "isAnimated",
            "methodSignature": "boolean isAnimated()",
            "parameters": [],
            "methodReturnType": "boolean",
            "isStatic": false,
            "descriptionElements": [
                "<div class=\"block\">\n Whether this emoji is animated.\n</div>"
            ],
            "deprecationElement": null,
            "details": {
                "RETURNS": [
                    "<dd>\n True, if this emoji is animated\n</dd>"
                ]
            },
            "seeAlso": null
        },
        "getOwner()": {
            "elementId": "getOwner()",
            "methodAnnotations": "@Nullable",
            "methodName": "getOwner",
            "methodSignature": "@Nullable User getOwner()",
            "parameters": [],
            "methodReturnType": "User",
            "isStatic": false,
            "descriptionElements": [
                "<div class=\"block\">\n The user who created this emoji \n <p>This is only available for manually retrieved emojis from <a href=\"../Guild.html#retrieveEmojis()\"><code>Guild.retrieveEmojis()</code></a> and <a href=\"../Guild.html#retrieveEmojiById(long)\"><code>Guild.retrieveEmojiById(long)</code></a>. <br>\n  Requires <a href=\"../../Permission.html#MANAGE_GUILD_EXPRESSIONS\"><code>Permission.MANAGE_GUILD_EXPRESSIONS</code></a>.</p>\n</div>"
            ],
            "deprecationElement": null,
            "details": {
                "RETURNS": [
                    "<dd>\n The user who created this emoji, or null if not provided\n</dd>"
                ],
                "SEE_ALSO": [
                    "<dd>\n <ul class=\"see-list\">\n  <li><a href=\"#retrieveOwner()\"><code>retrieveOwner()</code></a></li>\n </ul>\n</dd>"
                ],
                "THROWS": [
                    "<dd>\n <code><a href=\"https://docs.oracle.com/javase/8/docs/api/java/lang/IllegalStateException.html\" title=\"class or interface in java.lang\" class=\"external-link\">IllegalStateException</a></code> - If this emoji does not have user information\n</dd>"
                ]
            },
            "seeAlso": {
                "references": [
                    {
                        "text": "retrieveOwner()",
                        "link": "https://docs.jda.wiki/net/dv8tion/jda/api/entities/emoji/RichCustomEmoji.html#retrieveOwner()",
                        "targetType": "METHOD",
                        "fullSignature": "RichCustomEmoji#retrieveOwner()"
                    }
                ]
            }
        },
        "getId()": {
            "elementId": "getId()",
            "methodAnnotations": "@Nonnull",
            "methodName": "getId",
            "methodSignature": "@Nonnull default String getId()",
            "parameters": [],
            "methodReturnType": "String",
            "isStatic": false,
            "descriptionElements": [
                "<div class=\"block\">\n The Snowflake id of this entity. This is unique to every entity and will never change.\n</div>"
            ],
            "deprecationElement": null,
            "details": {
                "RETURNS": [
                    "<dd>\n Never-null String containing the Id.\n</dd>"
                ]
            },
            "seeAlso": null
        },
        "getName()": {
            "elementId": "getName()",
            "methodAnnotations": "@Nonnull",
            "methodName": "getName",
            "methodSignature": "@Nonnull String getName()",
            "parameters": [],
            "methodReturnType": "String",
            "isStatic": false,
            "descriptionElements": [
                "<div class=\"block\">\n The name of this emoji. \n <br>\n This will be the unicode characters if this emoji is not of <a href=\"#getType()\"><code>getType()</code></a> <a href=\"Emoji.Type.html#CUSTOM\"><code>CUSTOM</code></a>.\n</div>"
            ],
            "deprecationElement": null,
            "details": {
                "RETURNS": [
                    "<dd>\n The unicode or custom name\n</dd>"
                ]
            },
            "seeAlso": null
        },
        "isManaged()": {
            "elementId": "isManaged()",
            "methodAnnotations": null,
            "methodName": "isManaged",
            "methodSignature": "boolean isManaged()",
            "parameters": [],
            "methodReturnType": "boolean",
            "isStatic": false,
            "descriptionElements": [
                "<div class=\"block\">\n Whether this emoji is managed. A managed emoji is controlled by Discord, not the Guild administrator, typical via a service like BTTV in conjunction with Twitch. \n <br><a href=\"https://discord.com/developers/docs/resources/emoji#emoji-object\" target=\"_blank\">Learn More</a>\n</div>"
            ],
            "deprecationElement": null,
            "details": {
                "RETURNS": [
                    "<dd>\n True, if this emoji is managed\n</dd>"
                ]
            },
            "seeAlso": null
        },
        "getType()": {
            "elementId": "getType()",
            "methodAnnotations": "@Nonnull",
            "methodName": "getType",
            "methodSignature": "@Nonnull default Emoji.Type getType()",
            "parameters": [],
            "methodReturnType": "Emoji.Type",
            "isStatic": false,
            "descriptionElements": [
                "<div class=\"block\">\n <span class=\"descfrm-type-label\">Description copied from interface:&nbsp;<code><a href=\"Emoji.html#getType()\">Emoji</a></code></span>\n</div>",
                "<div class=\"block\">\n The <a href=\"Emoji.Type.html\" title=\"enum in net.dv8tion.jda.api.entities.emoji\"><code>Emoji.Type</code></a> of this emoji.\n</div>"
            ],
            "deprecationElement": null,
            "details": {
                "RETURNS": [
                    "<dd>\n The <a href=\"Emoji.Type.html\" title=\"enum in net.dv8tion.jda.api.entities.emoji\"><code>Emoji.Type</code></a>\n</dd>"
                ],
                "SPECIFIED_BY": [
                    "<dd>\n <code><a href=\"Emoji.html#getType()\">getType</a></code>&nbsp;in interface&nbsp;<code><a href=\"Emoji.html\" title=\"interface in net.dv8tion.jda.api.entities.emoji\">Emoji</a></code>\n</dd>"
                ]
            },
            "seeAlso": null
        },
        "getRoles()": {
            "elementId": "getRoles()",
            "methodAnnotations": "@Nonnull",
            "methodName": "getRoles",
            "methodSignature": "@Nonnull @Unmodifiable List<Role> getRoles()",
            "parameters": [],
            "methodReturnType": "@Unmodifiable List<Role>",
            "isStatic": false,
            "descriptionElements": [
                "<div class=\"block\">\n Roles this emoji is active for. \n <br><a href=\"https://discord.com/developers/docs/resources/emoji#emoji-object\" target=\"_blank\">Learn More</a>\n</div>"
            ],
            "deprecationElement": null,
            "details": {
                "RETURNS": [
                    "<dd>\n An immutable list of the roles this emoji is active for (all roles if empty)\n</dd>"
                ]
            },
            "seeAlso": null
        },
        "getAsMention()": {
            "elementId": "getAsMention()",
            "methodAnnotations": "@Nonnull",
            "methodName": "getAsMention",
            "methodSignature": "@Nonnull default String getAsMention()",
            "parameters": [],
            "methodReturnType": "String",
            "isStatic": false,
            "descriptionElements": [
                "<div class=\"block\">\n Usable representation of this emoji (used to display in the client just like mentions with a specific format) \n <br>\n Emojis are used with the format <code>&lt;:<a href=\"Emoji.html#getName()\"><code>getName()</code></a>:<a href=\"../ISnowflake.html#getId()\"><code>getId()</code></a>&gt;</code>\n</div>"
            ],
            "deprecationElement": null,
            "details": {
                "RETURNS": [
                    "<dd>\n A usable String representation for this emoji\n</dd>"
                ],
                "SEE_ALSO": [
                    "<dd>\n <ul class=\"see-list\">\n  <li><a href=\"https://discord.com/developers/docs/resources/channel#message-formatting\">Message Formatting</a></li>\n </ul>\n</dd>"
                ],
                "SPECIFIED_BY": [
                    "<dd>\n <code><a href=\"../IMentionable.html#getAsMention()\">getAsMention</a></code>&nbsp;in interface&nbsp;<code><a href=\"../IMentionable.html\" title=\"interface in net.dv8tion.jda.api.entities\">IMentionable</a></code>\n</dd>"
                ]
            },
            "seeAlso": {
                "references": [
                    {
                        "text": "Message Formatting",
                        "link": "https://discord.com/developers/docs/resources/channel#message-formatting",
                        "targetType": "UNKNOWN",
                        "fullSignature": null
                    }
                ]
            }
        },
        "getFormatted()": {
            "elementId": "getFormatted()",
            "methodAnnotations": "@Nonnull",
            "methodName": "getFormatted",
            "methodSignature": "@Nonnull default String getFormatted()",
            "parameters": [],
            "methodReturnType": "String",
            "isStatic": false,
            "descriptionElements": [
                "<div class=\"block\">\n <span class=\"descfrm-type-label\">Description copied from interface:&nbsp;<code><a href=\"Emoji.html#getFormatted()\">Emoji</a></code></span>\n</div>",
                "<div class=\"block\">\n Formatted string used in messages. \n <br>\n For unicode emoji, this is simply <a href=\"Emoji.html#getName()\"><code>Emoji.getName()</code></a>. For custom emoji, this will be the mention markdown format <code>&lt;:name:id&gt;</code>.\n</div>"
            ],
            "deprecationElement": null,
            "details": {
                "RETURNS": [
                    "<dd>\n The formatted message string\n</dd>"
                ],
                "SPECIFIED_BY": [
                    "<dd>\n <code><a href=\"Emoji.html#getFormatted()\">getFormatted</a></code>&nbsp;in interface&nbsp;<code><a href=\"Emoji.html\" title=\"interface in net.dv8tion.jda.api.entities.emoji\">Emoji</a></code>\n</dd>"
                ]
            },
            "seeAlso": null
        },
        "getJDA()": {
            "elementId": "getJDA()",
            "methodAnnotations": "@Nonnull",
            "methodName": "getJDA",
            "methodSignature": "@Nonnull JDA getJDA()",
            "parameters": [],
            "methodReturnType": "JDA",
            "isStatic": false,
            "descriptionElements": [
                "<div class=\"block\">\n The <a href=\"../../JDA.html\" title=\"interface in net.dv8tion.jda.api\"><code>JDA</code></a> instance of this emoji\n</div>"
            ],
            "deprecationElement": null,
            "details": {
                "RETURNS": [
                    "<dd>\n The JDA instance of this emoji\n</dd>"
                ]
            },
            "seeAlso": null
        },
        "canInteract(net.dv8tion.jda.api.entities.User,net.dv8tion.jda.api.entities.channel.middleman.MessageChannel)": {
            "elementId": "canInteract(net.dv8tion.jda.api.entities.User,net.dv8tion.jda.api.entities.channel.middleman.MessageChannel)",
            "methodAnnotations": null,
            "methodName": "canInteract",
            "methodSignature": "default boolean canInteract(User issuer, MessageChannel channel)",
            "parameters": [
                {
                    "annotations": [],
                    "type": "net.dv8tion.jda.api.entities.User",
                    "simpleType": "User",
                    "name": "issuer"
                },
                {
                    "annotations": [],
                    "type": "net.dv8tion.jda.api.entities.channel.middleman.MessageChannel",
                    "simpleType": "MessageChannel",
                    "name": "channel"
                }
            ],
            "methodReturnType": "boolean",
            "isStatic": false,
            "descriptionElements": [
                "<div class=\"block\">\n Whether the specified User can interact with this emoji within the provided MessageChannel \n <br>\n Same logic as <a href=\"#canInteract(net.dv8tion.jda.api.entities.User,net.dv8tion.jda.api.entities.channel.middleman.MessageChannel,boolean)\"><code>canInteract(issuer, channel, true)</code></a>!\n</div>"
            ],
            "deprecationElement": null,
            "details": {
                "PARAMETERS": [
                    "<dd>\n <code>issuer</code> - The User to test\n</dd>",
                    "<dd>\n <code>channel</code> - The MessageChannel to test\n</dd>"
                ],
                "RETURNS": [
                    "<dd>\n True, if the provided Member can use this emoji\n</dd>"
                ]
            },
            "seeAlso": null
        },
        "getImage()": {
            "elementId": "getImage()",
            "methodAnnotations": "@Nonnull",
            "methodName": "getImage",
            "methodSignature": "@Nonnull default ImageProxy getImage()",
            "parameters": [],
            "methodReturnType": "ImageProxy",
            "isStatic": false,
            "descriptionElements": [
                "<div class=\"block\">\n Returns an <a href=\"../../utils/ImageProxy.html\" title=\"class in net.dv8tion.jda.api.utils\"><code>ImageProxy</code></a> for this emoji's image.\n</div>"
            ],
            "deprecationElement": null,
            "details": {
                "RETURNS": [
                    "<dd>\n Never-null <a href=\"../../utils/ImageProxy.html\" title=\"class in net.dv8tion.jda.api.utils\"><code>ImageProxy</code></a> of this emoji's image\n</dd>"
                ],
                "SEE_ALSO": [
                    "<dd>\n <ul class=\"see-list\">\n  <li><a href=\"#getImageUrl()\"><code>getImageUrl()</code></a></li>\n </ul>\n</dd>"
                ]
            },
            "seeAlso": {
                "references": [
                    {
                        "text": "getImageUrl()",
                        "link": "https://docs.jda.wiki/net/dv8tion/jda/api/entities/emoji/CustomEmoji.html#getImageUrl()",
                        "targetType": "METHOD",
                        "fullSignature": "CustomEmoji#getImageUrl()"
                    }
                ]
            }
        },
        "canInteract(net.dv8tion.jda.api.entities.User,net.dv8tion.jda.api.entities.channel.middleman.MessageChannel,boolean)": {
            "elementId": "canInteract(net.dv8tion.jda.api.entities.User,net.dv8tion.jda.api.entities.channel.middleman.MessageChannel,boolean)",
            "methodAnnotations": null,
            "methodName": "canInteract",
            "methodSignature": "default boolean canInteract(User issuer, MessageChannel channel, boolean botOverride)",
            "parameters": [
                {
                    "annotations": [],
                    "type": "net.dv8tion.jda.api.entities.User",
                    "simpleType": "User",
                    "name": "issuer"
                },
                {
                    "annotations": [],
                    "type": "net.dv8tion.jda.api.entities.channel.middleman.MessageChannel",
                    "simpleType": "MessageChannel",
                    "name": "channel"
                },
                {
                    "annotations": [],
                    "type": "boolean",
                    "simpleType": "boolean",
                    "name": "botOverride"
                }
            ],
            "methodReturnType": "boolean",
            "isStatic": false,
            "descriptionElements": [
                "<div class=\"block\">\n Whether the specified User can interact with this emoji within the provided MessageChannel \n <br>\n Special override to exclude elevated bot permissions in case of (for instance) reacting to messages.\n</div>"
            ],
            "deprecationElement": null,
            "details": {
                "PARAMETERS": [
                    "<dd>\n <code>issuer</code> - The User to test\n</dd>",
                    "<dd>\n <code>channel</code> - The MessageChannel to test\n</dd>",
                    "<dd>\n <code>botOverride</code> - Whether bots can use non-managed emojis in other guilds\n</dd>"
                ],
                "RETURNS": [
                    "<dd>\n True, if the provided Member can use this emoji\n</dd>"
                ]
            },
            "seeAlso": null
        },
        "retrieveOwner()": {
            "elementId": "retrieveOwner()",
            "methodAnnotations": "@Nonnull @CheckReturnValue",
            "methodName": "retrieveOwner",
            "methodSignature": "@Nonnull @CheckReturnValue CacheRestAction<User> retrieveOwner()",
            "parameters": [],
            "methodReturnType": "CacheRestAction<User>",
            "isStatic": false,
            "descriptionElements": [
                "<div class=\"block\">\n Retrieves the owner of this emoji. \n <br>\n If <a href=\"#getOwner()\"><code>getOwner()</code></a> is present, this will directly return the owner in a completed <a href=\"../../requests/RestAction.html\" title=\"interface in net.dv8tion.jda.api.requests\"><code>RestAction</code></a> without making a request. The user information might be outdated, you can use <a href=\"../../requests/restaction/CacheRestAction.html#useCache(boolean)\"><code>action.useCache(false)</code></a> to force an update.\n</div>"
            ],
            "deprecationElement": null,
            "details": {
                "RETURNS": [
                    "<dd>\n <a href=\"../../requests/RestAction.html\" title=\"interface in net.dv8tion.jda.api.requests\"><code>RestAction</code></a> - Type: <a href=\"../User.html\" title=\"interface in net.dv8tion.jda.api.entities\"><code>User</code></a>\n</dd>"
                ],
                "SEE_ALSO": [
                    "<dd>\n <ul class=\"see-list\">\n  <li><a href=\"#getOwner()\"><code>getOwner()</code></a></li>\n </ul>\n</dd>"
                ],
                "THROWS": [
                    "<dd>\n <code><a href=\"../../exceptions/InsufficientPermissionException.html\" title=\"class in net.dv8tion.jda.api.exceptions\">InsufficientPermissionException</a></code> - If the currently logged in account does not have <a href=\"../../Permission.html#MANAGE_GUILD_EXPRESSIONS\"><code>Permission.MANAGE_GUILD_EXPRESSIONS</code></a> in this guild\n</dd>"
                ]
            },
            "seeAlso": {
                "references": [
                    {
                        "text": "getOwner()",
                        "link": "https://docs.jda.wiki/net/dv8tion/jda/api/entities/emoji/RichCustomEmoji.html#getOwner()",
                        "targetType": "METHOD",
                        "fullSignature": "RichCustomEmoji#getOwner()"
                    }
                ]
            }
        },
        "getGuild()": {
            "elementId": "getGuild()",
            "methodAnnotations": "@Nonnull",
            "methodName": "getGuild",
            "methodSignature": "@Nonnull Guild getGuild()",
            "parameters": [],
            "methodReturnType": "Guild",
            "isStatic": false,
            "descriptionElements": [
                "<div class=\"block\">\n The <a href=\"../Guild.html\" title=\"interface in net.dv8tion.jda.api.entities\"><code>Guild</code></a> this emoji is attached to.\n</div>"
            ],
            "deprecationElement": null,
            "details": {
                "RETURNS": [
                    "<dd>\n Guild of this emoji\n</dd>"
                ]
            },
            "seeAlso": null
        },
        "canInteract(net.dv8tion.jda.api.entities.Member)": {
            "elementId": "canInteract(net.dv8tion.jda.api.entities.Member)",
            "methodAnnotations": null,
            "methodName": "canInteract",
            "methodSignature": "default boolean canInteract(Member issuer)",
            "parameters": [
                {
                    "annotations": [],
                    "type": "net.dv8tion.jda.api.entities.Member",
                    "simpleType": "Member",
                    "name": "issuer"
                }
            ],
            "methodReturnType": "boolean",
            "isStatic": false,
            "descriptionElements": [
                "<div class=\"block\">\n Whether the specified Member can interact with this emoji\n</div>"
            ],
            "deprecationElement": null,
            "details": {
                "PARAMETERS": [
                    "<dd>\n <code>issuer</code> - The User to test\n</dd>"
                ],
                "RETURNS": [
                    "<dd>\n True, if the provided Member can use this emoji\n</dd>"
                ]
            },
            "seeAlso": null
        },
        "toData()": {
            "elementId": "toData()",
            "methodAnnotations": "@Nonnull",
            "methodName": "toData",
            "methodSignature": "@Nonnull DataObject toData()",
            "parameters": [],
            "methodReturnType": "DataObject",
            "isStatic": false,
            "descriptionElements": [
                "<div class=\"block\">\n Serialized <a href=\"DataObject.html\" title=\"class in net.dv8tion.jda.api.utils.data\"><code>DataObject</code></a> for this object.\n</div>"
            ],
            "deprecationElement": null,
            "details": {
                "RETURNS": [
                    "<dd>\n <a href=\"DataObject.html\" title=\"class in net.dv8tion.jda.api.utils.data\"><code>DataObject</code></a>\n</dd>"
                ]
            },
            "seeAlso": null
        },
        "getTimeCreated()": {
            "elementId": "getTimeCreated()",
            "methodAnnotations": "@Nonnull",
            "methodName": "getTimeCreated",
            "methodSignature": "@Nonnull default OffsetDateTime getTimeCreated()",
            "parameters": [],
            "methodReturnType": "OffsetDateTime",
            "isStatic": false,
            "descriptionElements": [
                "<div class=\"block\">\n The time this entity was created. Calculated through the Snowflake in <a href=\"#getIdLong()\"><code>getIdLong()</code></a>.\n</div>"
            ],
            "deprecationElement": null,
            "details": {
                "RETURNS": [
                    "<dd>\n OffsetDateTime - Time this entity was created at.\n</dd>"
                ],
                "SEE_ALSO": [
                    "<dd>\n <ul class=\"see-list\">\n  <li><a href=\"../utils/TimeUtil.html#getTimeCreated(long)\"><code>TimeUtil.getTimeCreated(long)</code></a></li>\n </ul>\n</dd>"
                ]
            },
            "seeAlso": {
                "references": [
                    {
                        "text": "TimeUtil#getTimeCreated(long)",
                        "link": "https://docs.jda.wiki/net/dv8tion/jda/api/utils/TimeUtil.html#getTimeCreated(long)",
                        "targetType": "METHOD",
                        "fullSignature": "TimeUtil#getTimeCreated(long)"
                    }
                ]
            }
        },
        "delete()": {
            "elementId": "delete()",
            "methodAnnotations": "@Nonnull @CheckReturnValue",
            "methodName": "delete",
            "methodSignature": "@Nonnull @CheckReturnValue AuditableRestAction<Void> delete()",
            "parameters": [],
            "methodReturnType": "AuditableRestAction<Void>",
            "isStatic": false,
            "descriptionElements": [
                "<div class=\"block\">\n Deletes this emoji. \n <p>Possible ErrorResponses include:</p>\n <ul>\n  <li><a href=\"../../requests/ErrorResponse.html#UNKNOWN_EMOJI\"><code>UNKNOWN_EMOJI</code></a> <br>\n   If this emoji was already removed</li>\n  <li><a href=\"../../requests/ErrorResponse.html#UNKNOWN_GUILD\"><code>UNKNOWN_GUILD</code></a> <br>\n   If the Guild of this emoji was deleted</li>\n  <li><a href=\"../../requests/ErrorResponse.html#MISSING_ACCESS\"><code>MISSING_ACCESS</code></a> <br>\n   If we were removed from the Guild</li>\n </ul>\n</div>"
            ],
            "deprecationElement": null,
            "details": {
                "RETURNS": [
                    "<dd>\n <a href=\"../../requests/restaction/AuditableRestAction.html\" title=\"interface in net.dv8tion.jda.api.requests.restaction\"><code>AuditableRestAction</code></a> The RestAction to delete this emoji.\n</dd>"
                ],
                "THROWS": [
                    "<dd>\n <code><a href=\"https://docs.oracle.com/javase/8/docs/api/java/lang/UnsupportedOperationException.html\" title=\"class or interface in java.lang\" class=\"external-link\">UnsupportedOperationException</a></code> - If this emoji is managed by discord (<a href=\"#isManaged()\"><code>isManaged()</code></a>)\n</dd>",
                    "<dd>\n <code><a href=\"../../exceptions/InsufficientPermissionException.html\" title=\"class in net.dv8tion.jda.api.exceptions\">InsufficientPermissionException</a></code> - if the Permission <a href=\"../../Permission.html#MANAGE_GUILD_EXPRESSIONS\"><code>MANAGE_GUILD_EXPRESSIONS</code></a> is not given\n</dd>"
                ]
            },
            "seeAlso": null
        },
        "getImageUrl()": {
            "elementId": "getImageUrl()",
            "methodAnnotations": "@Nonnull",
            "methodName": "getImageUrl",
            "methodSignature": "@Nonnull default String getImageUrl()",
            "parameters": [],
            "methodReturnType": "String",
            "isStatic": false,
            "descriptionElements": [
                "<div class=\"block\">\n A String representation of the URL which leads to image displayed within the official Discord™ client when this emoji is used\n</div>"
            ],
            "deprecationElement": null,
            "details": {
                "RETURNS": [
                    "<dd>\n Discord CDN link to the emoji's image\n</dd>"
                ]
            },
            "seeAlso": null
        },
        "formatTo(java.util.Formatter,int,int,int)": {
            "elementId": "formatTo(java.util.Formatter,int,int,int)",
            "methodAnnotations": null,
            "methodName": "formatTo",
            "methodSignature": "default void formatTo(Formatter formatter, int flags, int width, int precision)",
            "parameters": [
                {
                    "annotations": [],
                    "type": "java.util.Formatter",
                    "simpleType": "Formatter",
                    "name": "formatter"
                },
                {
                    "annotations": [],
                    "type": "int",
                    "simpleType": "int",
                    "name": "flags"
                },
                {
                    "annotations": [],
                    "type": "int",
                    "simpleType": "int",
                    "name": "width"
                },
                {
                    "annotations": [],
                    "type": "int",
                    "simpleType": "int",
                    "name": "precision"
                }
            ],
            "methodReturnType": "void",
            "isStatic": false,
            "descriptionElements": [],
            "deprecationElement": null,
            "details": {
                "SPECIFIED_BY": [
                    "<dd>\n <code><a href=\"Emoji.html#formatTo(java.util.Formatter,int,int,int)\">formatTo</a></code>&nbsp;in interface&nbsp;<code><a href=\"Emoji.html\" title=\"interface in net.dv8tion.jda.api.entities.emoji\">Emoji</a></code>\n</dd>",
                    "<dd>\n <code><a href=\"https://docs.oracle.com/javase/8/docs/api/java/util/Formattable.html#formatTo-java.util.Formatter-int-int-int-\" title=\"class or interface in java.util\" class=\"external-link\">formatTo</a></code>&nbsp;in interface&nbsp;<code><a href=\"https://docs.oracle.com/javase/8/docs/api/java/util/Formattable.html\" title=\"class or interface in java.util\" class=\"external-link\">Formattable</a></code>\n</dd>",
                    "<dd>\n <code><a href=\"../IMentionable.html#formatTo(java.util.Formatter,int,int,int)\">formatTo</a></code>&nbsp;in interface&nbsp;<code><a href=\"../IMentionable.html\" title=\"interface in net.dv8tion.jda.api.entities\">IMentionable</a></code>\n</dd>"
                ]
            },
            "seeAlso": null
        },
        "isAvailable()": {
            "elementId": "isAvailable()",
            "methodAnnotations": null,
            "methodName": "isAvailable",
            "methodSignature": "boolean isAvailable()",
            "parameters": [],
            "methodReturnType": "boolean",
            "isStatic": false,
            "descriptionElements": [
                "<div class=\"block\">\n Whether this emoji is available. When an emoji becomes unavailable, it cannot be used in messages. An emoji becomes unavailable when the <a href=\"../Guild.BoostTier.html\" title=\"enum in net.dv8tion.jda.api.entities\"><code>BoostTier</code></a> of the guild drops such that the maximum allowed emojis is lower than the total amount of emojis added to the guild. \n <p>If an emoji is added to the guild when the boost tier allows for more than 50 normal and 50 animated emojis (BoostTier is at least <a href=\"../Guild.BoostTier.html#TIER_1\"><code>TIER_1</code></a>) and the emoji is at least the 51st one added, then the emoji becomes unavailable when the BoostTier drops below a level that allows those emojis to be used. <br>\n  emojis that where added as part of a lower BoostTier (i.e. the 51st emoji on BoostTier 2) will remain available, as long as the BoostTier stays above the required level.</p>\n</div>"
            ],
            "deprecationElement": null,
            "details": {
                "RETURNS": [
                    "<dd>\n True, if this emoji is available\n</dd>"
                ]
            },
            "seeAlso": null
        }
    },
    "fields": {
        "EMOJI_NAME_MAX_LENGTH": {
            "elementId": "EMOJI_NAME_MAX_LENGTH",
            "fieldName": "EMOJI_NAME_MAX_LENGTH",
            "fieldType": "int",
            "fieldValue": "32",
            "descriptionElements": [],
            "deprecationElement": null,
            "modifiers": "static final"
        },
        "ICON_URL": {
            "elementId": "ICON_URL",
            "fieldName": "ICON_URL",
            "fieldType": "String",
            "fieldValue": "\"https://cdn.discordapp.com/emojis/%s.%s\"",
            "descriptionElements": [
                "<div class=\"block\">\n Template for <a href=\"#getImageUrl()\"><code>getImageUrl()</code></a>\n</div>"
            ],
            "deprecationElement": null,
            "modifiers": "static final"
        }
    }
}