{
    "classNameFqcn": "net.dv8tion.jda.api.events.guild.GenericGuildEvent",
    "descriptionElements": [
        "<div class=\"block\">\n Indicates that a <a href=\"../../entities/Guild.html\" title=\"interface in net.dv8tion.jda.api.entities\"><code>Guild</code></a> event is fired.\n <br>\n Every GuildEvent is an instance of this event and can be casted.\n <p>Can be used to detect any GuildEvent.</p>\n</div>"
    ],
    "deprecationElement": null,
    "details": {
        "ALL_IMPLEMENTED_INTERFACES": [
            "<dd>\n <code><a href=\"../GenericEvent.html\" title=\"interface in net.dv8tion.jda.api.events\">GenericEvent</a></code>\n</dd>"
        ],
        "DIRECT_KNOWN_SUBCLASSES": [
            "<dd>\n <code><a href=\"invite/GenericGuildInviteEvent.html\" title=\"class in net.dv8tion.jda.api.events.guild.invite\">GenericGuildInviteEvent</a></code>, <code><a href=\"member/GenericGuildMemberEvent.html\" title=\"class in net.dv8tion.jda.api.events.guild.member\">GenericGuildMemberEvent</a></code>, <code><a href=\"update/GenericGuildUpdateEvent.html\" title=\"class in net.dv8tion.jda.api.events.guild.update\">GenericGuildUpdateEvent</a></code>, <code><a href=\"voice/GenericGuildVoiceEvent.html\" title=\"class in net.dv8tion.jda.api.events.guild.voice\">GenericGuildVoiceEvent</a></code>, <code><a href=\"override/GenericPermissionOverrideEvent.html\" title=\"class in net.dv8tion.jda.api.events.guild.override\">GenericPermissionOverrideEvent</a></code>, <code><a href=\"../interaction/command/GenericPrivilegeUpdateEvent.html\" title=\"class in net.dv8tion.jda.api.events.interaction.command\">GenericPrivilegeUpdateEvent</a></code>, <code><a href=\"scheduledevent/GenericScheduledEventGatewayEvent.html\" title=\"class in net.dv8tion.jda.api.events.guild.scheduledevent\">GenericScheduledEventGatewayEvent</a></code>, <code><a href=\"../stage/GenericStageInstanceEvent.html\" title=\"class in net.dv8tion.jda.api.events.stage\">GenericStageInstanceEvent</a></code>, <code><a href=\"GuildAuditLogEntryCreateEvent.html\" title=\"class in net.dv8tion.jda.api.events.guild\">GuildAuditLogEntryCreateEvent</a></code>, <code><a href=\"GuildAvailableEvent.html\" title=\"class in net.dv8tion.jda.api.events.guild\">GuildAvailableEvent</a></code>, <code><a href=\"GuildBanEvent.html\" title=\"class in net.dv8tion.jda.api.events.guild\">GuildBanEvent</a></code>, <code><a href=\"GuildJoinEvent.html\" title=\"class in net.dv8tion.jda.api.events.guild\">GuildJoinEvent</a></code>, <code><a href=\"GuildLeaveEvent.html\" title=\"class in net.dv8tion.jda.api.events.guild\">GuildLeaveEvent</a></code>, <code><a href=\"member/GuildMemberRemoveEvent.html\" title=\"class in net.dv8tion.jda.api.events.guild.member\">GuildMemberRemoveEvent</a></code>, <code><a href=\"GuildReadyEvent.html\" title=\"class in net.dv8tion.jda.api.events.guild\">GuildReadyEvent</a></code>, <code><a href=\"GuildUnavailableEvent.html\" title=\"class in net.dv8tion.jda.api.events.guild\">GuildUnavailableEvent</a></code>, <code><a href=\"GuildUnbanEvent.html\" title=\"class in net.dv8tion.jda.api.events.guild\">GuildUnbanEvent</a></code>\n</dd>"
        ]
    },
    "seeAlso": null,
    "methods": {
        "getJDA()": {
            "elementId": "getJDA()",
            "methodAnnotations": "@Nonnull",
            "methodName": "getJDA",
            "methodSignature": "@Nonnull public JDA getJDA()",
            "parameters": [],
            "methodReturnType": "JDA",
            "isStatic": false,
            "descriptionElements": [
                "<div class=\"block\">\n <span class=\"descfrm-type-label\">Description copied from interface:&nbsp;<code><a href=\"GenericEvent.html#getJDA()\">GenericEvent</a></code></span>\n</div>",
                "<div class=\"block\">The current JDA instance corresponding to this Event</div>"
            ],
            "deprecationElement": null,
            "details": {
                "RETURNS": [
                    "<dd>The corresponding JDA instance</dd>"
                ],
                "SPECIFIED_BY": [
                    "<dd>\n <code><a href=\"GenericEvent.html#getJDA()\">getJDA</a></code>&nbsp;in interface&nbsp;<code><a href=\"GenericEvent.html\" title=\"interface in net.dv8tion.jda.api.events\">GenericEvent</a></code>\n</dd>"
                ]
            },
            "seeAlso": null
        },
        "getResponseNumber()": {
            "elementId": "getResponseNumber()",
            "methodAnnotations": null,
            "methodName": "getResponseNumber",
            "methodSignature": "public long getResponseNumber()",
            "parameters": [],
            "methodReturnType": "long",
            "isStatic": false,
            "descriptionElements": [
                "<div class=\"block\">\n <span class=\"descfrm-type-label\">Description copied from interface:&nbsp;<code><a href=\"GenericEvent.html#getResponseNumber()\">GenericEvent</a></code></span>\n</div>",
                "<div class=\"block\">\n The current sequence for this event.\n <br>\n This can be used to keep events in order when making sequencing system.\n</div>"
            ],
            "deprecationElement": null,
            "details": {
                "RETURNS": [
                    "<dd>The current sequence number for this event</dd>"
                ],
                "SPECIFIED_BY": [
                    "<dd>\n <code><a href=\"GenericEvent.html#getResponseNumber()\">getResponseNumber</a></code>&nbsp;in interface&nbsp;<code><a href=\"GenericEvent.html\" title=\"interface in net.dv8tion.jda.api.events\">GenericEvent</a></code>\n</dd>"
                ]
            },
            "seeAlso": null
        },
        "toString()": {
            "elementId": "toString()",
            "methodAnnotations": null,
            "methodName": "toString",
            "methodSignature": "public String toString()",
            "parameters": [],
            "methodReturnType": "String",
            "isStatic": false,
            "descriptionElements": [],
            "deprecationElement": null,
            "details": {
                "OVERRIDES": [
                    "<dd>\n <code><a href=\"https://docs.oracle.com/javase/8/docs/api/java/lang/Object.html#toString--\" title=\"class or interface in java.lang\" class=\"external-link\">toString</a></code>&nbsp;in class&nbsp;<code><a href=\"https://docs.oracle.com/javase/8/docs/api/java/lang/Object.html\" title=\"class or interface in java.lang\" class=\"external-link\">Object</a></code>\n</dd>"
                ]
            },
            "seeAlso": null
        },
        "getRawData()": {
            "elementId": "getRawData()",
            "methodAnnotations": "@Nullable",
            "methodName": "getRawData",
            "methodSignature": "@Nullable public DataObject getRawData()",
            "parameters": [],
            "methodReturnType": "DataObject",
            "isStatic": false,
            "descriptionElements": [
                "<div class=\"block\">\n <span class=\"descfrm-type-label\">Description copied from interface:&nbsp;<code><a href=\"GenericEvent.html#getRawData()\">GenericEvent</a></code></span>\n</div>",
                "<div class=\"block\">\n The passthrough data that this event was serialized from. This data might be null in rare situations, for example, if the event came from a rest action.\n <br>\n This provides the full gateway message payload, including sequence, event name and dispatch type. For details, read the official <a href=\"https://discord.dev/topics/gateway\" target=\"_blank\">Discord Documentation</a>.\n</div>"
            ],
            "deprecationElement": null,
            "details": {
                "RETURNS": [
                    "<dd>\n The corresponding <a href=\"../utils/data/DataObject.html\" title=\"class in net.dv8tion.jda.api.utils.data\"><code>DataObject</code></a>\n</dd>"
                ],
                "SPECIFIED_BY": [
                    "<dd>\n <code><a href=\"GenericEvent.html#getRawData()\">getRawData</a></code>&nbsp;in interface&nbsp;<code><a href=\"GenericEvent.html\" title=\"interface in net.dv8tion.jda.api.events\">GenericEvent</a></code>\n</dd>"
                ]
            },
            "seeAlso": null
        },
        "<init>(net.dv8tion.jda.api.JDA,long,net.dv8tion.jda.api.entities.Guild)": {
            "elementId": "<init>(net.dv8tion.jda.api.JDA,long,net.dv8tion.jda.api.entities.Guild)",
            "methodAnnotations": null,
            "methodName": "GenericGuildEvent",
            "methodSignature": "public GenericGuildEvent(@Nonnull JDA api, long responseNumber, @Nonnull Guild guild)",
            "parameters": [
                {
                    "annotations": [
                        "Nonnull"
                    ],
                    "type": "net.dv8tion.jda.api.JDA",
                    "simpleType": "JDA",
                    "name": "api"
                },
                {
                    "annotations": [],
                    "type": "long",
                    "simpleType": "long",
                    "name": "responseNumber"
                },
                {
                    "annotations": [
                        "Nonnull"
                    ],
                    "type": "net.dv8tion.jda.api.entities.Guild",
                    "simpleType": "Guild",
                    "name": "guild"
                }
            ],
            "methodReturnType": "GenericGuildEvent",
            "isStatic": false,
            "descriptionElements": [],
            "deprecationElement": null,
            "details": {},
            "seeAlso": null
        },
        "getGuild()": {
            "elementId": "getGuild()",
            "methodAnnotations": "@Nonnull",
            "methodName": "getGuild",
            "methodSignature": "@Nonnull public Guild getGuild()",
            "parameters": [],
            "methodReturnType": "Guild",
            "isStatic": false,
            "descriptionElements": [
                "<div class=\"block\">\n The <a href=\"../../entities/Guild.html\" title=\"interface in net.dv8tion.jda.api.entities\"><code>Guild</code></a>\n</div>"
            ],
            "deprecationElement": null,
            "details": {
                "RETURNS": [
                    "<dd>The Guild</dd>"
                ]
            },
            "seeAlso": null
        }
    },
    "fields": {}
}