{
    "classNameFqcn": "net.dv8tion.jda.api.events.emoji.update.GenericEmojiUpdateEvent",
    "descriptionElements": [
        "<div class=\"block\">\n Indicates that an <a href=\"../../../entities/emoji/RichCustomEmoji.html\" title=\"interface in net.dv8tion.jda.api.entities.emoji\"><code>Custom Emoji</code></a> was updated.\n <p><b>Requirements</b>\n  <br></p>\n <p>These events require the <a href=\"../../../utils/cache/CacheFlag.html#EMOJI\"><code>EMOJI</code></a> CacheFlag to be enabled, which requires the <a href=\"../../../requests/GatewayIntent.html#GUILD_EXPRESSIONS\"><code>GUILD_EXPRESSIONS</code></a> intent.\n  <br>\n  <a href=\"../../../JDABuilder.html#createLight(java.lang.String)\"><code>createLight(String)</code></a> disables that CacheFlag by default!</p>\n</div>"
    ],
    "deprecationElement": null,
    "details": {
        "ALL_IMPLEMENTED_INTERFACES": [
            "<dd>\n <code><a href=\"../../GenericEvent.html\" title=\"interface in net.dv8tion.jda.api.events\">GenericEvent</a></code>, <code><a href=\"../../UpdateEvent.html\" title=\"interface in net.dv8tion.jda.api.events\">UpdateEvent</a>&lt;<a href=\"../../../entities/emoji/RichCustomEmoji.html\" title=\"interface in net.dv8tion.jda.api.entities.emoji\">RichCustomEmoji</a>,<wbr>T&gt;</code>\n</dd>"
        ],
        "DIRECT_KNOWN_SUBCLASSES": [
            "<dd>\n <code><a href=\"EmojiUpdateNameEvent.html\" title=\"class in net.dv8tion.jda.api.events.emoji.update\">EmojiUpdateNameEvent</a></code>, <code><a href=\"EmojiUpdateRolesEvent.html\" title=\"class in net.dv8tion.jda.api.events.emoji.update\">EmojiUpdateRolesEvent</a></code>\n</dd>"
        ]
    },
    "seeAlso": null,
    "methods": {
        "getEmoji()": {
            "elementId": "getEmoji()",
            "methodAnnotations": "@Nonnull",
            "methodName": "getEmoji",
            "methodSignature": "@Nonnull public RichCustomEmoji getEmoji()",
            "parameters": [],
            "methodReturnType": "RichCustomEmoji",
            "isStatic": false,
            "descriptionElements": [
                "<div class=\"block\">\n The affected <a href=\"../../entities/emoji/RichCustomEmoji.html\" title=\"interface in net.dv8tion.jda.api.entities.emoji\"><code>RichCustomEmoji</code></a> for this event\n</div>"
            ],
            "deprecationElement": null,
            "details": {
                "RETURNS": [
                    "<dd>The emoji</dd>"
                ]
            },
            "seeAlso": null
        },
        "getJDA()": {
            "elementId": "getJDA()",
            "methodAnnotations": "@Nonnull",
            "methodName": "getJDA",
            "methodSignature": "@Nonnull JDA getJDA()",
            "parameters": [],
            "methodReturnType": "JDA",
            "isStatic": false,
            "descriptionElements": [
                "<div class=\"block\">The current JDA instance corresponding to this Event</div>"
            ],
            "deprecationElement": null,
            "details": {
                "RETURNS": [
                    "<dd>The corresponding JDA instance</dd>"
                ]
            },
            "seeAlso": null
        },
        "getEntityType()": {
            "elementId": "getEntityType()",
            "methodAnnotations": "@Nonnull",
            "methodName": "getEntityType",
            "methodSignature": "@Nonnull default Class<E> getEntityType()",
            "parameters": [],
            "methodReturnType": "Class<E>",
            "isStatic": false,
            "descriptionElements": [
                "<div class=\"block\">Class representation of the affected entity, useful when dealing with refection.</div>"
            ],
            "deprecationElement": null,
            "details": {
                "RETURNS": [
                    "<dd>The class of the affected entity</dd>"
                ]
            },
            "seeAlso": null
        },
        "getPropertyIdentifier()": {
            "elementId": "getPropertyIdentifier()",
            "methodAnnotations": "@Nonnull",
            "methodName": "getPropertyIdentifier",
            "methodSignature": "@Nonnull public String getPropertyIdentifier()",
            "parameters": [],
            "methodReturnType": "String",
            "isStatic": false,
            "descriptionElements": [
                "<div class=\"block\">\n <span class=\"descfrm-type-label\">Description copied from interface:&nbsp;<code><a href=\"../../UpdateEvent.html#getPropertyIdentifier()\">UpdateEvent</a></code></span>\n</div>",
                "<div class=\"block\">\n The field name for the updated property\n <p><b>Example</b>\n  <br></p>\n <pre><code>\n @Override\n public void onGenericRoleUpdate(GenericRoleUpdateEvent event)\n {\n     switch (event.getPropertyIdentifier())\n     {\n     case RoleUpdateColorEvent.IDENTIFIER:\n         System.out.printf(\"Updated color for role: %s%n\", event);\n         break;\n     case RoleUpdatePositionEvent.IDENTIFIER:\n         RoleUpdatePositionEvent update = (RoleUpdatePositionEvent) event;\n         System.out.printf(\"Updated position for role: %s raw(%s-&gt;%s)%n\", event, update.getOldPositionRaw(), update.getNewPositionRaw());\n         break;\n     default: return;\n     }\n }\n </code></pre>\n</div>"
            ],
            "deprecationElement": null,
            "details": {
                "RETURNS": [
                    "<dd>The name of the updated property</dd>"
                ],
                "SPECIFIED_BY": [
                    "<dd>\n <code><a href=\"../../UpdateEvent.html#getPropertyIdentifier()\">getPropertyIdentifier</a></code>&nbsp;in interface&nbsp;<code><a href=\"../../UpdateEvent.html\" title=\"interface in net.dv8tion.jda.api.events\">UpdateEvent</a>&lt;<a href=\"../../../entities/emoji/RichCustomEmoji.html\" title=\"interface in net.dv8tion.jda.api.entities.emoji\">RichCustomEmoji</a>,<wbr><a href=\"GenericEmojiUpdateEvent.html\" title=\"type parameter in GenericEmojiUpdateEvent\">T</a>&gt;</code>\n</dd>"
                ]
            },
            "seeAlso": null
        },
        "getResponseNumber()": {
            "elementId": "getResponseNumber()",
            "methodAnnotations": null,
            "methodName": "getResponseNumber",
            "methodSignature": "long getResponseNumber()",
            "parameters": [],
            "methodReturnType": "long",
            "isStatic": false,
            "descriptionElements": [
                "<div class=\"block\">\n The current sequence for this event.\n <br>\n This can be used to keep events in order when making sequencing system.\n</div>"
            ],
            "deprecationElement": null,
            "details": {
                "RETURNS": [
                    "<dd>The current sequence number for this event</dd>"
                ]
            },
            "seeAlso": null
        },
        "toString()": {
            "elementId": "toString()",
            "methodAnnotations": null,
            "methodName": "toString",
            "methodSignature": "public String toString()",
            "parameters": [],
            "methodReturnType": "String",
            "isStatic": false,
            "descriptionElements": [],
            "deprecationElement": null,
            "details": {
                "OVERRIDES": [
                    "<dd>\n <code><a href=\"https://docs.oracle.com/javase/8/docs/api/java/lang/Object.html#toString--\" title=\"class or interface in java.lang\" class=\"external-link\">toString</a></code>&nbsp;in class&nbsp;<code><a href=\"https://docs.oracle.com/javase/8/docs/api/java/lang/Object.html\" title=\"class or interface in java.lang\" class=\"external-link\">Object</a></code>\n</dd>"
                ]
            },
            "seeAlso": null
        },
        "getRawData()": {
            "elementId": "getRawData()",
            "methodAnnotations": "@Nullable",
            "methodName": "getRawData",
            "methodSignature": "@Nullable DataObject getRawData()",
            "parameters": [],
            "methodReturnType": "DataObject",
            "isStatic": false,
            "descriptionElements": [
                "<div class=\"block\">\n The passthrough data that this event was serialized from. This data might be null in rare situations, for example, if the event came from a rest action.\n <br>\n This provides the full gateway message payload, including sequence, event name and dispatch type. For details, read the official <a href=\"https://discord.dev/topics/gateway\" target=\"_blank\">Discord Documentation</a>.\n</div>"
            ],
            "deprecationElement": null,
            "details": {
                "RETURNS": [
                    "<dd>\n The corresponding <a href=\"../utils/data/DataObject.html\" title=\"class in net.dv8tion.jda.api.utils.data\"><code>DataObject</code></a>\n</dd>"
                ],
                "THROWS": [
                    "<dd>\n <code><a href=\"https://docs.oracle.com/javase/8/docs/api/java/lang/IllegalStateException.html\" title=\"class or interface in java.lang\" class=\"external-link\">IllegalStateException</a></code> - If event passthrough was not enabled, see <a href=\"../JDABuilder.html#setEventPassthrough(boolean)\"><code>JDABuilder#setEventPassthrough(boolean)</code></a>\n</dd>"
                ]
            },
            "seeAlso": null
        },
        "getNewValue()": {
            "elementId": "getNewValue()",
            "methodAnnotations": "@Nullable",
            "methodName": "getNewValue",
            "methodSignature": "@Nullable public T getNewValue()",
            "parameters": [],
            "methodReturnType": "T",
            "isStatic": false,
            "descriptionElements": [
                "<div class=\"block\">\n <span class=\"descfrm-type-label\">Description copied from interface:&nbsp;<code><a href=\"../../UpdateEvent.html#getNewValue()\">UpdateEvent</a></code></span>\n</div>",
                "<div class=\"block\">The new value</div>"
            ],
            "deprecationElement": null,
            "details": {
                "RETURNS": [
                    "<dd>The new value</dd>"
                ],
                "SPECIFIED_BY": [
                    "<dd>\n <code><a href=\"../../UpdateEvent.html#getNewValue()\">getNewValue</a></code>&nbsp;in interface&nbsp;<code><a href=\"../../UpdateEvent.html\" title=\"interface in net.dv8tion.jda.api.events\">UpdateEvent</a>&lt;<a href=\"../../../entities/emoji/RichCustomEmoji.html\" title=\"interface in net.dv8tion.jda.api.entities.emoji\">RichCustomEmoji</a>,<wbr><a href=\"GenericEmojiUpdateEvent.html\" title=\"type parameter in GenericEmojiUpdateEvent\">T</a>&gt;</code>\n</dd>"
                ]
            },
            "seeAlso": null
        },
        "<init>(net.dv8tion.jda.api.JDA,long,net.dv8tion.jda.api.entities.emoji.RichCustomEmoji,T,T,java.lang.String)": {
            "elementId": "<init>(net.dv8tion.jda.api.JDA,long,net.dv8tion.jda.api.entities.emoji.RichCustomEmoji,T,T,java.lang.String)",
            "methodAnnotations": null,
            "methodName": "GenericEmojiUpdateEvent",
            "methodSignature": "public GenericEmojiUpdateEvent(@Nonnull JDA api, long responseNumber, @Nonnull RichCustomEmoji emoji, @Nullable T previous, @Nullable T next, @Nonnull String identifier)",
            "parameters": [
                {
                    "annotations": [
                        "Nonnull"
                    ],
                    "type": "net.dv8tion.jda.api.JDA",
                    "simpleType": "JDA",
                    "name": "api"
                },
                {
                    "annotations": [],
                    "type": "long",
                    "simpleType": "long",
                    "name": "responseNumber"
                },
                {
                    "annotations": [
                        "Nonnull"
                    ],
                    "type": "net.dv8tion.jda.api.entities.emoji.RichCustomEmoji",
                    "simpleType": "RichCustomEmoji",
                    "name": "emoji"
                },
                {
                    "annotations": [
                        "Nullable"
                    ],
                    "type": "T",
                    "simpleType": "T",
                    "name": "previous"
                },
                {
                    "annotations": [
                        "Nullable"
                    ],
                    "type": "T",
                    "simpleType": "T",
                    "name": "next"
                },
                {
                    "annotations": [
                        "Nonnull"
                    ],
                    "type": "java.lang.String",
                    "simpleType": "String",
                    "name": "identifier"
                }
            ],
            "methodReturnType": "GenericEmojiUpdateEvent",
            "isStatic": false,
            "descriptionElements": [],
            "deprecationElement": null,
            "details": {},
            "seeAlso": null
        },
        "getGuild()": {
            "elementId": "getGuild()",
            "methodAnnotations": "@Nonnull",
            "methodName": "getGuild",
            "methodSignature": "@Nonnull public Guild getGuild()",
            "parameters": [],
            "methodReturnType": "Guild",
            "isStatic": false,
            "descriptionElements": [
                "<div class=\"block\">\n The <a href=\"../../entities/Guild.html\" title=\"interface in net.dv8tion.jda.api.entities\"><code>Guild</code></a> where the emoji came from\n</div>"
            ],
            "deprecationElement": null,
            "details": {
                "RETURNS": [
                    "<dd>The origin Guild</dd>"
                ]
            },
            "seeAlso": null
        },
        "getOldValue()": {
            "elementId": "getOldValue()",
            "methodAnnotations": "@Nullable",
            "methodName": "getOldValue",
            "methodSignature": "@Nullable public T getOldValue()",
            "parameters": [],
            "methodReturnType": "T",
            "isStatic": false,
            "descriptionElements": [
                "<div class=\"block\">\n <span class=\"descfrm-type-label\">Description copied from interface:&nbsp;<code><a href=\"../../UpdateEvent.html#getOldValue()\">UpdateEvent</a></code></span>\n</div>",
                "<div class=\"block\">The old value</div>"
            ],
            "deprecationElement": null,
            "details": {
                "RETURNS": [
                    "<dd>The old value</dd>"
                ],
                "SPECIFIED_BY": [
                    "<dd>\n <code><a href=\"../../UpdateEvent.html#getOldValue()\">getOldValue</a></code>&nbsp;in interface&nbsp;<code><a href=\"../../UpdateEvent.html\" title=\"interface in net.dv8tion.jda.api.events\">UpdateEvent</a>&lt;<a href=\"../../../entities/emoji/RichCustomEmoji.html\" title=\"interface in net.dv8tion.jda.api.entities.emoji\">RichCustomEmoji</a>,<wbr><a href=\"GenericEmojiUpdateEvent.html\" title=\"type parameter in GenericEmojiUpdateEvent\">T</a>&gt;</code>\n</dd>"
                ]
            },
            "seeAlso": null
        },
        "getEntity()": {
            "elementId": "getEntity()",
            "methodAnnotations": "@Nonnull",
            "methodName": "getEntity",
            "methodSignature": "@Nonnull public RichCustomEmoji getEntity()",
            "parameters": [],
            "methodReturnType": "RichCustomEmoji",
            "isStatic": false,
            "descriptionElements": [
                "<div class=\"block\">\n <span class=\"descfrm-type-label\">Description copied from interface:&nbsp;<code><a href=\"../../UpdateEvent.html#getEntity()\">UpdateEvent</a></code></span>\n</div>",
                "<div class=\"block\">The affected entity</div>"
            ],
            "deprecationElement": null,
            "details": {
                "RETURNS": [
                    "<dd>The affected entity</dd>"
                ],
                "SPECIFIED_BY": [
                    "<dd>\n <code><a href=\"../../UpdateEvent.html#getEntity()\">getEntity</a></code>&nbsp;in interface&nbsp;<code><a href=\"../../UpdateEvent.html\" title=\"interface in net.dv8tion.jda.api.events\">UpdateEvent</a>&lt;<a href=\"../../../entities/emoji/RichCustomEmoji.html\" title=\"interface in net.dv8tion.jda.api.entities.emoji\">RichCustomEmoji</a>,<wbr><a href=\"GenericEmojiUpdateEvent.html\" title=\"type parameter in GenericEmojiUpdateEvent\">T</a>&gt;</code>\n</dd>"
                ]
            },
            "seeAlso": null
        },
        "isManaged()": {
            "elementId": "isManaged()",
            "methodAnnotations": null,
            "methodName": "isManaged",
            "methodSignature": "public boolean isManaged()",
            "parameters": [],
            "methodReturnType": "boolean",
            "isStatic": false,
            "descriptionElements": [
                "<div class=\"block\">Whether this emoji is managed by an integration</div>"
            ],
            "deprecationElement": null,
            "details": {
                "RETURNS": [
                    "<dd>True, if this emoji is managed by an integration</dd>"
                ]
            },
            "seeAlso": null
        }
    },
    "fields": {}
}