{
    "classNameFqcn": "net.dv8tion.jda.api.entities.Activity.Timestamps",
    "descriptionElements": [
        "<div class=\"block\">\n Represents the start and end timestamps for a running match\n</div>"
    ],
    "deprecationElement": null,
    "details": {
        "ENCLOSING_INTERFACE": [
            "<dd>\n <a href=\"Activity.html\" title=\"interface in net.dv8tion.jda.api.entities\">Activity</a>\n</dd>"
        ]
    },
    "seeAlso": null,
    "methods": {
        "getStart()": {
            "elementId": "getStart()",
            "methodAnnotations": null,
            "methodName": "getStart",
            "methodSignature": "public long getStart()",
            "methodParameters": null,
            "methodReturnType": "long",
            "isStatic": false,
            "descriptionElements": [
                "<div class=\"block\">\n Epoch second timestamp of match start, or <code>0</code> of unset.\n</div>"
            ],
            "deprecationElement": null,
            "details": {
                "RETURNS": [
                    "<dd>\n Epoch second timestamp of match start, or <code>0</code> of unset.\n</dd>"
                ]
            },
            "seeAlso": null
        },
        "getElapsedTime(java.time.temporal.TemporalUnit)": {
            "elementId": "getElapsedTime(java.time.temporal.TemporalUnit)",
            "methodAnnotations": null,
            "methodName": "getElapsedTime",
            "methodSignature": "public long getElapsedTime(TemporalUnit unit)",
            "methodParameters": {
                "originalText": "(TemporalUnit unit)",
                "parameters": [
                    {
                        "annotations": [],
                        "type": "java.time.temporal.TemporalUnit",
                        "simpleType": "TemporalUnit",
                        "name": "unit"
                    }
                ]
            },
            "methodReturnType": "long",
            "isStatic": false,
            "descriptionElements": [
                "<div class=\"block\">\n Calculates the elapsed time from <a href=\"#getStartTime()\"><code>getStartTime()</code></a> to now in terms of the specified unit. \n <br>\n If <a href=\"#getStartTime()\"><code>getStartTime()</code></a> is <code>null</code> this will be negative.\n</div>"
            ],
            "deprecationElement": null,
            "details": {
                "PARAMETERS": [
                    "<dd>\n <code>unit</code> - The <a href=\"https://docs.oracle.com/javase/8/docs/api/java/time/temporal/TemporalUnit.html\" title=\"class or interface in java.time.temporal\" class=\"external-link\"><code>TemporalUnit</code></a> to return\n</dd>"
                ],
                "RETURNS": [
                    "<dd>\n Elapsed time in the provided <a href=\"https://docs.oracle.com/javase/8/docs/api/java/time/temporal/TemporalUnit.html\" title=\"class or interface in java.time.temporal\" class=\"external-link\"><code>TemporalUnit</code></a> or <code>-1</code> if unset\n</dd>"
                ],
                "SEE_ALSO": [
                    "<dd>\n <ul class=\"see-list-long\">\n  <li><a href=\"https://docs.oracle.com/javase/8/docs/api/java/time/Instant.html#until-java.time.temporal.Temporal-java.time.temporal.TemporalUnit-\" title=\"class or interface in java.time\" class=\"external-link\"><code>Instant.until(Temporal, TemporalUnit)</code></a></li>\n  <li><a href=\"https://docs.oracle.com/javase/8/docs/api/java/time/temporal/TemporalUnit.html\" title=\"class or interface in java.time.temporal\" class=\"external-link\"><code>TemporalUnit</code></a></li>\n </ul>\n</dd>"
                ],
                "THROWS": [
                    "<dd>\n <code><a href=\"https://docs.oracle.com/javase/8/docs/api/java/lang/IllegalArgumentException.html\" title=\"class or interface in java.lang\" class=\"external-link\">IllegalArgumentException</a></code> - If the provided unit is <code>null</code>\n</dd>",
                    "<dd>\n <code><a href=\"https://docs.oracle.com/javase/8/docs/api/java/lang/ArithmeticException.html\" title=\"class or interface in java.lang\" class=\"external-link\">ArithmeticException</a></code> - If a numeric overflow occurs\n</dd>",
                    "<dd>\n <code><a href=\"https://docs.oracle.com/javase/8/docs/api/java/time/DateTimeException.html\" title=\"class or interface in java.time\" class=\"external-link\">DateTimeException</a></code> - If the amount cannot be calculated\n</dd>",
                    "<dd>\n <code><a href=\"https://docs.oracle.com/javase/8/docs/api/java/time/temporal/UnsupportedTemporalTypeException.html\" title=\"class or interface in java.time.temporal\" class=\"external-link\">UnsupportedTemporalTypeException</a></code> - If the provided unit is not supported\n</dd>"
                ]
            },
            "seeAlso": {
                "references": [
                    {
                        "text": "Instant.until(Temporal, TemporalUnit)",
                        "link": "https://docs.oracle.com/javase/8/docs/api/java/time/Instant.html#until-java.time.temporal.Temporal-java.time.temporal.TemporalUnit-",
                        "targetType": "UNKNOWN",
                        "fullSignature": null
                    },
                    {
                        "text": "TemporalUnit",
                        "link": "https://docs.oracle.com/javase/8/docs/api/java/time/temporal/TemporalUnit.html",
                        "targetType": "UNKNOWN",
                        "fullSignature": null
                    }
                ]
            }
        },
        "getEnd()": {
            "elementId": "getEnd()",
            "methodAnnotations": null,
            "methodName": "getEnd",
            "methodSignature": "public long getEnd()",
            "methodParameters": null,
            "methodReturnType": "long",
            "isStatic": false,
            "descriptionElements": [
                "<div class=\"block\">\n Epoch second timestamp of match end, or <code>0</code> of unset.\n</div>"
            ],
            "deprecationElement": null,
            "details": {
                "RETURNS": [
                    "<dd>\n Epoch second timestamp of match end, or <code>0</code> of unset.\n</dd>"
                ]
            },
            "seeAlso": null
        },
        "toString()": {
            "elementId": "toString()",
            "methodAnnotations": null,
            "methodName": "toString",
            "methodSignature": "public String toString()",
            "methodParameters": null,
            "methodReturnType": "String",
            "isStatic": false,
            "descriptionElements": [],
            "deprecationElement": null,
            "details": {
                "OVERRIDES": [
                    "<dd>\n <code><a href=\"https://docs.oracle.com/javase/8/docs/api/java/lang/Object.html#toString--\" title=\"class or interface in java.lang\" class=\"external-link\">toString</a></code>&nbsp;in class&nbsp;<code><a href=\"https://docs.oracle.com/javase/8/docs/api/java/lang/Object.html\" title=\"class or interface in java.lang\" class=\"external-link\">Object</a></code>\n</dd>"
                ]
            },
            "seeAlso": null
        },
        "getStartTime()": {
            "elementId": "getStartTime()",
            "methodAnnotations": "@Nullable",
            "methodName": "getStartTime",
            "methodSignature": "@Nullable public Instant getStartTime()",
            "methodParameters": null,
            "methodReturnType": "Instant",
            "isStatic": false,
            "descriptionElements": [
                "<div class=\"block\">\n Shortcut for <code>Instant.ofEpochSecond(start)</code>\n</div>"
            ],
            "deprecationElement": null,
            "details": {
                "RETURNS": [
                    "<dd>\n Instant of match start, or <code>null</code> if unset\n</dd>"
                ]
            },
            "seeAlso": null
        },
        "<init>(long,long)": {
            "elementId": "<init>(long,long)",
            "methodAnnotations": null,
            "methodName": "Timestamps",
            "methodSignature": "public Timestamps(long start, long end)",
            "methodParameters": {
                "originalText": "(long start, long end)",
                "parameters": [
                    {
                        "annotations": [],
                        "type": "long",
                        "simpleType": "long",
                        "name": "start"
                    },
                    {
                        "annotations": [],
                        "type": "long",
                        "simpleType": "long",
                        "name": "end"
                    }
                ]
            },
            "methodReturnType": "Activity.Timestamps",
            "isStatic": false,
            "descriptionElements": [],
            "deprecationElement": null,
            "details": {},
            "seeAlso": null
        },
        "equals(java.lang.Object)": {
            "elementId": "equals(java.lang.Object)",
            "methodAnnotations": null,
            "methodName": "equals",
            "methodSignature": "public boolean equals(Object obj)",
            "methodParameters": {
                "originalText": "(Object obj)",
                "parameters": [
                    {
                        "annotations": [],
                        "type": "java.lang.Object",
                        "simpleType": "Object",
                        "name": "obj"
                    }
                ]
            },
            "methodReturnType": "boolean",
            "isStatic": false,
            "descriptionElements": [],
            "deprecationElement": null,
            "details": {
                "OVERRIDES": [
                    "<dd>\n <code><a href=\"https://docs.oracle.com/javase/8/docs/api/java/lang/Object.html#equals-java.lang.Object-\" title=\"class or interface in java.lang\" class=\"external-link\">equals</a></code>&nbsp;in class&nbsp;<code><a href=\"https://docs.oracle.com/javase/8/docs/api/java/lang/Object.html\" title=\"class or interface in java.lang\" class=\"external-link\">Object</a></code>\n</dd>"
                ]
            },
            "seeAlso": null
        },
        "getEndTime()": {
            "elementId": "getEndTime()",
            "methodAnnotations": "@Nullable",
            "methodName": "getEndTime",
            "methodSignature": "@Nullable public Instant getEndTime()",
            "methodParameters": null,
            "methodReturnType": "Instant",
            "isStatic": false,
            "descriptionElements": [
                "<div class=\"block\">\n Shortcut for <code>Instant.ofEpochSecond(start)</code>\n</div>"
            ],
            "deprecationElement": null,
            "details": {
                "RETURNS": [
                    "<dd>\n Instant of match start, or <code>null</code> if unset\n</dd>"
                ]
            },
            "seeAlso": null
        },
        "getRemainingTime(java.time.temporal.TemporalUnit)": {
            "elementId": "getRemainingTime(java.time.temporal.TemporalUnit)",
            "methodAnnotations": null,
            "methodName": "getRemainingTime",
            "methodSignature": "public long getRemainingTime(TemporalUnit unit)",
            "methodParameters": {
                "originalText": "(TemporalUnit unit)",
                "parameters": [
                    {
                        "annotations": [],
                        "type": "java.time.temporal.TemporalUnit",
                        "simpleType": "TemporalUnit",
                        "name": "unit"
                    }
                ]
            },
            "methodReturnType": "long",
            "isStatic": false,
            "descriptionElements": [
                "<div class=\"block\">\n Calculates the amount of time until <a href=\"#getEndTime()\"><code>getEndTime()</code></a> in terms of the specified unit. \n <br>\n If <a href=\"#getEndTime()\"><code>getEndTime()</code></a> is <code>null</code> this will be negative.\n</div>"
            ],
            "deprecationElement": null,
            "details": {
                "PARAMETERS": [
                    "<dd>\n <code>unit</code> - The <a href=\"https://docs.oracle.com/javase/8/docs/api/java/time/temporal/TemporalUnit.html\" title=\"class or interface in java.time.temporal\" class=\"external-link\"><code>TemporalUnit</code></a> to return\n</dd>"
                ],
                "RETURNS": [
                    "<dd>\n Remaining time in the provided <a href=\"https://docs.oracle.com/javase/8/docs/api/java/time/temporal/TemporalUnit.html\" title=\"class or interface in java.time.temporal\" class=\"external-link\"><code>TemporalUnit</code></a> or <code>-1</code> if unset\n</dd>"
                ],
                "SEE_ALSO": [
                    "<dd>\n <ul class=\"see-list-long\">\n  <li><a href=\"https://docs.oracle.com/javase/8/docs/api/java/time/Instant.html#until-java.time.temporal.Temporal-java.time.temporal.TemporalUnit-\" title=\"class or interface in java.time\" class=\"external-link\"><code>Instant.until(Temporal, TemporalUnit)</code></a></li>\n  <li><a href=\"https://docs.oracle.com/javase/8/docs/api/java/time/temporal/TemporalUnit.html\" title=\"class or interface in java.time.temporal\" class=\"external-link\"><code>TemporalUnit</code></a></li>\n </ul>\n</dd>"
                ],
                "THROWS": [
                    "<dd>\n <code><a href=\"https://docs.oracle.com/javase/8/docs/api/java/lang/IllegalArgumentException.html\" title=\"class or interface in java.lang\" class=\"external-link\">IllegalArgumentException</a></code> - If the provided unit is <code>null</code>\n</dd>",
                    "<dd>\n <code><a href=\"https://docs.oracle.com/javase/8/docs/api/java/lang/ArithmeticException.html\" title=\"class or interface in java.lang\" class=\"external-link\">ArithmeticException</a></code> - If a numeric overflow occurs\n</dd>",
                    "<dd>\n <code><a href=\"https://docs.oracle.com/javase/8/docs/api/java/time/DateTimeException.html\" title=\"class or interface in java.time\" class=\"external-link\">DateTimeException</a></code> - If the amount cannot be calculated\n</dd>",
                    "<dd>\n <code><a href=\"https://docs.oracle.com/javase/8/docs/api/java/time/temporal/UnsupportedTemporalTypeException.html\" title=\"class or interface in java.time.temporal\" class=\"external-link\">UnsupportedTemporalTypeException</a></code> - If the provided unit is not supported\n</dd>"
                ]
            },
            "seeAlso": {
                "references": [
                    {
                        "text": "Instant.until(Temporal, TemporalUnit)",
                        "link": "https://docs.oracle.com/javase/8/docs/api/java/time/Instant.html#until-java.time.temporal.Temporal-java.time.temporal.TemporalUnit-",
                        "targetType": "UNKNOWN",
                        "fullSignature": null
                    },
                    {
                        "text": "TemporalUnit",
                        "link": "https://docs.oracle.com/javase/8/docs/api/java/time/temporal/TemporalUnit.html",
                        "targetType": "UNKNOWN",
                        "fullSignature": null
                    }
                ]
            }
        },
        "hashCode()": {
            "elementId": "hashCode()",
            "methodAnnotations": null,
            "methodName": "hashCode",
            "methodSignature": "public int hashCode()",
            "methodParameters": null,
            "methodReturnType": "int",
            "isStatic": false,
            "descriptionElements": [],
            "deprecationElement": null,
            "details": {
                "OVERRIDES": [
                    "<dd>\n <code><a href=\"https://docs.oracle.com/javase/8/docs/api/java/lang/Object.html#hashCode--\" title=\"class or interface in java.lang\" class=\"external-link\">hashCode</a></code>&nbsp;in class&nbsp;<code><a href=\"https://docs.oracle.com/javase/8/docs/api/java/lang/Object.html\" title=\"class or interface in java.lang\" class=\"external-link\">Object</a></code>\n</dd>"
                ]
            },
            "seeAlso": null
        }
    },
    "fields": {}
}