{
    "classNameFqcn": "net.dv8tion.jda.api.entities.ActivityFlag",
    "descriptionElements": [
        "<div class=\"block\">\n Enum representing the flags in a <a href=\"RichPresence.html\" title=\"interface in net.dv8tion.jda.api.entities\"><code>RichPresence</code></a>\n</div>"
    ],
    "deprecationElement": null,
    "details": {
        "ALL_IMPLEMENTED_INTERFACES": [
            "<dd>\n <code><a href=\"https://docs.oracle.com/javase/8/docs/api/java/io/Serializable.html\" title=\"class or interface in java.io\" class=\"external-link\">Serializable</a></code>, <code><a href=\"https://docs.oracle.com/javase/8/docs/api/java/lang/Comparable.html\" title=\"class or interface in java.lang\" class=\"external-link\">Comparable</a>&lt;<a href=\"ActivityFlag.html\" title=\"enum in net.dv8tion.jda.api.entities\">ActivityFlag</a>&gt;</code>\n</dd>"
        ]
    },
    "seeAlso": null,
    "methods": {
        "getOffset()": {
            "elementId": "getOffset()",
            "methodAnnotations": null,
            "methodName": "getOffset",
            "methodSignature": "public int getOffset()",
            "methodParameters": null,
            "methodReturnType": "int",
            "isStatic": false,
            "descriptionElements": [
                "<div class=\"block\">\n The offset for this flag: <code>1 &lt;&lt; offset</code>\n</div>"
            ],
            "deprecationElement": null,
            "details": {
                "RETURNS": [
                    "<dd>\n The offset\n</dd>"
                ]
            },
            "seeAlso": null
        },
        "values()": {
            "elementId": "values()",
            "methodAnnotations": null,
            "methodName": "values",
            "methodSignature": "public static ActivityFlag[] values()",
            "methodParameters": null,
            "methodReturnType": "ActivityFlag[]",
            "isStatic": true,
            "descriptionElements": [
                "<div class=\"block\">\n Returns an array containing the constants of this enum type, in the order they are declared.\n</div>"
            ],
            "deprecationElement": null,
            "details": {
                "RETURNS": [
                    "<dd>\n an array containing the constants of this enum type, in the order they are declared\n</dd>"
                ]
            },
            "seeAlso": null
        },
        "valueOf(java.lang.String)": {
            "elementId": "valueOf(java.lang.String)",
            "methodAnnotations": null,
            "methodName": "valueOf",
            "methodSignature": "public static ActivityFlag valueOf(String name)",
            "methodParameters": {
                "originalText": "(String name)",
                "parameters": [
                    {
                        "annotations": [],
                        "type": "String",
                        "simpleType": "String",
                        "name": "name"
                    }
                ]
            },
            "methodReturnType": "ActivityFlag",
            "isStatic": true,
            "descriptionElements": [
                "<div class=\"block\">\n Returns the enum constant of this type with the specified name. The string must match <i>exactly</i> an identifier used to declare an enum constant in this type. (Extraneous whitespace characters are not permitted.)\n</div>"
            ],
            "deprecationElement": null,
            "details": {
                "PARAMETERS": [
                    "<dd>\n <code>name</code> - the name of the enum constant to be returned.\n</dd>"
                ],
                "RETURNS": [
                    "<dd>\n the enum constant with the specified name\n</dd>"
                ],
                "THROWS": [
                    "<dd>\n <code><a href=\"https://docs.oracle.com/javase/8/docs/api/java/lang/IllegalArgumentException.html\" title=\"class or interface in java.lang\" class=\"external-link\">IllegalArgumentException</a></code> - if this enum type has no constant with the specified name\n</dd>",
                    "<dd>\n <code><a href=\"https://docs.oracle.com/javase/8/docs/api/java/lang/NullPointerException.html\" title=\"class or interface in java.lang\" class=\"external-link\">NullPointerException</a></code> - if the argument is null\n</dd>"
                ]
            },
            "seeAlso": null
        },
        "getRaw()": {
            "elementId": "getRaw()",
            "methodAnnotations": null,
            "methodName": "getRaw",
            "methodSignature": "public int getRaw()",
            "methodParameters": null,
            "methodReturnType": "int",
            "isStatic": false,
            "descriptionElements": [
                "<div class=\"block\">\n The raw bitmask for this flag\n</div>"
            ],
            "deprecationElement": null,
            "details": {
                "RETURNS": [
                    "<dd>\n The raw bitmask\n</dd>"
                ]
            },
            "seeAlso": null
        },
        "getFlags(int)": {
            "elementId": "getFlags(int)",
            "methodAnnotations": "@Nonnull",
            "methodName": "getFlags",
            "methodSignature": "@Nonnull public static EnumSet<ActivityFlag> getFlags(int raw)",
            "methodParameters": {
                "originalText": "(int raw)",
                "parameters": [
                    {
                        "annotations": [],
                        "type": "int",
                        "simpleType": "int",
                        "name": "raw"
                    }
                ]
            },
            "methodReturnType": "EnumSet<ActivityFlag>",
            "isStatic": true,
            "descriptionElements": [
                "<div class=\"block\">\n Maps the ActivityFlags based on the provided bitmask.\n</div>"
            ],
            "deprecationElement": null,
            "details": {
                "PARAMETERS": [
                    "<dd>\n <code>raw</code> - The bitmask\n</dd>"
                ],
                "RETURNS": [
                    "<dd>\n EnumSet containing the set activity flags\n</dd>"
                ],
                "SEE_ALSO": [
                    "<dd>\n <ul class=\"see-list\">\n  <li><a href=\"RichPresence.html#getFlags()\"><code>RichPresence.getFlags()</code></a></li>\n  <li><a href=\"https://docs.oracle.com/javase/8/docs/api/java/util/EnumSet.html\" title=\"class or interface in java.util\" class=\"external-link\"><code>EnumSet</code></a></li>\n </ul>\n</dd>"
                ]
            },
            "seeAlso": {
                "references": [
                    {
                        "text": "RichPresence#getFlags()",
                        "link": "https://docs.jda.wiki/net/dv8tion/jda/api/entities/RichPresence.html#getFlags()",
                        "targetType": "METHOD",
                        "fullSignature": "RichPresence#getFlags()"
                    },
                    {
                        "text": "EnumSet",
                        "link": "https://docs.oracle.com/javase/8/docs/api/java/util/EnumSet.html",
                        "targetType": "UNKNOWN",
                        "fullSignature": null
                    }
                ]
            }
        }
    },
    "fields": {
        "SPECTATE": {
            "elementId": "SPECTATE",
            "fieldName": "SPECTATE",
            "fieldType": "ActivityFlag",
            "fieldValue": null,
            "descriptionElements": [],
            "deprecationElement": null,
            "modifiers": "public static final"
        },
        "PLAY": {
            "elementId": "PLAY",
            "fieldName": "PLAY",
            "fieldType": "ActivityFlag",
            "fieldValue": null,
            "descriptionElements": [],
            "deprecationElement": null,
            "modifiers": "public static final"
        },
        "JOIN": {
            "elementId": "JOIN",
            "fieldName": "JOIN",
            "fieldType": "ActivityFlag",
            "fieldValue": null,
            "descriptionElements": [],
            "deprecationElement": null,
            "modifiers": "public static final"
        },
        "JOIN_REQUEST": {
            "elementId": "JOIN_REQUEST",
            "fieldName": "JOIN_REQUEST",
            "fieldType": "ActivityFlag",
            "fieldValue": null,
            "descriptionElements": [],
            "deprecationElement": null,
            "modifiers": "public static final"
        },
        "INSTANCE": {
            "elementId": "INSTANCE",
            "fieldName": "INSTANCE",
            "fieldType": "ActivityFlag",
            "fieldValue": null,
            "descriptionElements": [],
            "deprecationElement": null,
            "modifiers": "public static final"
        },
        "SYNC": {
            "elementId": "SYNC",
            "fieldName": "SYNC",
            "fieldType": "ActivityFlag",
            "fieldValue": null,
            "descriptionElements": [],
            "deprecationElement": null,
            "modifiers": "public static final"
        }
    }
}