{
    "classNameFqcn": "net.dv8tion.jda.api.entities.ApplicationInfo",
    "descriptionElements": [
        "<div class=\"block\">\n Represents a Discord Application from its bot's point of view.\n</div>"
    ],
    "deprecationElement": null,
    "details": {
        "SEE_ALSO": [
            "<dd>\n <ul class=\"see-list\">\n  <li><a href=\"../JDA.html#retrieveApplicationInfo()\"><code>JDA.retrieveApplicationInfo()</code></a></li>\n </ul>\n</dd>"
        ],
        "SINCE": [
            "<dd>\n 3.0\n</dd>"
        ],
        "SUPER_INTERFACES": [
            "<dd>\n <code><a href=\"ISnowflake.html\" title=\"interface in net.dv8tion.jda.api.entities\">ISnowflake</a></code>\n</dd>"
        ],
        "AUTHOR": [
            "<dd>\n Aljoscha Grebe\n</dd>"
        ]
    },
    "seeAlso": {
        "references": [
            {
                "text": "JDA#retrieveApplicationInfo()",
                "link": "https://docs.jda.wiki/net/dv8tion/jda/api/JDA.html#retrieveApplicationInfo()",
                "targetType": "METHOD",
                "fullSignature": "JDA#retrieveApplicationInfo()"
            }
        ]
    },
    "methods": {
        "getTags()": {
            "elementId": "getTags()",
            "methodAnnotations": "@Nonnull",
            "methodName": "getTags",
            "methodSignature": "@Nonnull @Unmodifiable List<String> getTags()",
            "methodParameters": null,
            "methodReturnType": "@Unmodifiable List<String>",
            "isStatic": false,
            "descriptionElements": [
                "<div class=\"block\">\n A <a href=\"https://docs.oracle.com/javase/8/docs/api/java/util/List.html\" title=\"class or interface in java.util\" class=\"external-link\"><code>List</code></a> containing the tags of this bot's application. \n <p>This List is empty if no tags are set in the <a href=\"https://discord.com/developers/applications\" target=\"_blank\">Developer Portal</a>.</p>\n</div>"
            ],
            "deprecationElement": null,
            "details": {
                "RETURNS": [
                    "<dd>\n Immutable list containing the tags of this bot's application\n</dd>"
                ]
            },
            "seeAlso": null
        },
        "getInviteUrl(java.util.Collection)": {
            "elementId": "getInviteUrl(java.util.Collection)",
            "methodAnnotations": "@Nonnull",
            "methodName": "getInviteUrl",
            "methodSignature": "@Nonnull default String getInviteUrl(@Nullable Collection<Permission> permissions)",
            "methodParameters": {
                "originalText": "(@Nullable Collection<Permission> permissions)",
                "parameters": [
                    {
                        "annotations": [
                            "Nullable"
                        ],
                        "type": "Collection",
                        "simpleType": "Collection",
                        "name": "permissions"
                    }
                ]
            },
            "methodReturnType": "String",
            "isStatic": false,
            "descriptionElements": [
                "<div class=\"block\">\n Creates a OAuth invite-link used to invite the bot. \n <p>The link is provided in the following format: <br><code>https://discord.com/oauth2/authorize?client_id=APPLICATION_ID&amp;scope=bot&amp;permissions=PERMISSIONS</code> <br>\n  Unnecessary query parameters are stripped.</p>\n</div>"
            ],
            "deprecationElement": null,
            "details": {
                "PARAMETERS": [
                    "<dd>\n <code>permissions</code> - Possibly empty <a href=\"https://docs.oracle.com/javase/8/docs/api/java/util/Collection.html\" title=\"class or interface in java.util\" class=\"external-link\"><code>Collection</code></a> of <a href=\"../Permission.html\" title=\"enum in net.dv8tion.jda.api\"><code>Permissions</code></a> that should be requested via invite.\n</dd>"
                ],
                "RETURNS": [
                    "<dd>\n The link used to invite the bot\n</dd>"
                ]
            },
            "seeAlso": null
        },
        "getInviteUrl(java.lang.String,java.util.Collection)": {
            "elementId": "getInviteUrl(java.lang.String,java.util.Collection)",
            "methodAnnotations": "@Nonnull",
            "methodName": "getInviteUrl",
            "methodSignature": "@Nonnull String getInviteUrl(@Nullable String guildId, @Nullable Collection<Permission> permissions)",
            "methodParameters": {
                "originalText": "(@Nullable String guildId, @Nullable Collection<Permission> permissions)",
                "parameters": [
                    {
                        "annotations": [
                            "Nullable"
                        ],
                        "type": "String",
                        "simpleType": "String",
                        "name": "guildId"
                    },
                    {
                        "annotations": [
                            "Nullable"
                        ],
                        "type": "Collection",
                        "simpleType": "Collection",
                        "name": "permissions"
                    }
                ]
            },
            "methodReturnType": "String",
            "isStatic": false,
            "descriptionElements": [
                "<div class=\"block\">\n Creates a OAuth invite-link used to invite the bot. \n <p>The link is provided in the following format: <br><code>https://discord.com/oauth2/authorize?client_id=APPLICATION_ID&amp;scope=bot&amp;permissions=PERMISSIONS&amp;guild_id=GUILD_ID</code> <br>\n  Unnecessary query parameters are stripped.</p>\n</div>"
            ],
            "deprecationElement": null,
            "details": {
                "PARAMETERS": [
                    "<dd>\n <code>guildId</code> - The id of the pre-selected guild.\n</dd>",
                    "<dd>\n <code>permissions</code> - Possibly empty <a href=\"https://docs.oracle.com/javase/8/docs/api/java/util/Collection.html\" title=\"class or interface in java.util\" class=\"external-link\"><code>Collection</code></a> of <a href=\"../Permission.html\" title=\"enum in net.dv8tion.jda.api\"><code>Permissions</code></a> that should be requested via invite.\n</dd>"
                ],
                "RETURNS": [
                    "<dd>\n The link used to invite the bot\n</dd>"
                ],
                "THROWS": [
                    "<dd>\n <code><a href=\"https://docs.oracle.com/javase/8/docs/api/java/lang/NumberFormatException.html\" title=\"class or interface in java.lang\" class=\"external-link\">NumberFormatException</a></code> - If the provided <code>id</code> cannot be parsed by <a href=\"https://docs.oracle.com/javase/8/docs/api/java/lang/Long.html#parseLong-java.lang.String-\" title=\"class or interface in java.lang\" class=\"external-link\"><code>Long.parseLong(String)</code></a>\n</dd>"
                ]
            },
            "seeAlso": null
        },
        "getUserInstallCount()": {
            "elementId": "getUserInstallCount()",
            "methodAnnotations": null,
            "methodName": "getUserInstallCount",
            "methodSignature": "long getUserInstallCount()",
            "methodParameters": null,
            "methodReturnType": "long",
            "isStatic": false,
            "descriptionElements": [
                "<div class=\"block\">\n The approximate count of users that have installed this application, or <code>-1</code> if it is unknown.\n</div>"
            ],
            "deprecationElement": null,
            "details": {
                "RETURNS": [
                    "<dd>\n The approximate count of users that have installed this application.\n</dd>"
                ]
            },
            "seeAlso": null
        },
        "getDescription()": {
            "elementId": "getDescription()",
            "methodAnnotations": "@Nonnull",
            "methodName": "getDescription",
            "methodSignature": "@Nonnull String getDescription()",
            "methodParameters": null,
            "methodReturnType": "String",
            "isStatic": false,
            "descriptionElements": [
                "<div class=\"block\">\n The description of the bot's application.\n</div>"
            ],
            "deprecationElement": null,
            "details": {
                "RETURNS": [
                    "<dd>\n The description of the bot's application or an empty <a href=\"https://docs.oracle.com/javase/8/docs/api/java/lang/String.html\" title=\"class or interface in java.lang\" class=\"external-link\"><code>String</code></a> if no description is defined\n</dd>"
                ]
            },
            "seeAlso": null
        },
        "getPermissions()": {
            "elementId": "getPermissions()",
            "methodAnnotations": "@Nonnull",
            "methodName": "getPermissions",
            "methodSignature": "@Nonnull EnumSet<Permission> getPermissions()",
            "methodParameters": null,
            "methodReturnType": "EnumSet<Permission>",
            "isStatic": false,
            "descriptionElements": [
                "<div class=\"block\">\n An <a href=\"https://docs.oracle.com/javase/8/docs/api/java/util/EnumSet.html\" title=\"class or interface in java.util\" class=\"external-link\"><code>EnumSet</code></a> of permissions the default authorization URL is set up with. \n <p>This is empty if you set a custom URL in the <a href=\"https://discord.com/developers/applications\" target=\"_blank\">Developer Portal</a>.</p>\n</div>"
            ],
            "deprecationElement": null,
            "details": {
                "RETURNS": [
                    "<dd>\n Set of permissions the default authorization URL is set up with.\n</dd>"
                ]
            },
            "seeAlso": null
        },
        "getFlags()": {
            "elementId": "getFlags()",
            "methodAnnotations": "@Nonnull",
            "methodName": "getFlags",
            "methodSignature": "@Nonnull default EnumSet<ApplicationInfo.Flag> getFlags()",
            "methodParameters": null,
            "methodReturnType": "EnumSet<ApplicationInfo.Flag>",
            "isStatic": false,
            "descriptionElements": [
                "<div class=\"block\">\n The <a href=\"ApplicationInfo.Flag.html\" title=\"enum in net.dv8tion.jda.api.entities\"><code>Flags</code></a> set for the application. \n <br>\n Modifying the returned EnumSet will have not actually change the flags of the application.\n</div>"
            ],
            "deprecationElement": null,
            "details": {
                "RETURNS": [
                    "<dd>\n <a href=\"https://docs.oracle.com/javase/8/docs/api/java/util/EnumSet.html\" title=\"class or interface in java.util\" class=\"external-link\"><code>EnumSet</code></a> of <a href=\"ApplicationInfo.Flag.html\" title=\"enum in net.dv8tion.jda.api.entities\"><code>ApplicationInfo.Flag</code></a>\n</dd>"
                ]
            },
            "seeAlso": null
        },
        "getIdLong()": {
            "elementId": "getIdLong()",
            "methodAnnotations": null,
            "methodName": "getIdLong",
            "methodSignature": "long getIdLong()",
            "methodParameters": null,
            "methodReturnType": "long",
            "isStatic": false,
            "descriptionElements": [
                "<div class=\"block\">\n The Snowflake id of this entity. This is unique to every entity and will never change.\n</div>"
            ],
            "deprecationElement": null,
            "details": {
                "RETURNS": [
                    "<dd>\n Long containing the Id.\n</dd>"
                ]
            },
            "seeAlso": null
        },
        "getPrivacyPolicyUrl()": {
            "elementId": "getPrivacyPolicyUrl()",
            "methodAnnotations": "@Nullable",
            "methodName": "getPrivacyPolicyUrl",
            "methodSignature": "@Nullable String getPrivacyPolicyUrl()",
            "methodParameters": null,
            "methodReturnType": "String",
            "isStatic": false,
            "descriptionElements": [
                "<div class=\"block\">\n The URL for the application's privacy policy.\n</div>"
            ],
            "deprecationElement": null,
            "details": {
                "RETURNS": [
                    "<dd>\n The URL for the application's privacy policy or <code>null</code> if none is set\n</dd>"
                ]
            },
            "seeAlso": null
        },
        "getOwner()": {
            "elementId": "getOwner()",
            "methodAnnotations": "@Nonnull",
            "methodName": "getOwner",
            "methodSignature": "@Nonnull User getOwner()",
            "methodParameters": null,
            "methodReturnType": "User",
            "isStatic": false,
            "descriptionElements": [
                "<div class=\"block\">\n The owner of the bot's application.\n</div>"
            ],
            "deprecationElement": null,
            "details": {
                "RETURNS": [
                    "<dd>\n The owner of the bot's application\n</dd>"
                ]
            },
            "seeAlso": null
        },
        "getId()": {
            "elementId": "getId()",
            "methodAnnotations": "@Nonnull",
            "methodName": "getId",
            "methodSignature": "@Nonnull default String getId()",
            "methodParameters": null,
            "methodReturnType": "String",
            "isStatic": false,
            "descriptionElements": [
                "<div class=\"block\">\n The Snowflake id of this entity. This is unique to every entity and will never change.\n</div>"
            ],
            "deprecationElement": null,
            "details": {
                "RETURNS": [
                    "<dd>\n Never-null String containing the Id.\n</dd>"
                ]
            },
            "seeAlso": null
        },
        "getTeam()": {
            "elementId": "getTeam()",
            "methodAnnotations": "@Nullable",
            "methodName": "getTeam",
            "methodSignature": "@Nullable ApplicationTeam getTeam()",
            "methodParameters": null,
            "methodReturnType": "ApplicationTeam",
            "isStatic": false,
            "descriptionElements": [
                "<div class=\"block\">\n The team information for this application.\n</div>"
            ],
            "deprecationElement": null,
            "details": {
                "RETURNS": [
                    "<dd>\n The <a href=\"ApplicationTeam.html\" title=\"interface in net.dv8tion.jda.api.entities\"><code>ApplicationTeam</code></a>, or null if this application is not in a team.\n</dd>"
                ]
            },
            "seeAlso": null
        },
        "getName()": {
            "elementId": "getName()",
            "methodAnnotations": "@Nonnull",
            "methodName": "getName",
            "methodSignature": "@Nonnull String getName()",
            "methodParameters": null,
            "methodReturnType": "String",
            "isStatic": false,
            "descriptionElements": [
                "<div class=\"block\">\n The name of the bot's application. \n <br>\n The application name is <b>not</b> necessarily the same as the bot's name!\n</div>"
            ],
            "deprecationElement": null,
            "details": {
                "RETURNS": [
                    "<dd>\n The name of the bot's application.\n</dd>"
                ]
            },
            "seeAlso": null
        },
        "getPermissionsRaw()": {
            "elementId": "getPermissionsRaw()",
            "methodAnnotations": null,
            "methodName": "getPermissionsRaw",
            "methodSignature": "long getPermissionsRaw()",
            "methodParameters": null,
            "methodReturnType": "long",
            "isStatic": false,
            "descriptionElements": [
                "<div class=\"block\">\n The <code>long</code> representation of the literal permissions the default authorization URL is set up with.\n</div>"
            ],
            "deprecationElement": null,
            "details": {
                "RETURNS": [
                    "<dd>\n Never-negative long containing offset permissions the default authorization URL is set up with.\n</dd>"
                ]
            },
            "seeAlso": null
        },
        "isBotPublic()": {
            "elementId": "isBotPublic()",
            "methodAnnotations": null,
            "methodName": "isBotPublic",
            "methodSignature": "boolean isBotPublic()",
            "methodParameters": null,
            "methodReturnType": "boolean",
            "isStatic": false,
            "descriptionElements": [
                "<div class=\"block\">\n Whether the bot is public or not. Public bots can be added by anyone. When false only the owner can invite the bot to guilds.\n</div>"
            ],
            "deprecationElement": null,
            "details": {
                "RETURNS": [
                    "<dd>\n Whether the bot is public\n</dd>"
                ]
            },
            "seeAlso": null
        },
        "getScopes()": {
            "elementId": "getScopes()",
            "methodAnnotations": "@Nonnull",
            "methodName": "getScopes",
            "methodSignature": "@Nonnull @Unmodifiable List<String> getScopes()",
            "methodParameters": null,
            "methodReturnType": "@Unmodifiable List<String>",
            "isStatic": false,
            "descriptionElements": [
                "<div class=\"block\">\n A <a href=\"https://docs.oracle.com/javase/8/docs/api/java/util/List.html\" title=\"class or interface in java.util\" class=\"external-link\"><code>List</code></a> of scopes the default authorization URL is set up with. \n <p>This List is empty if you set a custom URL in the <a href=\"https://discord.com/developers/applications\" target=\"_blank\">Developer Portal</a>.</p>\n</div>"
            ],
            "deprecationElement": null,
            "details": {
                "RETURNS": [
                    "<dd>\n Immutable list of scopes the default authorization URL is set up with.\n</dd>"
                ]
            },
            "seeAlso": null
        },
        "getIcon()": {
            "elementId": "getIcon()",
            "methodAnnotations": "@Nullable",
            "methodName": "getIcon",
            "methodSignature": "@Nullable default ImageProxy getIcon()",
            "methodParameters": null,
            "methodReturnType": "ImageProxy",
            "isStatic": false,
            "descriptionElements": [
                "<div class=\"block\">\n Returns an <a href=\"../utils/ImageProxy.html\" title=\"class in net.dv8tion.jda.api.utils\"><code>ImageProxy</code></a> for this application info's icon.\n</div>"
            ],
            "deprecationElement": null,
            "details": {
                "RETURNS": [
                    "<dd>\n The <a href=\"../utils/ImageProxy.html\" title=\"class in net.dv8tion.jda.api.utils\"><code>ImageProxy</code></a> of this application info's icon or null if no icon is defined\n</dd>"
                ],
                "SEE_ALSO": [
                    "<dd>\n <ul class=\"see-list\">\n  <li><a href=\"#getIconUrl()\"><code>getIconUrl()</code></a></li>\n </ul>\n</dd>"
                ]
            },
            "seeAlso": {
                "references": [
                    {
                        "text": "getIconUrl()",
                        "link": "https://docs.jda.wiki/net/dv8tion/jda/api/entities/ApplicationInfo.html#getIconUrl()",
                        "targetType": "METHOD",
                        "fullSignature": "ApplicationInfo#getIconUrl()"
                    }
                ]
            }
        },
        "getFlagsRaw()": {
            "elementId": "getFlagsRaw()",
            "methodAnnotations": null,
            "methodName": "getFlagsRaw",
            "methodSignature": "long getFlagsRaw()",
            "methodParameters": null,
            "methodReturnType": "long",
            "isStatic": false,
            "descriptionElements": [
                "<div class=\"block\">\n The raw bitset representing this application's flags.\n</div>"
            ],
            "deprecationElement": null,
            "details": {
                "RETURNS": [
                    "<dd>\n The bitset\n</dd>"
                ]
            },
            "seeAlso": null
        },
        "getJDA()": {
            "elementId": "getJDA()",
            "methodAnnotations": "@Nonnull",
            "methodName": "getJDA",
            "methodSignature": "@Nonnull JDA getJDA()",
            "methodParameters": null,
            "methodReturnType": "JDA",
            "isStatic": false,
            "descriptionElements": [
                "<div class=\"block\">\n The <a href=\"../JDA.html\" title=\"interface in net.dv8tion.jda.api\"><code>JDA</code></a> instance of this ApplicationInfo (the one logged into this application's bot account).\n</div>"
            ],
            "deprecationElement": null,
            "details": {
                "RETURNS": [
                    "<dd>\n The JDA instance of this ApplicationInfo\n</dd>"
                ]
            },
            "seeAlso": null
        },
        "getInviteUrl(java.lang.String,net.dv8tion.jda.api.Permission...)": {
            "elementId": "getInviteUrl(java.lang.String,net.dv8tion.jda.api.Permission...)",
            "methodAnnotations": "@Nonnull",
            "methodName": "getInviteUrl",
            "methodSignature": "@Nonnull default String getInviteUrl(@Nullable String guildId, @Nullable Permission... permissions)",
            "methodParameters": {
                "originalText": "(@Nullable String guildId, @Nullable Permission... permissions)",
                "parameters": [
                    {
                        "annotations": [
                            "Nullable"
                        ],
                        "type": "String",
                        "simpleType": "String",
                        "name": "guildId"
                    },
                    {
                        "annotations": [
                            "Nullable"
                        ],
                        "type": "Permission...",
                        "simpleType": "Permission...",
                        "name": "permissions"
                    }
                ]
            },
            "methodReturnType": "String",
            "isStatic": false,
            "descriptionElements": [
                "<div class=\"block\">\n Creates a OAuth invite-link used to invite the bot. \n <p>The link is provided in the following format: <br><code>https://discord.com/oauth2/authorize?client_id=APPLICATION_ID&amp;scope=bot&amp;permissions=PERMISSIONS&amp;guild_id=GUILD_ID</code> <br>\n  Unnecessary query parameters are stripped.</p>\n</div>"
            ],
            "deprecationElement": null,
            "details": {
                "PARAMETERS": [
                    "<dd>\n <code>guildId</code> - The id of the pre-selected guild.\n</dd>",
                    "<dd>\n <code>permissions</code> - Possibly empty array of <a href=\"../Permission.html\" title=\"enum in net.dv8tion.jda.api\"><code>Permissions</code></a> that should be requested via invite.\n</dd>"
                ],
                "RETURNS": [
                    "<dd>\n The link used to invite the bot\n</dd>"
                ],
                "THROWS": [
                    "<dd>\n <code><a href=\"https://docs.oracle.com/javase/8/docs/api/java/lang/NumberFormatException.html\" title=\"class or interface in java.lang\" class=\"external-link\">NumberFormatException</a></code> - If the provided <code>id</code> cannot be parsed by <a href=\"https://docs.oracle.com/javase/8/docs/api/java/lang/Long.html#parseLong-java.lang.String-\" title=\"class or interface in java.lang\" class=\"external-link\"><code>Long.parseLong(String)</code></a>\n</dd>"
                ]
            },
            "seeAlso": null
        },
        "getInteractionsEndpointUrl()": {
            "elementId": "getInteractionsEndpointUrl()",
            "methodAnnotations": "@Nullable",
            "methodName": "getInteractionsEndpointUrl",
            "methodSignature": "@Nullable String getInteractionsEndpointUrl()",
            "methodParameters": null,
            "methodReturnType": "String",
            "isStatic": false,
            "descriptionElements": [
                "<div class=\"block\">\n The interaction endpoint URL of this bot's application. \n <p>This returns <code>null</code> if no interaction endpoint URL is set in the <a href=\"https://discord.com/developers/applications\" target=\"_blank\">Developer Portal</a>.</p>\n <p>A non-null value means your bot will no longer receive <a href=\"../interactions/Interaction.html\" title=\"interface in net.dv8tion.jda.api.interactions\"><code>interactions</code></a> through JDA, such as slash commands, components and modals.</p>\n</div>"
            ],
            "deprecationElement": null,
            "details": {
                "RETURNS": [
                    "<dd>\n Interaction endpoint URL of this bot's application, or <code>null</code> if it has not been set\n</dd>"
                ]
            },
            "seeAlso": null
        },
        "getRedirectUris()": {
            "elementId": "getRedirectUris()",
            "methodAnnotations": "@Nonnull",
            "methodName": "getRedirectUris",
            "methodSignature": "@Nonnull @Unmodifiable List<String> getRedirectUris()",
            "methodParameters": null,
            "methodReturnType": "@Unmodifiable List<String>",
            "isStatic": false,
            "descriptionElements": [
                "<div class=\"block\">\n A <a href=\"https://docs.oracle.com/javase/8/docs/api/java/util/List.html\" title=\"class or interface in java.util\" class=\"external-link\"><code>List</code></a> containing the OAuth2 redirect URIs of this bot's application. \n <p>This List is empty if no redirect URIs are set in the <a href=\"https://discord.com/developers/applications\" target=\"_blank\">Developer Portal</a>.</p>\n</div>"
            ],
            "deprecationElement": null,
            "details": {
                "RETURNS": [
                    "<dd>\n Immutable list containing the OAuth2 redirect URIs of this bot's application\n</dd>"
                ]
            },
            "seeAlso": null
        },
        "setRequiredScopes(java.util.Collection)": {
            "elementId": "setRequiredScopes(java.util.Collection)",
            "methodAnnotations": "@Nonnull",
            "methodName": "setRequiredScopes",
            "methodSignature": "@Nonnull ApplicationInfo setRequiredScopes(@Nonnull Collection<String> scopes)",
            "methodParameters": {
                "originalText": "(@Nonnull Collection<String> scopes)",
                "parameters": [
                    {
                        "annotations": [
                            "Nonnull"
                        ],
                        "type": "Collection",
                        "simpleType": "Collection",
                        "name": "scopes"
                    }
                ]
            },
            "methodReturnType": "ApplicationInfo",
            "isStatic": false,
            "descriptionElements": [
                "<div class=\"block\">\n Configures the required scopes applied to the <a href=\"#getInviteUrl(net.dv8tion.jda.api.Permission...)\"><code>getInviteUrl(Permission...)</code></a> and similar methods. \n <br>\n The scope <code>\"bot\"</code> is always applied.\n</div>"
            ],
            "deprecationElement": null,
            "details": {
                "PARAMETERS": [
                    "<dd>\n <code>scopes</code> - The scopes to use with <a href=\"#getInviteUrl(net.dv8tion.jda.api.Permission...)\"><code>getInviteUrl(Permission...)</code></a> and the likes\n</dd>"
                ],
                "RETURNS": [
                    "<dd>\n The current ApplicationInfo instance\n</dd>"
                ],
                "THROWS": [
                    "<dd>\n <code><a href=\"https://docs.oracle.com/javase/8/docs/api/java/lang/IllegalArgumentException.html\" title=\"class or interface in java.lang\" class=\"external-link\">IllegalArgumentException</a></code> - If null is provided\n</dd>"
                ]
            },
            "seeAlso": null
        },
        "getIntegrationTypesConfig()": {
            "elementId": "getIntegrationTypesConfig()",
            "methodAnnotations": "@Nonnull",
            "methodName": "getIntegrationTypesConfig",
            "methodSignature": "@Nonnull Map<IntegrationType,ApplicationInfo.IntegrationTypeConfiguration> getIntegrationTypesConfig()",
            "methodParameters": null,
            "methodReturnType": "Map<IntegrationType,ApplicationInfo.IntegrationTypeConfiguration>",
            "isStatic": false,
            "descriptionElements": [
                "<div class=\"block\">\n The configurations for each <a href=\"../interactions/IntegrationType.html\" title=\"enum in net.dv8tion.jda.api.interactions\"><code>IntegrationType</code></a> set on the application.\n</div>"
            ],
            "deprecationElement": null,
            "details": {
                "RETURNS": [
                    "<dd>\n The configurations for each integration type\n</dd>"
                ]
            },
            "seeAlso": null
        },
        "getInviteUrl(net.dv8tion.jda.api.Permission...)": {
            "elementId": "getInviteUrl(net.dv8tion.jda.api.Permission...)",
            "methodAnnotations": "@Nonnull",
            "methodName": "getInviteUrl",
            "methodSignature": "@Nonnull default String getInviteUrl(@Nullable Permission... permissions)",
            "methodParameters": {
                "originalText": "(@Nullable Permission... permissions)",
                "parameters": [
                    {
                        "annotations": [
                            "Nullable"
                        ],
                        "type": "Permission...",
                        "simpleType": "Permission...",
                        "name": "permissions"
                    }
                ]
            },
            "methodReturnType": "String",
            "isStatic": false,
            "descriptionElements": [
                "<div class=\"block\">\n Creates a OAuth invite-link used to invite the bot. \n <p>The link is provided in the following format: <br><code>https://discord.com/oauth2/authorize?client_id=APPLICATION_ID&amp;scope=bot&amp;permissions=PERMISSIONS</code> <br>\n  Unnecessary query parameters are stripped.</p>\n</div>"
            ],
            "deprecationElement": null,
            "details": {
                "PARAMETERS": [
                    "<dd>\n <code>permissions</code> - <a href=\"../Permission.html\" title=\"enum in net.dv8tion.jda.api\"><code>Permissions</code></a> that should be requested via invite.\n</dd>"
                ],
                "RETURNS": [
                    "<dd>\n The link used to invite the bot\n</dd>"
                ]
            },
            "seeAlso": null
        },
        "getCustomAuthorizationUrl()": {
            "elementId": "getCustomAuthorizationUrl()",
            "methodAnnotations": "@Nullable",
            "methodName": "getCustomAuthorizationUrl",
            "methodSignature": "@Nullable String getCustomAuthorizationUrl()",
            "methodParameters": null,
            "methodReturnType": "String",
            "isStatic": false,
            "descriptionElements": [
                "<div class=\"block\">\n The custom Authorization URL of this bot's application. \n <p>This returns <code>null</code> if no custom URL is set in the <a href=\"https://discord.com/developers/applications\" target=\"_blank\">Developer Portal</a> or if In-app Authorization is enabled.</p>\n</div>"
            ],
            "deprecationElement": null,
            "details": {
                "RETURNS": [
                    "<dd>\n Custom Authorization URL, or null if it has not been set\n</dd>"
                ]
            },
            "seeAlso": null
        },
        "getIconId()": {
            "elementId": "getIconId()",
            "methodAnnotations": "@Nullable",
            "methodName": "getIconId",
            "methodSignature": "@Nullable String getIconId()",
            "methodParameters": null,
            "methodReturnType": "String",
            "isStatic": false,
            "descriptionElements": [
                "<div class=\"block\">\n The icon id of the bot's application. \n <br>\n The application icon is <b>not</b> necessarily the same as the bot's avatar!\n</div>"
            ],
            "deprecationElement": null,
            "details": {
                "RETURNS": [
                    "<dd>\n The icon id of the bot's application or null if no icon is defined\n</dd>"
                ]
            },
            "seeAlso": null
        },
        "getTimeCreated()": {
            "elementId": "getTimeCreated()",
            "methodAnnotations": "@Nonnull",
            "methodName": "getTimeCreated",
            "methodSignature": "@Nonnull default OffsetDateTime getTimeCreated()",
            "methodParameters": null,
            "methodReturnType": "OffsetDateTime",
            "isStatic": false,
            "descriptionElements": [
                "<div class=\"block\">\n The time this entity was created. Calculated through the Snowflake in <a href=\"#getIdLong()\"><code>getIdLong()</code></a>.\n</div>"
            ],
            "deprecationElement": null,
            "details": {
                "RETURNS": [
                    "<dd>\n OffsetDateTime - Time this entity was created at.\n</dd>"
                ],
                "SEE_ALSO": [
                    "<dd>\n <ul class=\"see-list\">\n  <li><a href=\"../utils/TimeUtil.html#getTimeCreated(long)\"><code>TimeUtil.getTimeCreated(long)</code></a></li>\n </ul>\n</dd>"
                ]
            },
            "seeAlso": {
                "references": [
                    {
                        "text": "TimeUtil#getTimeCreated(long)",
                        "link": "https://docs.jda.wiki/net/dv8tion/jda/api/utils/TimeUtil.html#getTimeCreated(long)",
                        "targetType": "METHOD",
                        "fullSignature": "TimeUtil#getTimeCreated(long)"
                    }
                ]
            }
        },
        "doesBotRequireCodeGrant()": {
            "elementId": "doesBotRequireCodeGrant()",
            "methodAnnotations": null,
            "methodName": "doesBotRequireCodeGrant",
            "methodSignature": "boolean doesBotRequireCodeGrant()",
            "methodParameters": null,
            "methodReturnType": "boolean",
            "isStatic": false,
            "descriptionElements": [
                "<div class=\"block\">\n Whether the bot requires code grant to invite or not. \n <p>This means that additional OAuth2 steps are required to authorize the application to make a bot join a guild like <code>&amp;response_type=code</code> together with a valid <code>&amp;redirect_uri</code>. <br>\n  For more information look at the <a href=\"https://discord.com/developers/docs/topics/oauth2\">Discord OAuth2 documentation</a>.</p>\n</div>"
            ],
            "deprecationElement": null,
            "details": {
                "RETURNS": [
                    "<dd>\n Whether the bot requires code grant\n</dd>"
                ]
            },
            "seeAlso": null
        },
        "getInviteUrl(long,net.dv8tion.jda.api.Permission...)": {
            "elementId": "getInviteUrl(long,net.dv8tion.jda.api.Permission...)",
            "methodAnnotations": "@Nonnull",
            "methodName": "getInviteUrl",
            "methodSignature": "@Nonnull default String getInviteUrl(long guildId, @Nullable Permission... permissions)",
            "methodParameters": {
                "originalText": "(long guildId, @Nullable Permission... permissions)",
                "parameters": [
                    {
                        "annotations": [],
                        "type": "long",
                        "simpleType": "long",
                        "name": "guildId"
                    },
                    {
                        "annotations": [
                            "Nullable"
                        ],
                        "type": "Permission...",
                        "simpleType": "Permission...",
                        "name": "permissions"
                    }
                ]
            },
            "methodReturnType": "String",
            "isStatic": false,
            "descriptionElements": [
                "<div class=\"block\">\n Creates a OAuth invite-link used to invite the bot. \n <p>The link is provided in the following format: <br><code>https://discord.com/oauth2/authorize?client_id=APPLICATION_ID&amp;scope=bot&amp;permissions=PERMISSIONS&amp;guild_id=GUILD_ID</code> <br>\n  Unnecessary query parameters are stripped.</p>\n</div>"
            ],
            "deprecationElement": null,
            "details": {
                "PARAMETERS": [
                    "<dd>\n <code>guildId</code> - The id of the pre-selected guild.\n</dd>",
                    "<dd>\n <code>permissions</code> - Possibly empty array of <a href=\"../Permission.html\" title=\"enum in net.dv8tion.jda.api\"><code>Permissions</code></a> that should be requested via invite.\n</dd>"
                ],
                "RETURNS": [
                    "<dd>\n The link used to invite the bot\n</dd>"
                ]
            },
            "seeAlso": null
        },
        "getIconUrl()": {
            "elementId": "getIconUrl()",
            "methodAnnotations": "@Nullable",
            "methodName": "getIconUrl",
            "methodSignature": "@Nullable String getIconUrl()",
            "methodParameters": null,
            "methodReturnType": "String",
            "isStatic": false,
            "descriptionElements": [
                "<div class=\"block\">\n The icon-url of the bot's application. \n <br>\n The application icon is <b>not</b> necessarily the same as the bot's avatar!\n</div>"
            ],
            "deprecationElement": null,
            "details": {
                "RETURNS": [
                    "<dd>\n The icon-url of the bot's application or null if no icon is defined\n</dd>"
                ]
            },
            "seeAlso": null
        },
        "setRequiredScopes(java.lang.String...)": {
            "elementId": "setRequiredScopes(java.lang.String...)",
            "methodAnnotations": "@Nonnull",
            "methodName": "setRequiredScopes",
            "methodSignature": "@Nonnull default ApplicationInfo setRequiredScopes(@Nonnull String... scopes)",
            "methodParameters": {
                "originalText": "(@Nonnull String... scopes)",
                "parameters": [
                    {
                        "annotations": [
                            "Nonnull"
                        ],
                        "type": "String...",
                        "simpleType": "String...",
                        "name": "scopes"
                    }
                ]
            },
            "methodReturnType": "ApplicationInfo",
            "isStatic": false,
            "descriptionElements": [
                "<div class=\"block\">\n Configures the required scopes applied to the <a href=\"#getInviteUrl(net.dv8tion.jda.api.Permission...)\"><code>getInviteUrl(Permission...)</code></a> and similar methods. \n <br>\n The scope <code>\"bot\"</code> is always applied.\n</div>"
            ],
            "deprecationElement": null,
            "details": {
                "PARAMETERS": [
                    "<dd>\n <code>scopes</code> - The scopes to use with <a href=\"#getInviteUrl(net.dv8tion.jda.api.Permission...)\"><code>getInviteUrl(Permission...)</code></a> and the likes\n</dd>"
                ],
                "RETURNS": [
                    "<dd>\n The current ApplicationInfo instance\n</dd>"
                ],
                "THROWS": [
                    "<dd>\n <code><a href=\"https://docs.oracle.com/javase/8/docs/api/java/lang/IllegalArgumentException.html\" title=\"class or interface in java.lang\" class=\"external-link\">IllegalArgumentException</a></code> - If null is provided\n</dd>"
                ]
            },
            "seeAlso": null
        },
        "getTermsOfServiceUrl()": {
            "elementId": "getTermsOfServiceUrl()",
            "methodAnnotations": "@Nullable",
            "methodName": "getTermsOfServiceUrl",
            "methodSignature": "@Nullable String getTermsOfServiceUrl()",
            "methodParameters": null,
            "methodReturnType": "String",
            "isStatic": false,
            "descriptionElements": [
                "<div class=\"block\">\n The URL for the application's terms of service.\n</div>"
            ],
            "deprecationElement": null,
            "details": {
                "RETURNS": [
                    "<dd>\n The URL for the application's terms of service or <code>null</code> if none is set\n</dd>"
                ]
            },
            "seeAlso": null
        },
        "getInviteUrl(long,java.util.Collection)": {
            "elementId": "getInviteUrl(long,java.util.Collection)",
            "methodAnnotations": "@Nonnull",
            "methodName": "getInviteUrl",
            "methodSignature": "@Nonnull default String getInviteUrl(long guildId, @Nullable Collection<Permission> permissions)",
            "methodParameters": {
                "originalText": "(long guildId, @Nullable Collection<Permission> permissions)",
                "parameters": [
                    {
                        "annotations": [],
                        "type": "long",
                        "simpleType": "long",
                        "name": "guildId"
                    },
                    {
                        "annotations": [
                            "Nullable"
                        ],
                        "type": "Collection",
                        "simpleType": "Collection",
                        "name": "permissions"
                    }
                ]
            },
            "methodReturnType": "String",
            "isStatic": false,
            "descriptionElements": [
                "<div class=\"block\">\n Creates a OAuth invite-link used to invite the bot. \n <p>The link is provided in the following format: <br><code>https://discord.com/oauth2/authorize?client_id=APPLICATION_ID&amp;scope=bot&amp;permissions=PERMISSIONS&amp;guild_id=GUILD_ID</code> <br>\n  Unnecessary query parameters are stripped.</p>\n</div>"
            ],
            "deprecationElement": null,
            "details": {
                "PARAMETERS": [
                    "<dd>\n <code>guildId</code> - The id of the pre-selected guild.\n</dd>",
                    "<dd>\n <code>permissions</code> - Possibly empty <a href=\"https://docs.oracle.com/javase/8/docs/api/java/util/Collection.html\" title=\"class or interface in java.util\" class=\"external-link\"><code>Collection</code></a> of <a href=\"../Permission.html\" title=\"enum in net.dv8tion.jda.api\"><code>Permissions</code></a> that should be requested via invite.\n</dd>"
                ],
                "RETURNS": [
                    "<dd>\n The link used to invite the bot\n</dd>"
                ]
            },
            "seeAlso": null
        },
        "getRoleConnectionsVerificationUrl()": {
            "elementId": "getRoleConnectionsVerificationUrl()",
            "methodAnnotations": "@Nullable",
            "methodName": "getRoleConnectionsVerificationUrl",
            "methodSignature": "@Nullable String getRoleConnectionsVerificationUrl()",
            "methodParameters": null,
            "methodReturnType": "String",
            "isStatic": false,
            "descriptionElements": [
                "<div class=\"block\">\n The role connections (linked roles) verification URL of this bot's application. \n <p>This returns <code>null</code> if no role connection verification URL is set in the <a href=\"https://discord.com/developers/applications\" target=\"_blank\">Developer Portal</a>.</p>\n</div>"
            ],
            "deprecationElement": null,
            "details": {
                "RETURNS": [
                    "<dd>\n Role connections verification URL of this bot's application, or <code>null</code> if it has not been set\n</dd>"
                ]
            },
            "seeAlso": null
        }
    },
    "fields": {}
}