{
    "classNameFqcn": "net.dv8tion.jda.api.entities.ApplicationInfo.InstallParameters",
    "descriptionElements": [
        "<div class=\"block\">OAuth2 install parameter for the default in-app authorization link.</div>"
    ],
    "deprecationElement": null,
    "details": {
        "SEE_ALSO": [
            "<dd>\n <ul class=\"see-list-long\">\n  <li><a href=\"ApplicationInfo.IntegrationTypeConfiguration.html#getInstallParameters()\"><code>ApplicationInfo.IntegrationTypeConfiguration.getInstallParameters()</code></a></li>\n </ul>\n</dd>"
        ],
        "ENCLOSING_INTERFACE": [
            "<dd>\n <a href=\"ApplicationInfo.html\" title=\"interface in net.dv8tion.jda.api.entities\">ApplicationInfo</a>\n</dd>"
        ]
    },
    "seeAlso": {
        "references": [
            {
                "text": "ApplicationInfo.IntegrationTypeConfiguration#getInstallParameters()",
                "link": "https://docs.jda.wiki/net/dv8tion/jda/api/entities/ApplicationInfo.IntegrationTypeConfiguration.html#getInstallParameters()",
                "targetType": "METHOD",
                "fullSignature": "ApplicationInfo.IntegrationTypeConfiguration#getInstallParameters()"
            }
        ]
    },
    "methods": {
        "getScopes()": {
            "elementId": "getScopes()",
            "methodAnnotations": "@Nonnull",
            "methodName": "getScopes",
            "methodSignature": "@Nonnull List<String> getScopes()",
            "parameters": [],
            "methodReturnType": "List<String>",
            "isStatic": false,
            "descriptionElements": [
                "<div class=\"block\">Gets the required scopes granted to the bot when invited.</div>"
            ],
            "deprecationElement": null,
            "details": {
                "RETURNS": [
                    "<dd>The required scopes granted to the bot when invited</dd>"
                ]
            },
            "seeAlso": null
        },
        "getPermissions()": {
            "elementId": "getPermissions()",
            "methodAnnotations": "@Nonnull",
            "methodName": "getPermissions",
            "methodSignature": "@Nonnull Set<Permission> getPermissions()",
            "parameters": [],
            "methodReturnType": "Set<Permission>",
            "isStatic": false,
            "descriptionElements": [
                "<div class=\"block\">\n Gets the permissions your bot asks for when invited.\n <br>\n <b>Note:</b> Users can choose to disable permissions before and after inviting your bot.\n</div>"
            ],
            "deprecationElement": null,
            "details": {
                "RETURNS": [
                    "<dd>The permissions your bot asks for when invited</dd>"
                ]
            },
            "seeAlso": null
        }
    },
    "fields": {}
}