{
    "classNameFqcn": "net.dv8tion.jda.api.entities.ApplicationInfo.IntegrationTypeConfiguration",
    "descriptionElements": [
        "<div class=\"block\">\n Configuration of a single <a href=\"../interactions/IntegrationType.html\" title=\"enum in net.dv8tion.jda.api.interactions\"><code>IntegrationType</code></a>.\n</div>"
    ],
    "deprecationElement": null,
    "details": {
        "SEE_ALSO": [
            "<dd>\n <ul class=\"tag-list-long\">\n  <li><a href=\"ApplicationInfo.html#getIntegrationTypesConfig()\"><code>ApplicationInfo.getIntegrationTypesConfig()</code></a></li>\n </ul>\n</dd>"
        ],
        "SINCE": [
            "<dd>3.0</dd>"
        ],
        "AUTHOR": [
            "<dd>Aljoscha Grebe</dd>"
        ],
        "ENCLOSING_INTERFACE": [
            "<dd>\n <code><a href=\"ApplicationInfo.html\" title=\"interface in net.dv8tion.jda.api.entities\">ApplicationInfo</a></code>\n</dd>"
        ]
    },
    "seeAlso": {
        "references": [
            {
                "text": "ApplicationInfo#getIntegrationTypesConfig()",
                "link": "https://docs.jda.wiki/net/dv8tion/jda/api/entities/ApplicationInfo.html#getIntegrationTypesConfig()",
                "targetType": "METHOD",
                "fullSignature": "ApplicationInfo#getIntegrationTypesConfig()"
            }
        ]
    },
    "methods": {
        "getInstallParameters()": {
            "elementId": "getInstallParameters()",
            "methodAnnotations": "@Nullable",
            "methodName": "getInstallParameters",
            "methodSignature": "@Nullable ApplicationInfo.InstallParameters getInstallParameters()",
            "parameters": [],
            "methodReturnType": "ApplicationInfo.InstallParameters",
            "isStatic": false,
            "descriptionElements": [
                "<div class=\"block\">\n The OAuth2 install parameters for the default in-app authorization link.\n <br>\n When a user invites your application in the Discord app, these will be the parameters of the invite url.\n</div>"
            ],
            "deprecationElement": null,
            "details": {
                "RETURNS": [
                    "<dd>The OAuth2 install parameters for the default in-app authorization link</dd>"
                ]
            },
            "seeAlso": null
        }
    },
    "fields": {}
}