{
    "classNameFqcn": "net.dv8tion.jda.api.entities.ApplicationInfo.Flag",
    "descriptionElements": [
        "<div class=\"block\">\n Flag constants corresponding to the <a href=\"https://discord.com/developers/docs/resources/application#application-object-application-flags\" target=\"_blank\">Discord Enum</a>\n</div>"
    ],
    "deprecationElement": null,
    "details": {
        "SEE_ALSO": [
            "<dd>\n <ul class=\"see-list\">\n  <li><a href=\"ApplicationInfo.html#getFlags()\"><code>ApplicationInfo.getFlags()</code></a></li>\n </ul>\n</dd>"
        ],
        "ALL_IMPLEMENTED_INTERFACES": [
            "<dd>\n <code><a href=\"https://docs.oracle.com/javase/8/docs/api/java/io/Serializable.html\" title=\"class or interface in java.io\" class=\"external-link\">Serializable</a></code>, <code><a href=\"https://docs.oracle.com/javase/8/docs/api/java/lang/Comparable.html\" title=\"class or interface in java.lang\" class=\"external-link\">Comparable</a>&lt;<a href=\"ApplicationInfo.Flag.html\" title=\"enum in net.dv8tion.jda.api.entities\">ApplicationInfo.Flag</a>&gt;</code>\n</dd>"
        ],
        "ENCLOSING_INTERFACE": [
            "<dd>\n <a href=\"ApplicationInfo.html\" title=\"interface in net.dv8tion.jda.api.entities\">ApplicationInfo</a>\n</dd>"
        ]
    },
    "seeAlso": {
        "references": [
            {
                "text": "ApplicationInfo#getFlags()",
                "link": "https://docs.jda.wiki/net/dv8tion/jda/api/entities/ApplicationInfo.html#getFlags()",
                "targetType": "METHOD",
                "fullSignature": "ApplicationInfo#getFlags()"
            }
        ]
    },
    "methods": {
        "values()": {
            "elementId": "values()",
            "methodAnnotations": null,
            "methodName": "values",
            "methodSignature": "public static ApplicationInfo.Flag[] values()",
            "methodParameters": null,
            "methodReturnType": "ApplicationInfo.Flag[]",
            "isStatic": true,
            "descriptionElements": [
                "<div class=\"block\">\n Returns an array containing the constants of this enum type, in the order they are declared.\n</div>"
            ],
            "deprecationElement": null,
            "details": {
                "RETURNS": [
                    "<dd>\n an array containing the constants of this enum type, in the order they are declared\n</dd>"
                ]
            },
            "seeAlso": null
        },
        "valueOf(java.lang.String)": {
            "elementId": "valueOf(java.lang.String)",
            "methodAnnotations": null,
            "methodName": "valueOf",
            "methodSignature": "public static ApplicationInfo.Flag valueOf(String name)",
            "methodParameters": {
                "originalText": "(String name)",
                "parameters": [
                    {
                        "annotations": [],
                        "type": "java.lang.String",
                        "simpleType": "String",
                        "name": "name"
                    }
                ]
            },
            "methodReturnType": "ApplicationInfo.Flag",
            "isStatic": true,
            "descriptionElements": [
                "<div class=\"block\">\n Returns the enum constant of this type with the specified name. The string must match <i>exactly</i> an identifier used to declare an enum constant in this type. (Extraneous whitespace characters are not permitted.)\n</div>"
            ],
            "deprecationElement": null,
            "details": {
                "PARAMETERS": [
                    "<dd>\n <code>name</code> - the name of the enum constant to be returned.\n</dd>"
                ],
                "RETURNS": [
                    "<dd>\n the enum constant with the specified name\n</dd>"
                ],
                "THROWS": [
                    "<dd>\n <code><a href=\"https://docs.oracle.com/javase/8/docs/api/java/lang/IllegalArgumentException.html\" title=\"class or interface in java.lang\" class=\"external-link\">IllegalArgumentException</a></code> - if this enum type has no constant with the specified name\n</dd>",
                    "<dd>\n <code><a href=\"https://docs.oracle.com/javase/8/docs/api/java/lang/NullPointerException.html\" title=\"class or interface in java.lang\" class=\"external-link\">NullPointerException</a></code> - if the argument is null\n</dd>"
                ]
            },
            "seeAlso": null
        },
        "fromRaw(long)": {
            "elementId": "fromRaw(long)",
            "methodAnnotations": "@Nonnull",
            "methodName": "fromRaw",
            "methodSignature": "@Nonnull public static EnumSet<ApplicationInfo.Flag> fromRaw(long raw)",
            "methodParameters": {
                "originalText": "(long raw)",
                "parameters": [
                    {
                        "annotations": [],
                        "type": "long",
                        "simpleType": "long",
                        "name": "raw"
                    }
                ]
            },
            "methodReturnType": "EnumSet<ApplicationInfo.Flag>",
            "isStatic": true,
            "descriptionElements": [
                "<div class=\"block\">\n Converts the provided bitset to the corresponding enum constants.\n</div>"
            ],
            "deprecationElement": null,
            "details": {
                "PARAMETERS": [
                    "<dd>\n <code>raw</code> - The bitset of flags\n</dd>"
                ],
                "RETURNS": [
                    "<dd>\n <a href=\"https://docs.oracle.com/javase/8/docs/api/java/util/EnumSet.html\" title=\"class or interface in java.util\" class=\"external-link\"><code>EnumSet</code></a> of <a href=\"ApplicationInfo.Flag.html\" title=\"enum in net.dv8tion.jda.api.entities\"><code>ApplicationInfo.Flag</code></a>\n</dd>"
                ]
            },
            "seeAlso": null
        }
    },
    "fields": {
        "GATEWAY_MESSAGE_CONTENT": {
            "elementId": "GATEWAY_MESSAGE_CONTENT",
            "fieldName": "GATEWAY_MESSAGE_CONTENT",
            "fieldType": "ApplicationInfo.Flag",
            "fieldValue": null,
            "descriptionElements": [
                "<div class=\"block\">\n Bot can use <a href=\"../requests/GatewayIntent.html#MESSAGE_CONTENT\"><code>GatewayIntent.MESSAGE_CONTENT</code></a> in 100 or more guilds\n</div>"
            ],
            "deprecationElement": null,
            "modifiers": "public static final"
        },
        "VERIFICATION_PENDING_GUILD_LIMIT": {
            "elementId": "VERIFICATION_PENDING_GUILD_LIMIT",
            "fieldName": "VERIFICATION_PENDING_GUILD_LIMIT",
            "fieldType": "ApplicationInfo.Flag",
            "fieldValue": null,
            "descriptionElements": [
                "<div class=\"block\">\n Indicates unusual growth of an app that prevents verification\n</div>"
            ],
            "deprecationElement": null,
            "modifiers": "public static final"
        },
        "GATEWAY_GUILD_MEMBERS": {
            "elementId": "GATEWAY_GUILD_MEMBERS",
            "fieldName": "GATEWAY_GUILD_MEMBERS",
            "fieldType": "ApplicationInfo.Flag",
            "fieldValue": null,
            "descriptionElements": [
                "<div class=\"block\">\n Bot can use <a href=\"../requests/GatewayIntent.html#GUILD_MEMBERS\"><code>GatewayIntent.GUILD_MEMBERS</code></a> in 100 or more guilds\n</div>"
            ],
            "deprecationElement": null,
            "modifiers": "public static final"
        },
        "EMBEDDED": {
            "elementId": "EMBEDDED",
            "fieldName": "EMBEDDED",
            "fieldType": "ApplicationInfo.Flag",
            "fieldValue": null,
            "descriptionElements": [
                "<div class=\"block\">\n Indicates if an app is embedded within the Discord client (currently unavailable publicly)\n</div>"
            ],
            "deprecationElement": null,
            "modifiers": "public static final"
        },
        "GATEWAY_GUILD_MEMBERS_LIMITED": {
            "elementId": "GATEWAY_GUILD_MEMBERS_LIMITED",
            "fieldName": "GATEWAY_GUILD_MEMBERS_LIMITED",
            "fieldType": "ApplicationInfo.Flag",
            "fieldValue": null,
            "descriptionElements": [
                "<div class=\"block\">\n Bot can use <a href=\"../requests/GatewayIntent.html#GUILD_MEMBERS\"><code>GatewayIntent.GUILD_MEMBERS</code></a> in under 100 guilds\n</div>"
            ],
            "deprecationElement": null,
            "modifiers": "public static final"
        },
        "GATEWAY_PRESENCE": {
            "elementId": "GATEWAY_PRESENCE",
            "fieldName": "GATEWAY_PRESENCE",
            "fieldType": "ApplicationInfo.Flag",
            "fieldValue": null,
            "descriptionElements": [
                "<div class=\"block\">\n Bot can use <a href=\"../requests/GatewayIntent.html#GUILD_PRESENCES\"><code>GatewayIntent.GUILD_PRESENCES</code></a> in 100 or more guilds\n</div>"
            ],
            "deprecationElement": null,
            "modifiers": "public static final"
        },
        "GATEWAY_PRESENCE_LIMITED": {
            "elementId": "GATEWAY_PRESENCE_LIMITED",
            "fieldName": "GATEWAY_PRESENCE_LIMITED",
            "fieldType": "ApplicationInfo.Flag",
            "fieldValue": null,
            "descriptionElements": [
                "<div class=\"block\">\n Bot can use <a href=\"../requests/GatewayIntent.html#GUILD_PRESENCES\"><code>GatewayIntent.GUILD_PRESENCES</code></a> in under 100 guilds\n</div>"
            ],
            "deprecationElement": null,
            "modifiers": "public static final"
        },
        "GATEWAY_MESSAGE_CONTENT_LIMITED": {
            "elementId": "GATEWAY_MESSAGE_CONTENT_LIMITED",
            "fieldName": "GATEWAY_MESSAGE_CONTENT_LIMITED",
            "fieldType": "ApplicationInfo.Flag",
            "fieldValue": null,
            "descriptionElements": [
                "<div class=\"block\">\n Bot can use <a href=\"../requests/GatewayIntent.html#MESSAGE_CONTENT\"><code>GatewayIntent.MESSAGE_CONTENT</code></a> in under 100 guilds\n</div>"
            ],
            "deprecationElement": null,
            "modifiers": "public static final"
        }
    }
}