{
    "classNameFqcn": "net.dv8tion.jda.api.entities.ClientType",
    "descriptionElements": [
        "<div class=\"block\">The type of client a user might be active on.</div>"
    ],
    "deprecationElement": null,
    "details": {
        "SEE_ALSO": [
            "<dd>\n <ul class=\"see-list\">\n  <li><a href=\"Member.html#getOnlineStatus(net.dv8tion.jda.api.entities.ClientType)\"><code>Member.getOnlineStatus(type)</code></a></li>\n </ul>\n</dd>"
        ],
        "ALL_IMPLEMENTED_INTERFACES": [
            "<dd>\n <code><a href=\"https://docs.oracle.com/javase/8/docs/api/java/io/Serializable.html\" title=\"class or interface in java.io\" class=\"external-link\">Serializable</a></code>, <code><a href=\"https://docs.oracle.com/javase/8/docs/api/java/lang/Comparable.html\" title=\"class or interface in java.lang\" class=\"external-link\">Comparable</a>&lt;<a href=\"ClientType.html\" title=\"enum in net.dv8tion.jda.api.entities\">ClientType</a>&gt;</code>\n</dd>"
        ]
    },
    "seeAlso": {
        "references": [
            {
                "text": "Member#getOnlineStatus(type)",
                "link": "https://docs.jda.wiki/net/dv8tion/jda/api/entities/Member.html#getOnlineStatus(net.dv8tion.jda.api.entities.ClientType)",
                "targetType": "METHOD",
                "fullSignature": "Member#getOnlineStatus(ClientType)"
            }
        ]
    },
    "methods": {
        "values()": {
            "elementId": "values()",
            "methodAnnotations": null,
            "methodName": "values",
            "methodSignature": "public static ClientType[] values()",
            "parameters": [],
            "methodReturnType": "ClientType[]",
            "isStatic": true,
            "descriptionElements": [
                "<div class=\"block\">Returns an array containing the constants of this enum type, in the order they are declared.</div>"
            ],
            "deprecationElement": null,
            "details": {
                "RETURNS": [
                    "<dd>an array containing the constants of this enum type, in the order they are declared</dd>"
                ]
            },
            "seeAlso": null
        },
        "valueOf(java.lang.String)": {
            "elementId": "valueOf(java.lang.String)",
            "methodAnnotations": null,
            "methodName": "valueOf",
            "methodSignature": "public static ClientType valueOf(String name)",
            "parameters": [
                {
                    "annotations": [],
                    "type": "java.lang.String",
                    "simpleType": "String",
                    "name": "name"
                }
            ],
            "methodReturnType": "ClientType",
            "isStatic": true,
            "descriptionElements": [
                "<div class=\"block\">\n Returns the enum constant of this type with the specified name. The string must match <i>exactly</i> an identifier used to declare an enum constant in this type. (Extraneous whitespace characters are not permitted.)\n</div>"
            ],
            "deprecationElement": null,
            "details": {
                "PARAMETERS": [
                    "<dd>\n <code>name</code> - the name of the enum constant to be returned.\n</dd>"
                ],
                "RETURNS": [
                    "<dd>the enum constant with the specified name</dd>"
                ],
                "THROWS": [
                    "<dd>\n <code><a href=\"https://docs.oracle.com/javase/8/docs/api/java/lang/IllegalArgumentException.html\" title=\"class or interface in java.lang\" class=\"external-link\">IllegalArgumentException</a></code> - if this enum type has no constant with the specified name\n</dd>",
                    "<dd>\n <code><a href=\"https://docs.oracle.com/javase/8/docs/api/java/lang/NullPointerException.html\" title=\"class or interface in java.lang\" class=\"external-link\">NullPointerException</a></code> - if the argument is null\n</dd>"
                ]
            },
            "seeAlso": null
        },
        "fromKey(java.lang.String)": {
            "elementId": "fromKey(java.lang.String)",
            "methodAnnotations": "@Nonnull",
            "methodName": "fromKey",
            "methodSignature": "@Nonnull public static ClientType fromKey(@Nonnull String key)",
            "parameters": [
                {
                    "annotations": [
                        "Nonnull"
                    ],
                    "type": "java.lang.String",
                    "simpleType": "String",
                    "name": "key"
                }
            ],
            "methodReturnType": "ClientType",
            "isStatic": true,
            "descriptionElements": [
                "<div class=\"block\">Resolves the provided raw API key to the enum constant.</div>"
            ],
            "deprecationElement": null,
            "details": {
                "PARAMETERS": [
                    "<dd>\n <code>key</code> - The api key to check\n</dd>"
                ],
                "RETURNS": [
                    "<dd>\n The resolved ClientType or <a href=\"#UNKNOWN\"><code>UNKNOWN</code></a>\n</dd>"
                ]
            },
            "seeAlso": null
        },
        "getKey()": {
            "elementId": "getKey()",
            "methodAnnotations": "@Nonnull",
            "methodName": "getKey",
            "methodSignature": "@Nonnull public String getKey()",
            "parameters": [],
            "methodReturnType": "String",
            "isStatic": false,
            "descriptionElements": [
                "<div class=\"block\">The raw key used by the API to identify this type</div>"
            ],
            "deprecationElement": null,
            "details": {
                "RETURNS": [
                    "<dd>The raw key</dd>"
                ]
            },
            "seeAlso": null
        }
    },
    "fields": {
        "WEB": {
            "elementId": "WEB",
            "fieldName": "WEB",
            "fieldType": "ClientType",
            "fieldValue": null,
            "descriptionElements": [
                "<div class=\"block\">Discord from the browser (or bot)</div>"
            ],
            "deprecationElement": null,
            "modifiers": "public static final"
        },
        "DESKTOP": {
            "elementId": "DESKTOP",
            "fieldName": "DESKTOP",
            "fieldType": "ClientType",
            "fieldValue": null,
            "descriptionElements": [
                "<div class=\"block\">The official discord desktop client</div>"
            ],
            "deprecationElement": null,
            "modifiers": "public static final"
        },
        "UNKNOWN": {
            "elementId": "UNKNOWN",
            "fieldName": "UNKNOWN",
            "fieldType": "ClientType",
            "fieldValue": null,
            "descriptionElements": [
                "<div class=\"block\">Placeholder for a new type that is not yet supported here</div>"
            ],
            "deprecationElement": null,
            "modifiers": "public static final"
        },
        "MOBILE": {
            "elementId": "MOBILE",
            "fieldName": "MOBILE",
            "fieldType": "ClientType",
            "fieldValue": null,
            "descriptionElements": [
                "<div class=\"block\">The official discord mobile app</div>"
            ],
            "deprecationElement": null,
            "modifiers": "public static final"
        }
    }
}