{
    "classNameFqcn": "net.dv8tion.jda.api.entities.EmbedType",
    "descriptionElements": [
        "<div class=\"block\">\n Represents the embedded resource type.\n <br>\n These are typically either Images, Videos or Links.\n</div>"
    ],
    "deprecationElement": null,
    "details": {
        "ALL_IMPLEMENTED_INTERFACES": [
            "<dd>\n <code><a href=\"https://docs.oracle.com/javase/8/docs/api/java/io/Serializable.html\" title=\"class or interface in java.io\" class=\"external-link\">Serializable</a>, <a href=\"https://docs.oracle.com/javase/8/docs/api/java/lang/Comparable.html\" title=\"class or interface in java.lang\" class=\"external-link\">Comparable</a>&lt;<a href=\"EmbedType.html\" title=\"enum in net.dv8tion.jda.api.entities\">EmbedType</a>&gt;</code>\n</dd>"
        ]
    },
    "seeAlso": null,
    "methods": {
        "values()": {
            "elementId": "values()",
            "methodAnnotations": null,
            "methodName": "values",
            "methodSignature": "public static EmbedType[] values()",
            "parameters": [],
            "methodReturnType": "EmbedType[]",
            "isStatic": true,
            "descriptionElements": [
                "<div class=\"block\">Returns an array containing the constants of this enum type, in the order they are declared.</div>"
            ],
            "deprecationElement": null,
            "details": {
                "RETURNS": [
                    "<dd>an array containing the constants of this enum type, in the order they are declared</dd>"
                ]
            },
            "seeAlso": null
        },
        "valueOf(java.lang.String)": {
            "elementId": "valueOf(java.lang.String)",
            "methodAnnotations": null,
            "methodName": "valueOf",
            "methodSignature": "public static EmbedType valueOf(String name)",
            "parameters": [
                {
                    "annotations": [],
                    "type": "java.lang.String",
                    "simpleType": "String",
                    "name": "name"
                }
            ],
            "methodReturnType": "EmbedType",
            "isStatic": true,
            "descriptionElements": [
                "<div class=\"block\">\n Returns the enum constant of this type with the specified name. The string must match <i>exactly</i> an identifier used to declare an enum constant in this type. (Extraneous whitespace characters are not permitted.)\n</div>"
            ],
            "deprecationElement": null,
            "details": {
                "PARAMETERS": [
                    "<dd>\n <code>name</code> - the name of the enum constant to be returned.\n</dd>"
                ],
                "RETURNS": [
                    "<dd>the enum constant with the specified name</dd>"
                ],
                "THROWS": [
                    "<dd>\n <code><a href=\"https://docs.oracle.com/javase/8/docs/api/java/lang/IllegalArgumentException.html\" title=\"class or interface in java.lang\" class=\"external-link\">IllegalArgumentException</a></code> - if this enum type has no constant with the specified name\n</dd>",
                    "<dd>\n <code><a href=\"https://docs.oracle.com/javase/8/docs/api/java/lang/NullPointerException.html\" title=\"class or interface in java.lang\" class=\"external-link\">NullPointerException</a></code> - if the argument is null\n</dd>"
                ]
            },
            "seeAlso": null
        },
        "fromKey(java.lang.String)": {
            "elementId": "fromKey(java.lang.String)",
            "methodAnnotations": "@Nonnull",
            "methodName": "fromKey",
            "methodSignature": "@Nonnull public static EmbedType fromKey(@Nullable String key)",
            "parameters": [
                {
                    "annotations": [
                        "Nullable"
                    ],
                    "type": "java.lang.String",
                    "simpleType": "String",
                    "name": "key"
                }
            ],
            "methodReturnType": "EmbedType",
            "isStatic": true,
            "descriptionElements": [
                "<div class=\"block\">\n Attempts to find the EmbedType from the provided key.\n <br>\n If the provided key doesn't match any known <a href=\"EmbedType.html\" title=\"enum in net.dv8tion.jda.api.entities\"><code>EmbedType</code></a>, this will return <a href=\"#UNKNOWN\"><code>UNKNOWN</code></a>.\n</div>"
            ],
            "deprecationElement": null,
            "details": {
                "PARAMETERS": [
                    "<dd>\n <code>key</code> - The key related to the <a href=\"EmbedType.html\" title=\"enum in net.dv8tion.jda.api.entities\"><code>EmbedType</code></a>.\n</dd>"
                ],
                "RETURNS": [
                    "<dd>\n The <a href=\"EmbedType.html\" title=\"enum in net.dv8tion.jda.api.entities\"><code>EmbedType</code></a> matching the provided key, or <a href=\"#UNKNOWN\"><code>UNKNOWN</code></a>.\n</dd>"
                ]
            },
            "seeAlso": null
        }
    },
    "fields": {
        "POLL_RESULT": {
            "elementId": "POLL_RESULT",
            "fieldName": "POLL_RESULT",
            "fieldType": "EmbedType",
            "fieldValue": null,
            "descriptionElements": [],
            "deprecationElement": null,
            "modifiers": "public static final"
        },
        "ARTICLE": {
            "elementId": "ARTICLE",
            "fieldName": "ARTICLE",
            "fieldType": "EmbedType",
            "fieldValue": null,
            "descriptionElements": [],
            "deprecationElement": null,
            "modifiers": "public static final"
        },
        "AUTO_MODERATION": {
            "elementId": "AUTO_MODERATION",
            "fieldName": "AUTO_MODERATION",
            "fieldType": "EmbedType",
            "fieldValue": null,
            "descriptionElements": [],
            "deprecationElement": null,
            "modifiers": "public static final"
        },
        "IMAGE": {
            "elementId": "IMAGE",
            "fieldName": "IMAGE",
            "fieldType": "EmbedType",
            "fieldValue": null,
            "descriptionElements": [],
            "deprecationElement": null,
            "modifiers": "public static final"
        },
        "GIFV": {
            "elementId": "GIFV",
            "fieldName": "GIFV",
            "fieldType": "EmbedType",
            "fieldValue": null,
            "descriptionElements": [],
            "deprecationElement": null,
            "modifiers": "public static final"
        },
        "VIDEO": {
            "elementId": "VIDEO",
            "fieldName": "VIDEO",
            "fieldType": "EmbedType",
            "fieldValue": null,
            "descriptionElements": [],
            "deprecationElement": null,
            "modifiers": "public static final"
        },
        "LINK": {
            "elementId": "LINK",
            "fieldName": "LINK",
            "fieldType": "EmbedType",
            "fieldValue": null,
            "descriptionElements": [],
            "deprecationElement": null,
            "modifiers": "public static final"
        },
        "RICH": {
            "elementId": "RICH",
            "fieldName": "RICH",
            "fieldType": "EmbedType",
            "fieldValue": null,
            "descriptionElements": [],
            "deprecationElement": null,
            "modifiers": "public static final"
        },
        "UNKNOWN": {
            "elementId": "UNKNOWN",
            "fieldName": "UNKNOWN",
            "fieldType": "EmbedType",
            "fieldValue": null,
            "descriptionElements": [],
            "deprecationElement": null,
            "modifiers": "public static final"
        }
    }
}