{
    "classNameFqcn": "net.dv8tion.jda.api.entities.Guild.Ban",
    "descriptionElements": [
        "<div class=\"block\">Represents a Ban object.</div>"
    ],
    "deprecationElement": null,
    "details": {
        "SEE_ALSO": [
            "<dd>\n <ul class=\"see-list\">\n  <li><a href=\"Guild.html#retrieveBanList()\"><code>Guild.retrieveBanList()</code></a></li>\n  <li><a href=\"https://discord.com/developers/docs/resources/guild#ban-object\" target=\"_blank\">Discord Docs: Ban Object</a></li>\n </ul>\n</dd>"
        ],
        "ENCLOSING_INTERFACE": [
            "<dd>\n <a href=\"Guild.html\" title=\"interface in net.dv8tion.jda.api.entities\">Guild</a>\n</dd>"
        ]
    },
    "seeAlso": {
        "references": [
            {
                "text": "Guild#retrieveBanList()",
                "link": "https://docs.jda.wiki/net/dv8tion/jda/api/entities/Guild.html#retrieveBanList()",
                "targetType": "METHOD",
                "fullSignature": "Guild#retrieveBanList()"
            },
            {
                "text": "Discord Docs: Ban Object",
                "link": "https://discord.com/developers/docs/resources/guild#ban-object",
                "targetType": "UNKNOWN",
                "fullSignature": null
            }
        ]
    },
    "methods": {
        "getUser()": {
            "elementId": "getUser()",
            "methodAnnotations": "@Nonnull",
            "methodName": "getUser",
            "methodSignature": "@Nonnull public User getUser()",
            "parameters": [],
            "methodReturnType": "User",
            "isStatic": false,
            "descriptionElements": [
                "<div class=\"block\">\n The <a href=\"User.html\" title=\"interface in net.dv8tion.jda.api.entities\"><code>User</code></a> that was banned\n</div>"
            ],
            "deprecationElement": null,
            "details": {
                "RETURNS": [
                    "<dd>The banned User</dd>"
                ]
            },
            "seeAlso": null
        },
        "toString()": {
            "elementId": "toString()",
            "methodAnnotations": null,
            "methodName": "toString",
            "methodSignature": "public String toString()",
            "parameters": [],
            "methodReturnType": "String",
            "isStatic": false,
            "descriptionElements": [],
            "deprecationElement": null,
            "details": {
                "OVERRIDES": [
                    "<dd>\n <code><a href=\"https://docs.oracle.com/javase/8/docs/api/java/lang/Object.html#toString--\" title=\"class or interface in java.lang\" class=\"external-link\">toString</a></code>&nbsp;in class&nbsp;<code><a href=\"https://docs.oracle.com/javase/8/docs/api/java/lang/Object.html\" title=\"class or interface in java.lang\" class=\"external-link\">Object</a></code>\n</dd>"
                ]
            },
            "seeAlso": null
        },
        "<init>(net.dv8tion.jda.api.entities.User,java.lang.String)": {
            "elementId": "<init>(net.dv8tion.jda.api.entities.User,java.lang.String)",
            "methodAnnotations": null,
            "methodName": "Ban",
            "methodSignature": "public Ban(User user, String reason)",
            "parameters": [
                {
                    "annotations": [],
                    "type": "net.dv8tion.jda.api.entities.User",
                    "simpleType": "User",
                    "name": "user"
                },
                {
                    "annotations": [],
                    "type": "java.lang.String",
                    "simpleType": "String",
                    "name": "reason"
                }
            ],
            "methodReturnType": "Guild.Ban",
            "isStatic": false,
            "descriptionElements": [],
            "deprecationElement": null,
            "details": {},
            "seeAlso": null
        },
        "getReason()": {
            "elementId": "getReason()",
            "methodAnnotations": "@Nullable",
            "methodName": "getReason",
            "methodSignature": "@Nullable public String getReason()",
            "parameters": [],
            "methodReturnType": "String",
            "isStatic": false,
            "descriptionElements": [
                "<div class=\"block\">The reason why this user was banned</div>"
            ],
            "deprecationElement": null,
            "details": {
                "RETURNS": [
                    "<dd>\n The reason for this ban, or <code>null</code>\n</dd>"
                ]
            },
            "seeAlso": null
        }
    },
    "fields": {}
}