{
    "classNameFqcn": "net.dv8tion.jda.api.entities.Guild.NotificationLevel",
    "descriptionElements": [
        "<div class=\"block\">\n Represents the Notification-level of the Guild. The Verification-Level determines what messages you receive pings for.\n <p>\n  <br>\n  <b>All_Messages</b> -&gt; Every message sent in this guild will result in a message ping.\n  <br>\n  <b>Mentions_Only</b> -&gt; Only messages that specifically mention will result in a ping.\n </p>\n</div>"
    ],
    "deprecationElement": null,
    "details": {
        "ALL_IMPLEMENTED_INTERFACES": [
            "<dd>\n <code><a href=\"https://docs.oracle.com/javase/8/docs/api/java/io/Serializable.html\" title=\"class or interface in java.io\" class=\"external-link\">Serializable</a></code>, <code><a href=\"https://docs.oracle.com/javase/8/docs/api/java/lang/Comparable.html\" title=\"class or interface in java.lang\" class=\"external-link\">Comparable</a>&lt;<a href=\"Guild.NotificationLevel.html\" title=\"enum in net.dv8tion.jda.api.entities\">Guild.NotificationLevel</a>&gt;</code>\n</dd>"
        ],
        "ENCLOSING_INTERFACE": [
            "<dd>\n <a href=\"Guild.html\" title=\"interface in net.dv8tion.jda.api.entities\">Guild</a>\n</dd>"
        ]
    },
    "seeAlso": null,
    "methods": {
        "values()": {
            "elementId": "values()",
            "methodAnnotations": null,
            "methodName": "values",
            "methodSignature": "public static Guild.NotificationLevel[] values()",
            "parameters": [],
            "methodReturnType": "Guild.NotificationLevel[]",
            "isStatic": true,
            "descriptionElements": [
                "<div class=\"block\">Returns an array containing the constants of this enum type, in the order they are declared.</div>"
            ],
            "deprecationElement": null,
            "details": {
                "RETURNS": [
                    "<dd>an array containing the constants of this enum type, in the order they are declared</dd>"
                ]
            },
            "seeAlso": null
        },
        "valueOf(java.lang.String)": {
            "elementId": "valueOf(java.lang.String)",
            "methodAnnotations": null,
            "methodName": "valueOf",
            "methodSignature": "public static Guild.NotificationLevel valueOf(String name)",
            "parameters": [
                {
                    "annotations": [],
                    "type": "java.lang.String",
                    "simpleType": "String",
                    "name": "name"
                }
            ],
            "methodReturnType": "Guild.NotificationLevel",
            "isStatic": true,
            "descriptionElements": [
                "<div class=\"block\">\n Returns the enum constant of this type with the specified name. The string must match <i>exactly</i> an identifier used to declare an enum constant in this type. (Extraneous whitespace characters are not permitted.)\n</div>"
            ],
            "deprecationElement": null,
            "details": {
                "PARAMETERS": [
                    "<dd>\n <code>name</code> - the name of the enum constant to be returned.\n</dd>"
                ],
                "RETURNS": [
                    "<dd>the enum constant with the specified name</dd>"
                ],
                "THROWS": [
                    "<dd>\n <code><a href=\"https://docs.oracle.com/javase/8/docs/api/java/lang/IllegalArgumentException.html\" title=\"class or interface in java.lang\" class=\"external-link\">IllegalArgumentException</a></code> - if this enum type has no constant with the specified name\n</dd>",
                    "<dd>\n <code><a href=\"https://docs.oracle.com/javase/8/docs/api/java/lang/NullPointerException.html\" title=\"class or interface in java.lang\" class=\"external-link\">NullPointerException</a></code> - if the argument is null\n</dd>"
                ]
            },
            "seeAlso": null
        },
        "fromKey(int)": {
            "elementId": "fromKey(int)",
            "methodAnnotations": "@Nonnull",
            "methodName": "fromKey",
            "methodSignature": "@Nonnull public static Guild.NotificationLevel fromKey(int key)",
            "parameters": [
                {
                    "annotations": [],
                    "type": "int",
                    "simpleType": "int",
                    "name": "key"
                }
            ],
            "methodReturnType": "Guild.NotificationLevel",
            "isStatic": true,
            "descriptionElements": [
                "<div class=\"block\">\n Used to retrieve a <a href=\"Guild.NotificationLevel.html\" title=\"enum in net.dv8tion.jda.api.entities\"><code>NotificationLevel</code></a> based on the Discord id key.\n</div>"
            ],
            "deprecationElement": null,
            "details": {
                "PARAMETERS": [
                    "<dd>\n <code>key</code> - The Discord id key representing the requested NotificationLevel.\n</dd>"
                ],
                "RETURNS": [
                    "<dd>\n The NotificationLevel related to the provided key, or <a href=\"#UNKNOWN\"><code>NotificationLevel.UNKNOWN</code></a> if the key is not recognized.\n</dd>"
                ]
            },
            "seeAlso": null
        },
        "getKey()": {
            "elementId": "getKey()",
            "methodAnnotations": null,
            "methodName": "getKey",
            "methodSignature": "public int getKey()",
            "parameters": [],
            "methodReturnType": "int",
            "isStatic": false,
            "descriptionElements": [
                "<div class=\"block\">The Discord id key used to represent this NotificationLevel.</div>"
            ],
            "deprecationElement": null,
            "details": {
                "RETURNS": [
                    "<dd>Integer id for this NotificationLevel.</dd>"
                ]
            },
            "seeAlso": null
        }
    },
    "fields": {
        "ALL_MESSAGES": {
            "elementId": "ALL_MESSAGES",
            "fieldName": "ALL_MESSAGES",
            "fieldType": "Guild.NotificationLevel",
            "fieldValue": null,
            "descriptionElements": [],
            "deprecationElement": null,
            "modifiers": "public static final"
        },
        "MENTIONS_ONLY": {
            "elementId": "MENTIONS_ONLY",
            "fieldName": "MENTIONS_ONLY",
            "fieldType": "Guild.NotificationLevel",
            "fieldValue": null,
            "descriptionElements": [],
            "deprecationElement": null,
            "modifiers": "public static final"
        },
        "UNKNOWN": {
            "elementId": "UNKNOWN",
            "fieldName": "UNKNOWN",
            "fieldType": "Guild.NotificationLevel",
            "fieldValue": null,
            "descriptionElements": [],
            "deprecationElement": null,
            "modifiers": "public static final"
        }
    }
}