{
    "classNameFqcn": "net.dv8tion.jda.api.entities.Guild.VerificationLevel",
    "descriptionElements": [
        "<div class=\"block\">\n Represents the Verification-Level of the Guild. The Verification-Level determines what requirement you have to meet to be able to speak in this Guild.\n <p>\n  <br>\n  <b>None</b> -&gt; everyone can talk.\n  <br>\n  <b>Low</b> -&gt; verified email required.\n  <br>\n  <b>Medium</b> -&gt; you have to be member of discord for at least 5min.\n  <br>\n  <b>High</b> -&gt; you have to be member of this guild for at least 10min.\n  <br>\n  <b>Very High</b> -&gt; you must have a verified phone on your discord account.\n </p>\n</div>"
    ],
    "deprecationElement": null,
    "details": {
        "ALL_IMPLEMENTED_INTERFACES": [
            "<dd>\n <code><a href=\"https://docs.oracle.com/javase/8/docs/api/java/io/Serializable.html\" title=\"class or interface in java.io\" class=\"external-link\">Serializable</a>, <a href=\"https://docs.oracle.com/javase/8/docs/api/java/lang/Comparable.html\" title=\"class or interface in java.lang\" class=\"external-link\">Comparable</a>&lt;<a href=\"Guild.VerificationLevel.html\" title=\"enum in net.dv8tion.jda.api.entities\">Guild.VerificationLevel</a>&gt;</code>\n</dd>"
        ],
        "ENCLOSING_INTERFACE": [
            "<dd>\n <code><a href=\"Guild.html\" title=\"interface in net.dv8tion.jda.api.entities\">Guild</a></code>\n</dd>"
        ]
    },
    "seeAlso": null,
    "methods": {
        "values()": {
            "elementId": "values()",
            "methodAnnotations": null,
            "methodName": "values",
            "methodSignature": "public static Guild.VerificationLevel[] values()",
            "parameters": [],
            "methodReturnType": "Guild.VerificationLevel[]",
            "isStatic": true,
            "descriptionElements": [
                "<div class=\"block\">Returns an array containing the constants of this enum type, in the order they are declared.</div>"
            ],
            "deprecationElement": null,
            "details": {
                "RETURNS": [
                    "<dd>an array containing the constants of this enum type, in the order they are declared</dd>"
                ]
            },
            "seeAlso": null
        },
        "valueOf(java.lang.String)": {
            "elementId": "valueOf(java.lang.String)",
            "methodAnnotations": null,
            "methodName": "valueOf",
            "methodSignature": "public static Guild.VerificationLevel valueOf(String name)",
            "parameters": [
                {
                    "annotations": [],
                    "type": "java.lang.String",
                    "simpleType": "String",
                    "name": "name"
                }
            ],
            "methodReturnType": "Guild.VerificationLevel",
            "isStatic": true,
            "descriptionElements": [
                "<div class=\"block\">\n Returns the enum constant of this type with the specified name. The string must match <i>exactly</i> an identifier used to declare an enum constant in this type. (Extraneous whitespace characters are not permitted.)\n</div>"
            ],
            "deprecationElement": null,
            "details": {
                "PARAMETERS": [
                    "<dd>\n <code>name</code> - the name of the enum constant to be returned.\n</dd>"
                ],
                "RETURNS": [
                    "<dd>the enum constant with the specified name</dd>"
                ],
                "THROWS": [
                    "<dd>\n <code><a href=\"https://docs.oracle.com/javase/8/docs/api/java/lang/IllegalArgumentException.html\" title=\"class or interface in java.lang\" class=\"external-link\">IllegalArgumentException</a></code> - if this enum type has no constant with the specified name\n</dd>",
                    "<dd>\n <code><a href=\"https://docs.oracle.com/javase/8/docs/api/java/lang/NullPointerException.html\" title=\"class or interface in java.lang\" class=\"external-link\">NullPointerException</a></code> - if the argument is null\n</dd>"
                ]
            },
            "seeAlso": null
        },
        "fromKey(int)": {
            "elementId": "fromKey(int)",
            "methodAnnotations": "@Nonnull",
            "methodName": "fromKey",
            "methodSignature": "@Nonnull public static Guild.VerificationLevel fromKey(int key)",
            "parameters": [
                {
                    "annotations": [],
                    "type": "int",
                    "simpleType": "int",
                    "name": "key"
                }
            ],
            "methodReturnType": "Guild.VerificationLevel",
            "isStatic": true,
            "descriptionElements": [
                "<div class=\"block\">\n Used to retrieve a <a href=\"Guild.VerificationLevel.html\" title=\"enum in net.dv8tion.jda.api.entities\"><code>VerificationLevel</code></a> based on the Discord id key.\n</div>"
            ],
            "deprecationElement": null,
            "details": {
                "PARAMETERS": [
                    "<dd>\n <code>key</code> - The Discord id key representing the requested VerificationLevel.\n</dd>"
                ],
                "RETURNS": [
                    "<dd>\n The VerificationLevel related to the provided key, or <a href=\"#UNKNOWN\"><code>VerificationLevel.UNKNOWN</code></a> if the key is not recognized.\n</dd>"
                ]
            },
            "seeAlso": null
        },
        "getKey()": {
            "elementId": "getKey()",
            "methodAnnotations": null,
            "methodName": "getKey",
            "methodSignature": "public int getKey()",
            "parameters": [],
            "methodReturnType": "int",
            "isStatic": false,
            "descriptionElements": [
                "<div class=\"block\">The Discord id key for this Verification Level.</div>"
            ],
            "deprecationElement": null,
            "details": {
                "RETURNS": [
                    "<dd>Integer id key for this VerificationLevel.</dd>"
                ]
            },
            "seeAlso": null
        }
    },
    "fields": {
        "VERY_HIGH": {
            "elementId": "VERY_HIGH",
            "fieldName": "VERY_HIGH",
            "fieldType": "Guild.VerificationLevel",
            "fieldValue": null,
            "descriptionElements": [],
            "deprecationElement": null,
            "modifiers": "public static final"
        },
        "HIGH": {
            "elementId": "HIGH",
            "fieldName": "HIGH",
            "fieldType": "Guild.VerificationLevel",
            "fieldValue": null,
            "descriptionElements": [],
            "deprecationElement": null,
            "modifiers": "public static final"
        },
        "MEDIUM": {
            "elementId": "MEDIUM",
            "fieldName": "MEDIUM",
            "fieldType": "Guild.VerificationLevel",
            "fieldValue": null,
            "descriptionElements": [],
            "deprecationElement": null,
            "modifiers": "public static final"
        },
        "LOW": {
            "elementId": "LOW",
            "fieldName": "LOW",
            "fieldType": "Guild.VerificationLevel",
            "fieldValue": null,
            "descriptionElements": [],
            "deprecationElement": null,
            "modifiers": "public static final"
        },
        "UNKNOWN": {
            "elementId": "UNKNOWN",
            "fieldName": "UNKNOWN",
            "fieldType": "Guild.VerificationLevel",
            "fieldValue": null,
            "descriptionElements": [],
            "deprecationElement": null,
            "modifiers": "public static final"
        },
        "NONE": {
            "elementId": "NONE",
            "fieldName": "NONE",
            "fieldType": "Guild.VerificationLevel",
            "fieldValue": null,
            "descriptionElements": [],
            "deprecationElement": null,
            "modifiers": "public static final"
        }
    }
}