{
    "classNameFqcn": "net.dv8tion.jda.api.entities.Icon",
    "descriptionElements": [
        "<div class=\"block\">\n Icon containing a base64 encoded jpeg/png/gif/gifv image.\n <br>\n Used to represent various base64 images in the Discord api.\n <br>\n Example: <a href=\"../managers/AccountManager.html#setAvatar(net.dv8tion.jda.api.entities.Icon)\"><code>AccountManager.setAvatar(Icon)</code></a>.\n</div>"
    ],
    "deprecationElement": null,
    "details": {
        "SEE_ALSO": [
            "<dd>\n <ul class=\"tag-list-long\">\n  <li><a href=\"#from(java.io.File)\"><code>from(File)</code></a></li>\n  <li><a href=\"#from(byte%5B%5D)\"><code>from(byte[])</code></a></li>\n  <li><a href=\"#from(java.io.InputStream)\"><code>from(InputStream)</code></a></li>\n  <li><a href=\"#from(java.io.File,net.dv8tion.jda.api.entities.Icon.IconType)\"><code>from(File, IconType)</code></a></li>\n  <li><a href=\"#from(byte%5B%5D,net.dv8tion.jda.api.entities.Icon.IconType)\"><code>from(byte[], IconType)</code></a></li>\n  <li><a href=\"#from(java.io.InputStream,net.dv8tion.jda.api.entities.Icon.IconType)\"><code>from(InputStream, IconType)</code></a></li>\n </ul>\n</dd>"
        ],
        "SINCE": [
            "<dd>3.0</dd>"
        ]
    },
    "seeAlso": {
        "references": [
            {
                "text": "from(File)",
                "link": "https://docs.jda.wiki/net/dv8tion/jda/api/entities/Icon.html#from(java.io.File)",
                "targetType": "METHOD",
                "fullSignature": "Icon#from(File)"
            },
            {
                "text": "from(byte[])",
                "link": "https://docs.jda.wiki/net/dv8tion/jda/api/entities/Icon.html#from(byte%5B%5D)",
                "targetType": "METHOD",
                "fullSignature": "Icon#from(byte[])"
            },
            {
                "text": "from(InputStream)",
                "link": "https://docs.jda.wiki/net/dv8tion/jda/api/entities/Icon.html#from(java.io.InputStream)",
                "targetType": "METHOD",
                "fullSignature": "Icon#from(InputStream)"
            },
            {
                "text": "from(File, IconType)",
                "link": "https://docs.jda.wiki/net/dv8tion/jda/api/entities/Icon.html#from(java.io.File,net.dv8tion.jda.api.entities.Icon.IconType)",
                "targetType": "METHOD",
                "fullSignature": "Icon#from(File, Icon.IconType)"
            },
            {
                "text": "from(byte[], IconType)",
                "link": "https://docs.jda.wiki/net/dv8tion/jda/api/entities/Icon.html#from(byte%5B%5D,net.dv8tion.jda.api.entities.Icon.IconType)",
                "targetType": "METHOD",
                "fullSignature": "Icon#from(byte[], Icon.IconType)"
            },
            {
                "text": "from(InputStream, IconType)",
                "link": "https://docs.jda.wiki/net/dv8tion/jda/api/entities/Icon.html#from(java.io.InputStream,net.dv8tion.jda.api.entities.Icon.IconType)",
                "targetType": "METHOD",
                "fullSignature": "Icon#from(InputStream, Icon.IconType)"
            }
        ]
    },
    "methods": {
        "from(java.io.InputStream,net.dv8tion.jda.api.entities.Icon.IconType)": {
            "elementId": "from(java.io.InputStream,net.dv8tion.jda.api.entities.Icon.IconType)",
            "methodAnnotations": "@Nonnull",
            "methodName": "from",
            "methodSignature": "@Nonnull public static Icon from(@Nonnull InputStream stream, @Nonnull Icon.IconType type) throws IOException",
            "parameters": [
                {
                    "annotations": [
                        "Nonnull"
                    ],
                    "type": "java.io.InputStream",
                    "simpleType": "InputStream",
                    "name": "stream"
                },
                {
                    "annotations": [
                        "Nonnull"
                    ],
                    "type": "net.dv8tion.jda.api.entities.Icon.IconType",
                    "simpleType": "Icon.IconType",
                    "name": "type"
                }
            ],
            "methodReturnType": "Icon",
            "isStatic": true,
            "descriptionElements": [
                "<div class=\"block\">\n Creates an <a href=\"Icon.html\" title=\"class in net.dv8tion.jda.api.entities\"><code>Icon</code></a> with the specified <a href=\"https://docs.oracle.com/javase/8/docs/api/java/io/InputStream.html\" title=\"class or interface in java.io\" class=\"external-link\"><code>InputStream</code></a>.\n <br>\n We here read the specified InputStream and forward the retrieved byte data to <a href=\"#from(byte%5B%5D,net.dv8tion.jda.api.entities.Icon.IconType)\"><code>from(byte[], IconType)</code></a>.\n</div>"
            ],
            "deprecationElement": null,
            "details": {
                "PARAMETERS": [
                    "<dd>\n <code>stream</code> - A not-null InputStream.\n</dd>",
                    "<dd>\n <code>type</code> - The type of image\n</dd>"
                ],
                "RETURNS": [
                    "<dd>An Icon instance representing the specified InputStream</dd>"
                ],
                "THROWS": [
                    "<dd>\n <code><a href=\"https://docs.oracle.com/javase/8/docs/api/java/lang/IllegalArgumentException.html\" title=\"class or interface in java.lang\" class=\"external-link\">IllegalArgumentException</a></code> - if the provided stream is null\n</dd>",
                    "<dd>\n <code><a href=\"https://docs.oracle.com/javase/8/docs/api/java/io/IOException.html\" title=\"class or interface in java.io\" class=\"external-link\">IOException</a></code> - If the first byte cannot be read for any reason other than the end of the file, if the input stream has been closed, or if some other I/O error occurs.\n</dd>"
                ]
            },
            "seeAlso": null
        },
        "getEncoding()": {
            "elementId": "getEncoding()",
            "methodAnnotations": "@Nonnull",
            "methodName": "getEncoding",
            "methodSignature": "@Nonnull public String getEncoding()",
            "parameters": [],
            "methodReturnType": "String",
            "isStatic": false,
            "descriptionElements": [
                "<div class=\"block\">The base64 encoded data for this Icon</div>"
            ],
            "deprecationElement": null,
            "details": {
                "RETURNS": [
                    "<dd>String representation of the encoded data for this icon</dd>"
                ]
            },
            "seeAlso": null
        },
        "from(java.io.InputStream)": {
            "elementId": "from(java.io.InputStream)",
            "methodAnnotations": "@Nonnull",
            "methodName": "from",
            "methodSignature": "@Nonnull public static Icon from(@Nonnull InputStream stream) throws IOException",
            "parameters": [
                {
                    "annotations": [
                        "Nonnull"
                    ],
                    "type": "java.io.InputStream",
                    "simpleType": "InputStream",
                    "name": "stream"
                }
            ],
            "methodReturnType": "Icon",
            "isStatic": true,
            "descriptionElements": [
                "<div class=\"block\">\n Creates an <a href=\"Icon.html\" title=\"class in net.dv8tion.jda.api.entities\"><code>Icon</code></a> with the specified <a href=\"https://docs.oracle.com/javase/8/docs/api/java/io/InputStream.html\" title=\"class or interface in java.io\" class=\"external-link\"><code>InputStream</code></a>.\n <br>\n We here read the specified InputStream and forward the retrieved byte data to <a href=\"#from(byte%5B%5D,net.dv8tion.jda.api.entities.Icon.IconType)\"><code>from(byte[], IconType)</code></a>. This will use <a href=\"Icon.IconType.html#JPEG\"><code>Icon.IconType.JPEG</code></a> but discord is capable for interpreting other types correctly either way.\n</div>"
            ],
            "deprecationElement": null,
            "details": {
                "PARAMETERS": [
                    "<dd>\n <code>stream</code> - A not-null InputStream.\n</dd>"
                ],
                "RETURNS": [
                    "<dd>An Icon instance representing the specified InputStream</dd>"
                ],
                "THROWS": [
                    "<dd>\n <code><a href=\"https://docs.oracle.com/javase/8/docs/api/java/lang/IllegalArgumentException.html\" title=\"class or interface in java.lang\" class=\"external-link\">IllegalArgumentException</a></code> - if the provided stream is null\n</dd>",
                    "<dd>\n <code><a href=\"https://docs.oracle.com/javase/8/docs/api/java/io/IOException.html\" title=\"class or interface in java.io\" class=\"external-link\">IOException</a></code> - If the first byte cannot be read for any reason other than the end of the file, if the input stream has been closed, or if some other I/O error occurs.\n</dd>"
                ]
            },
            "seeAlso": null
        },
        "from(java.io.File,net.dv8tion.jda.api.entities.Icon.IconType)": {
            "elementId": "from(java.io.File,net.dv8tion.jda.api.entities.Icon.IconType)",
            "methodAnnotations": "@Nonnull",
            "methodName": "from",
            "methodSignature": "@Nonnull public static Icon from(@Nonnull File file, @Nonnull Icon.IconType type) throws IOException",
            "parameters": [
                {
                    "annotations": [
                        "Nonnull"
                    ],
                    "type": "java.io.File",
                    "simpleType": "File",
                    "name": "file"
                },
                {
                    "annotations": [
                        "Nonnull"
                    ],
                    "type": "net.dv8tion.jda.api.entities.Icon.IconType",
                    "simpleType": "Icon.IconType",
                    "name": "type"
                }
            ],
            "methodReturnType": "Icon",
            "isStatic": true,
            "descriptionElements": [
                "<div class=\"block\">\n Creates an <a href=\"Icon.html\" title=\"class in net.dv8tion.jda.api.entities\"><code>Icon</code></a> with the specified <a href=\"https://docs.oracle.com/javase/8/docs/api/java/io/File.html\" title=\"class or interface in java.io\" class=\"external-link\"><code>File</code></a>.\n <br>\n We here read the specified File and forward the retrieved byte data to <a href=\"#from(byte%5B%5D,net.dv8tion.jda.api.entities.Icon.IconType)\"><code>from(byte[], IconType)</code></a>.\n</div>"
            ],
            "deprecationElement": null,
            "details": {
                "PARAMETERS": [
                    "<dd>\n <code>file</code> - An existing, not-null file.\n</dd>",
                    "<dd>\n <code>type</code> - The type of image\n</dd>"
                ],
                "RETURNS": [
                    "<dd>An Icon instance representing the specified File</dd>"
                ],
                "THROWS": [
                    "<dd>\n <code><a href=\"https://docs.oracle.com/javase/8/docs/api/java/lang/IllegalArgumentException.html\" title=\"class or interface in java.lang\" class=\"external-link\">IllegalArgumentException</a></code> - if the provided file is either null or does not exist\n</dd>",
                    "<dd>\n <code><a href=\"https://docs.oracle.com/javase/8/docs/api/java/io/IOException.html\" title=\"class or interface in java.io\" class=\"external-link\">IOException</a></code> - if there is a problem while reading the file.\n</dd>"
                ]
            },
            "seeAlso": null
        },
        "from(byte[],net.dv8tion.jda.api.entities.Icon.IconType)": {
            "elementId": "from(byte[],net.dv8tion.jda.api.entities.Icon.IconType)",
            "methodAnnotations": "@Nonnull",
            "methodName": "from",
            "methodSignature": "@Nonnull public static Icon from(@Nonnull byte[] data, @Nonnull Icon.IconType type)",
            "parameters": [
                {
                    "annotations": [
                        "Nonnull"
                    ],
                    "type": "byte[]",
                    "simpleType": "byte[]",
                    "name": "data"
                },
                {
                    "annotations": [
                        "Nonnull"
                    ],
                    "type": "net.dv8tion.jda.api.entities.Icon.IconType",
                    "simpleType": "Icon.IconType",
                    "name": "type"
                }
            ],
            "methodReturnType": "Icon",
            "isStatic": true,
            "descriptionElements": [
                "<div class=\"block\">\n Creates an <a href=\"Icon.html\" title=\"class in net.dv8tion.jda.api.entities\"><code>Icon</code></a> with the specified image data.\n</div>"
            ],
            "deprecationElement": null,
            "details": {
                "PARAMETERS": [
                    "<dd>\n <code>data</code> - not-null image data bytes.\n</dd>",
                    "<dd>\n <code>type</code> - The type of image\n</dd>"
                ],
                "RETURNS": [
                    "<dd>An Icon instance representing the specified image data</dd>"
                ],
                "THROWS": [
                    "<dd>\n <code><a href=\"https://docs.oracle.com/javase/8/docs/api/java/lang/IllegalArgumentException.html\" title=\"class or interface in java.lang\" class=\"external-link\">IllegalArgumentException</a></code> - if the provided data is null\n</dd>"
                ]
            },
            "seeAlso": null
        },
        "from(byte[])": {
            "elementId": "from(byte[])",
            "methodAnnotations": "@Nonnull",
            "methodName": "from",
            "methodSignature": "@Nonnull public static Icon from(@Nonnull byte[] data)",
            "parameters": [
                {
                    "annotations": [
                        "Nonnull"
                    ],
                    "type": "byte[]",
                    "simpleType": "byte[]",
                    "name": "data"
                }
            ],
            "methodReturnType": "Icon",
            "isStatic": true,
            "descriptionElements": [
                "<div class=\"block\">\n Creates an <a href=\"Icon.html\" title=\"class in net.dv8tion.jda.api.entities\"><code>Icon</code></a> with the specified image data. This will use <a href=\"Icon.IconType.html#JPEG\"><code>Icon.IconType.JPEG</code></a> but discord is capable for interpreting other types correctly either way.\n</div>"
            ],
            "deprecationElement": null,
            "details": {
                "PARAMETERS": [
                    "<dd>\n <code>data</code> - not-null image data bytes.\n</dd>"
                ],
                "RETURNS": [
                    "<dd>An Icon instance representing the specified image data</dd>"
                ],
                "THROWS": [
                    "<dd>\n <code><a href=\"https://docs.oracle.com/javase/8/docs/api/java/lang/IllegalArgumentException.html\" title=\"class or interface in java.lang\" class=\"external-link\">IllegalArgumentException</a></code> - if the provided data is null\n</dd>"
                ]
            },
            "seeAlso": null
        },
        "from(java.io.File)": {
            "elementId": "from(java.io.File)",
            "methodAnnotations": "@Nonnull",
            "methodName": "from",
            "methodSignature": "@Nonnull public static Icon from(@Nonnull File file) throws IOException",
            "parameters": [
                {
                    "annotations": [
                        "Nonnull"
                    ],
                    "type": "java.io.File",
                    "simpleType": "File",
                    "name": "file"
                }
            ],
            "methodReturnType": "Icon",
            "isStatic": true,
            "descriptionElements": [
                "<div class=\"block\">\n Creates an <a href=\"Icon.html\" title=\"class in net.dv8tion.jda.api.entities\"><code>Icon</code></a> with the specified <a href=\"https://docs.oracle.com/javase/8/docs/api/java/io/File.html\" title=\"class or interface in java.io\" class=\"external-link\"><code>File</code></a>.\n <br>\n We here read the specified File and forward the retrieved byte data to <a href=\"#from(byte%5B%5D,net.dv8tion.jda.api.entities.Icon.IconType)\"><code>from(byte[], IconType)</code></a>.\n</div>"
            ],
            "deprecationElement": null,
            "details": {
                "PARAMETERS": [
                    "<dd>\n <code>file</code> - An existing, not-null file.\n</dd>"
                ],
                "RETURNS": [
                    "<dd>An Icon instance representing the specified File</dd>"
                ],
                "THROWS": [
                    "<dd>\n <code><a href=\"https://docs.oracle.com/javase/8/docs/api/java/lang/IllegalArgumentException.html\" title=\"class or interface in java.lang\" class=\"external-link\">IllegalArgumentException</a></code> - if the provided file is null, does not exist, or has an unsupported extension\n</dd>",
                    "<dd>\n <code><a href=\"https://docs.oracle.com/javase/8/docs/api/java/io/IOException.html\" title=\"class or interface in java.io\" class=\"external-link\">IOException</a></code> - if there is a problem while reading the file.\n</dd>"
                ]
            },
            "seeAlso": null
        }
    },
    "fields": {}
}