{
    "classNameFqcn": "net.dv8tion.jda.api.entities.Invite.InviteType",
    "descriptionElements": [
        "<div class=\"block\">Enum representing the type of an invite.</div>"
    ],
    "deprecationElement": null,
    "details": {
        "SEE_ALSO": [
            "<dd>\n <ul class=\"tag-list\">\n  <li><a href=\"Invite.html#getType()\"><code>Invite.getType()</code></a></li>\n </ul>\n</dd>"
        ],
        "SINCE": [
            "<dd>3.0</dd>"
        ],
        "ALL_IMPLEMENTED_INTERFACES": [
            "<dd>\n <code><a href=\"https://docs.oracle.com/javase/8/docs/api/java/io/Serializable.html\" title=\"class or interface in java.io\" class=\"external-link\">Serializable</a>, <a href=\"https://docs.oracle.com/javase/8/docs/api/java/lang/Comparable.html\" title=\"class or interface in java.lang\" class=\"external-link\">Comparable</a>&lt;<a href=\"Invite.InviteType.html\" title=\"enum in net.dv8tion.jda.api.entities\">Invite.InviteType</a>&gt;</code>\n</dd>"
        ],
        "AUTHOR": [
            "<dd>Aljoscha Grebe</dd>"
        ],
        "ENCLOSING_INTERFACE": [
            "<dd>\n <code><a href=\"Invite.html\" title=\"interface in net.dv8tion.jda.api.entities\">Invite</a></code>\n</dd>"
        ]
    },
    "seeAlso": {
        "references": [
            {
                "text": "Invite#getType()",
                "link": "https://docs.jda.wiki/net/dv8tion/jda/api/entities/Invite.html#getType()",
                "targetType": "METHOD",
                "fullSignature": "Invite#getType()"
            }
        ]
    },
    "methods": {
        "values()": {
            "elementId": "values()",
            "methodAnnotations": null,
            "methodName": "values",
            "methodSignature": "public static Invite.InviteType[] values()",
            "parameters": [],
            "methodReturnType": "Invite.InviteType[]",
            "isStatic": true,
            "descriptionElements": [
                "<div class=\"block\">Returns an array containing the constants of this enum type, in the order they are declared.</div>"
            ],
            "deprecationElement": null,
            "details": {
                "RETURNS": [
                    "<dd>an array containing the constants of this enum type, in the order they are declared</dd>"
                ]
            },
            "seeAlso": null
        },
        "valueOf(java.lang.String)": {
            "elementId": "valueOf(java.lang.String)",
            "methodAnnotations": null,
            "methodName": "valueOf",
            "methodSignature": "public static Invite.InviteType valueOf(String name)",
            "parameters": [
                {
                    "annotations": [],
                    "type": "java.lang.String",
                    "simpleType": "String",
                    "name": "name"
                }
            ],
            "methodReturnType": "Invite.InviteType",
            "isStatic": true,
            "descriptionElements": [
                "<div class=\"block\">\n Returns the enum constant of this type with the specified name. The string must match <i>exactly</i> an identifier used to declare an enum constant in this type. (Extraneous whitespace characters are not permitted.)\n</div>"
            ],
            "deprecationElement": null,
            "details": {
                "PARAMETERS": [
                    "<dd>\n <code>name</code> - the name of the enum constant to be returned.\n</dd>"
                ],
                "RETURNS": [
                    "<dd>the enum constant with the specified name</dd>"
                ],
                "THROWS": [
                    "<dd>\n <code><a href=\"https://docs.oracle.com/javase/8/docs/api/java/lang/IllegalArgumentException.html\" title=\"class or interface in java.lang\" class=\"external-link\">IllegalArgumentException</a></code> - if this enum type has no constant with the specified name\n</dd>",
                    "<dd>\n <code><a href=\"https://docs.oracle.com/javase/8/docs/api/java/lang/NullPointerException.html\" title=\"class or interface in java.lang\" class=\"external-link\">NullPointerException</a></code> - if the argument is null\n</dd>"
                ]
            },
            "seeAlso": null
        }
    },
    "fields": {
        "GROUP": {
            "elementId": "GROUP",
            "fieldName": "GROUP",
            "fieldType": "Invite.InviteType",
            "fieldValue": null,
            "descriptionElements": [],
            "deprecationElement": null,
            "modifiers": "public static final"
        },
        "GUILD": {
            "elementId": "GUILD",
            "fieldName": "GUILD",
            "fieldType": "Invite.InviteType",
            "fieldValue": null,
            "descriptionElements": [],
            "deprecationElement": null,
            "modifiers": "public static final"
        },
        "UNKNOWN": {
            "elementId": "UNKNOWN",
            "fieldName": "UNKNOWN",
            "fieldType": "Invite.InviteType",
            "fieldValue": null,
            "descriptionElements": [],
            "deprecationElement": null,
            "modifiers": "public static final"
        }
    }
}