{
    "classNameFqcn": "net.dv8tion.jda.api.entities.Invite.InviteTarget",
    "descriptionElements": [
        "<div class=\"block\">\n POJO for the target of this invite.\n</div>"
    ],
    "deprecationElement": null,
    "details": {
        "SEE_ALSO": [
            "<dd>\n <ul class=\"see-list\">\n  <li><a href=\"Invite.html#getTarget()\"><code>Invite.getTarget()</code></a></li>\n </ul>\n</dd>"
        ],
        "ENCLOSING_INTERFACE": [
            "<dd>\n <a href=\"Invite.html\" title=\"interface in net.dv8tion.jda.api.entities\">Invite</a>\n</dd>"
        ]
    },
    "seeAlso": {
        "references": [
            {
                "text": "Invite#getTarget()",
                "link": "https://docs.jda.wiki/net/dv8tion/jda/api/entities/Invite.html#getTarget()",
                "targetType": "METHOD",
                "fullSignature": "Invite#getTarget()"
            }
        ]
    },
    "methods": {
        "getUser()": {
            "elementId": "getUser()",
            "methodAnnotations": "@Nullable",
            "methodName": "getUser",
            "methodSignature": "@Nullable User getUser()",
            "parameters": [],
            "methodReturnType": "User",
            "isStatic": false,
            "descriptionElements": [
                "<div class=\"block\">\n The target <a href=\"User.html\" title=\"interface in net.dv8tion.jda.api.entities\"><code>User</code></a> of this invite or <code>null</code> if the <a href=\"#getType()\"><code>TargeType</code></a> is not <a href=\"Invite.TargetType.html#STREAM\"><code>Invite.TargetType.STREAM</code></a>\n</div>"
            ],
            "deprecationElement": null,
            "details": {
                "RETURNS": [
                    "<dd>\n The target user of this invite\n</dd>"
                ],
                "SEE_ALSO": [
                    "<dd>\n <ul class=\"see-list\">\n  <li><a href=\"User.html\" title=\"interface in net.dv8tion.jda.api.entities\"><code>User</code></a></li>\n </ul>\n</dd>"
                ]
            },
            "seeAlso": {
                "references": [
                    {
                        "text": "User",
                        "link": "https://docs.jda.wiki/net/dv8tion/jda/api/entities/User.html",
                        "targetType": "CLASS",
                        "fullSignature": "User"
                    }
                ]
            }
        },
        "getId()": {
            "elementId": "getId()",
            "methodAnnotations": "@Nonnull",
            "methodName": "getId",
            "methodSignature": "@Nonnull String getId()",
            "parameters": [],
            "methodReturnType": "String",
            "isStatic": false,
            "descriptionElements": [
                "<div class=\"block\">\n The Snowflake id of the target entity of this invite.\n</div>"
            ],
            "deprecationElement": null,
            "details": {
                "RETURNS": [
                    "<dd>\n The id of the target entity\n</dd>"
                ],
                "THROWS": [
                    "<dd>\n <code><a href=\"https://docs.oracle.com/javase/8/docs/api/java/lang/IllegalStateException.html\" title=\"class or interface in java.lang\" class=\"external-link\">IllegalStateException</a></code> - If there is no target entity, <a href=\"#getType()\"><code>TargetType</code></a> is <a href=\"Invite.TargetType.html#UNKNOWN\"><code>Invite.TargetType.UNKNOWN</code></a>\n</dd>"
                ]
            },
            "seeAlso": null
        },
        "getType()": {
            "elementId": "getType()",
            "methodAnnotations": "@Nonnull",
            "methodName": "getType",
            "methodSignature": "@Nonnull Invite.TargetType getType()",
            "parameters": [],
            "methodReturnType": "Invite.TargetType",
            "isStatic": false,
            "descriptionElements": [
                "<div class=\"block\">\n The type of this invite target.\n</div>"
            ],
            "deprecationElement": null,
            "details": {
                "RETURNS": [
                    "<dd>\n The type of this invite target\n</dd>"
                ]
            },
            "seeAlso": null
        },
        "getIdLong()": {
            "elementId": "getIdLong()",
            "methodAnnotations": null,
            "methodName": "getIdLong",
            "methodSignature": "long getIdLong()",
            "parameters": [],
            "methodReturnType": "long",
            "isStatic": false,
            "descriptionElements": [
                "<div class=\"block\">\n The Snowflake id of the target entity of this invite.\n</div>"
            ],
            "deprecationElement": null,
            "details": {
                "RETURNS": [
                    "<dd>\n The id of the target entity\n</dd>"
                ],
                "THROWS": [
                    "<dd>\n <code><a href=\"https://docs.oracle.com/javase/8/docs/api/java/lang/IllegalStateException.html\" title=\"class or interface in java.lang\" class=\"external-link\">IllegalStateException</a></code> - If there is no target entity, <a href=\"#getType()\"><code>TargetType</code></a> is <a href=\"Invite.TargetType.html#UNKNOWN\"><code>Invite.TargetType.UNKNOWN</code></a>\n</dd>"
                ]
            },
            "seeAlso": null
        },
        "getApplication()": {
            "elementId": "getApplication()",
            "methodAnnotations": "@Nullable",
            "methodName": "getApplication",
            "methodSignature": "@Nullable Invite.EmbeddedApplication getApplication()",
            "parameters": [],
            "methodReturnType": "Invite.EmbeddedApplication",
            "isStatic": false,
            "descriptionElements": [
                "<div class=\"block\">\n The target <a href=\"Invite.EmbeddedApplication.html\" title=\"interface in net.dv8tion.jda.api.entities\"><code>Invite.EmbeddedApplication</code></a> of this invite or <code>null</code> if the <a href=\"#getType()\"><code>TargeType</code></a> is not <a href=\"Invite.TargetType.html#EMBEDDED_APPLICATION\"><code>Invite.TargetType.EMBEDDED_APPLICATION</code></a>\n</div>"
            ],
            "deprecationElement": null,
            "details": {
                "RETURNS": [
                    "<dd>\n The target application of this invite\n</dd>"
                ],
                "SEE_ALSO": [
                    "<dd>\n <ul class=\"see-list\">\n  <li><a href=\"Invite.EmbeddedApplication.html\" title=\"interface in net.dv8tion.jda.api.entities\"><code>Invite.EmbeddedApplication</code></a></li>\n </ul>\n</dd>"
                ]
            },
            "seeAlso": {
                "references": [
                    {
                        "text": "Invite.EmbeddedApplication",
                        "link": "https://docs.jda.wiki/net/dv8tion/jda/api/entities/Invite.EmbeddedApplication.html",
                        "targetType": "CLASS",
                        "fullSignature": "Invite.EmbeddedApplication"
                    }
                ]
            }
        }
    },
    "fields": {}
}