{
    "classNameFqcn": "net.dv8tion.jda.api.entities.Invite.Group",
    "descriptionElements": [
        "<div class=\"block\">\n POJO for the group information provided by an invite.\n</div>"
    ],
    "deprecationElement": null,
    "details": {
        "SEE_ALSO": [
            "<dd>\n <ul class=\"see-list\">\n  <li><a href=\"Invite.html#getChannel()\"><code>Invite.getChannel()</code></a></li>\n </ul>\n</dd>"
        ],
        "SUPER_INTERFACES": [
            "<dd>\n <code><a href=\"ISnowflake.html\" title=\"interface in net.dv8tion.jda.api.entities\">ISnowflake</a></code>\n</dd>"
        ],
        "ENCLOSING_INTERFACE": [
            "<dd>\n <a href=\"Invite.html\" title=\"interface in net.dv8tion.jda.api.entities\">Invite</a>\n</dd>"
        ]
    },
    "seeAlso": {
        "references": [
            {
                "text": "Invite#getChannel()",
                "link": "https://docs.jda.wiki/net/dv8tion/jda/api/entities/Invite.html#getChannel()",
                "targetType": "METHOD",
                "fullSignature": "Invite#getChannel()"
            }
        ]
    },
    "methods": {
        "getId()": {
            "elementId": "getId()",
            "methodAnnotations": "@Nonnull",
            "methodName": "getId",
            "methodSignature": "@Nonnull default String getId()",
            "methodParameters": null,
            "methodReturnType": "String",
            "isStatic": false,
            "descriptionElements": [
                "<div class=\"block\">\n The Snowflake id of this entity. This is unique to every entity and will never change.\n</div>"
            ],
            "deprecationElement": null,
            "details": {
                "RETURNS": [
                    "<dd>\n Never-null String containing the Id.\n</dd>"
                ]
            },
            "seeAlso": null
        },
        "getIconId()": {
            "elementId": "getIconId()",
            "methodAnnotations": "@Nullable",
            "methodName": "getIconId",
            "methodSignature": "@Nullable String getIconId()",
            "methodParameters": null,
            "methodReturnType": "String",
            "isStatic": false,
            "descriptionElements": [
                "<div class=\"block\">\n The icon id of this group or <code>null</code> if the group has no icon.\n</div>"
            ],
            "deprecationElement": null,
            "details": {
                "RETURNS": [
                    "<dd>\n The group's icon id\n</dd>"
                ],
                "SEE_ALSO": [
                    "<dd>\n <ul class=\"see-list\">\n  <li><a href=\"#getIconUrl()\"><code>getIconUrl()</code></a></li>\n </ul>\n</dd>"
                ]
            },
            "seeAlso": {
                "references": [
                    {
                        "text": "getIconUrl()",
                        "link": "https://docs.jda.wiki/net/dv8tion/jda/api/entities/Invite.Group.html#getIconUrl()",
                        "targetType": "METHOD",
                        "fullSignature": "Invite.Group#getIconUrl()"
                    }
                ]
            }
        },
        "getName()": {
            "elementId": "getName()",
            "methodAnnotations": "@Nullable",
            "methodName": "getName",
            "methodSignature": "@Nullable String getName()",
            "methodParameters": null,
            "methodReturnType": "String",
            "isStatic": false,
            "descriptionElements": [
                "<div class=\"block\">\n The name of this group or <code>null</code> if the group has no name.\n</div>"
            ],
            "deprecationElement": null,
            "details": {
                "RETURNS": [
                    "<dd>\n The group's name\n</dd>"
                ]
            },
            "seeAlso": null
        },
        "getTimeCreated()": {
            "elementId": "getTimeCreated()",
            "methodAnnotations": "@Nonnull",
            "methodName": "getTimeCreated",
            "methodSignature": "@Nonnull default OffsetDateTime getTimeCreated()",
            "methodParameters": null,
            "methodReturnType": "OffsetDateTime",
            "isStatic": false,
            "descriptionElements": [
                "<div class=\"block\">\n The time this entity was created. Calculated through the Snowflake in <a href=\"#getIdLong()\"><code>getIdLong()</code></a>.\n</div>"
            ],
            "deprecationElement": null,
            "details": {
                "RETURNS": [
                    "<dd>\n OffsetDateTime - Time this entity was created at.\n</dd>"
                ],
                "SEE_ALSO": [
                    "<dd>\n <ul class=\"see-list\">\n  <li><a href=\"../utils/TimeUtil.html#getTimeCreated(long)\"><code>TimeUtil.getTimeCreated(long)</code></a></li>\n </ul>\n</dd>"
                ]
            },
            "seeAlso": {
                "references": [
                    {
                        "text": "TimeUtil#getTimeCreated(long)",
                        "link": "https://docs.jda.wiki/net/dv8tion/jda/api/utils/TimeUtil.html#getTimeCreated(long)",
                        "targetType": "METHOD",
                        "fullSignature": "TimeUtil#getTimeCreated(long)"
                    }
                ]
            }
        },
        "getIdLong()": {
            "elementId": "getIdLong()",
            "methodAnnotations": null,
            "methodName": "getIdLong",
            "methodSignature": "long getIdLong()",
            "methodParameters": null,
            "methodReturnType": "long",
            "isStatic": false,
            "descriptionElements": [
                "<div class=\"block\">\n The Snowflake id of this entity. This is unique to every entity and will never change.\n</div>"
            ],
            "deprecationElement": null,
            "details": {
                "RETURNS": [
                    "<dd>\n Long containing the Id.\n</dd>"
                ]
            },
            "seeAlso": null
        },
        "getIcon()": {
            "elementId": "getIcon()",
            "methodAnnotations": "@Nullable",
            "methodName": "getIcon",
            "methodSignature": "@Nullable default ImageProxy getIcon()",
            "methodParameters": null,
            "methodReturnType": "ImageProxy",
            "isStatic": false,
            "descriptionElements": [
                "<div class=\"block\">\n Returns an <a href=\"../utils/ImageProxy.html\" title=\"class in net.dv8tion.jda.api.utils\"><code>ImageProxy</code></a> for this group invite's icon.\n</div>"
            ],
            "deprecationElement": null,
            "details": {
                "RETURNS": [
                    "<dd>\n Possibly-null <a href=\"../utils/ImageProxy.html\" title=\"class in net.dv8tion.jda.api.utils\"><code>ImageProxy</code></a> of this group invite's icon\n</dd>"
                ],
                "SEE_ALSO": [
                    "<dd>\n <ul class=\"see-list\">\n  <li><a href=\"#getIconUrl()\"><code>getIconUrl()</code></a></li>\n </ul>\n</dd>"
                ]
            },
            "seeAlso": {
                "references": [
                    {
                        "text": "getIconUrl()",
                        "link": "https://docs.jda.wiki/net/dv8tion/jda/api/entities/Invite.Group.html#getIconUrl()",
                        "targetType": "METHOD",
                        "fullSignature": "Invite.Group#getIconUrl()"
                    }
                ]
            }
        },
        "getUsers()": {
            "elementId": "getUsers()",
            "methodAnnotations": "@Nullable",
            "methodName": "getUsers",
            "methodSignature": "@Nullable List<String> getUsers()",
            "methodParameters": null,
            "methodReturnType": "List<String>",
            "isStatic": false,
            "descriptionElements": [
                "<div class=\"block\">\n The names of all users in this group. If the users were not included in the invite, this will return <code>null</code>. Users will only be returned when resolving the invite via the <a href=\"Invite.html#resolve(net.dv8tion.jda.api.JDA,java.lang.String,boolean)\"><code>Invite.resolve()</code></a> method with the <code>withCounts</code> boolean set to <code>true</code>.\n</div>"
            ],
            "deprecationElement": null,
            "details": {
                "RETURNS": [
                    "<dd>\n The names of the group's users or null if not preset in the invite\n</dd>"
                ]
            },
            "seeAlso": null
        },
        "getIconUrl()": {
            "elementId": "getIconUrl()",
            "methodAnnotations": "@Nullable",
            "methodName": "getIconUrl",
            "methodSignature": "@Nullable String getIconUrl()",
            "methodParameters": null,
            "methodReturnType": "String",
            "isStatic": false,
            "descriptionElements": [
                "<div class=\"block\">\n The icon url of this group or <code>null</code> if the group has no icon.\n</div>"
            ],
            "deprecationElement": null,
            "details": {
                "RETURNS": [
                    "<dd>\n The group's icon url\n</dd>"
                ],
                "SEE_ALSO": [
                    "<dd>\n <ul class=\"see-list\">\n  <li><a href=\"#getIconId()\"><code>getIconId()</code></a></li>\n </ul>\n</dd>"
                ]
            },
            "seeAlso": {
                "references": [
                    {
                        "text": "getIconId()",
                        "link": "https://docs.jda.wiki/net/dv8tion/jda/api/entities/Invite.Group.html#getIconId()",
                        "targetType": "METHOD",
                        "fullSignature": "Invite.Group#getIconId()"
                    }
                ]
            }
        }
    },
    "fields": {}
}