{
    "classNameFqcn": "net.dv8tion.jda.api.entities.Member.MemberFlag",
    "descriptionElements": [
        "<div class=\"block\">Member flags indicating information about the membership state.</div>"
    ],
    "deprecationElement": null,
    "details": {
        "ALL_IMPLEMENTED_INTERFACES": [
            "<dd>\n <code><a href=\"https://docs.oracle.com/javase/8/docs/api/java/io/Serializable.html\" title=\"class or interface in java.io\" class=\"external-link\">Serializable</a></code>, <code><a href=\"https://docs.oracle.com/javase/8/docs/api/java/lang/Comparable.html\" title=\"class or interface in java.lang\" class=\"external-link\">Comparable</a>&lt;<a href=\"Member.MemberFlag.html\" title=\"enum in net.dv8tion.jda.api.entities\">Member.MemberFlag</a>&gt;</code>\n</dd>"
        ],
        "ENCLOSING_INTERFACE": [
            "<dd>\n <a href=\"Member.html\" title=\"interface in net.dv8tion.jda.api.entities\">Member</a>\n</dd>"
        ]
    },
    "seeAlso": null,
    "methods": {
        "values()": {
            "elementId": "values()",
            "methodAnnotations": null,
            "methodName": "values",
            "methodSignature": "public static Member.MemberFlag[] values()",
            "parameters": [],
            "methodReturnType": "Member.MemberFlag[]",
            "isStatic": true,
            "descriptionElements": [
                "<div class=\"block\">Returns an array containing the constants of this enum type, in the order they are declared.</div>"
            ],
            "deprecationElement": null,
            "details": {
                "RETURNS": [
                    "<dd>an array containing the constants of this enum type, in the order they are declared</dd>"
                ]
            },
            "seeAlso": null
        },
        "toRaw(java.util.Collection)": {
            "elementId": "toRaw(java.util.Collection)",
            "methodAnnotations": null,
            "methodName": "toRaw",
            "methodSignature": "public static int toRaw(@Nonnull Collection<Member.MemberFlag> flags)",
            "parameters": [
                {
                    "annotations": [
                        "Nonnull"
                    ],
                    "type": "java.util.Collection",
                    "simpleType": "Collection",
                    "name": "flags"
                }
            ],
            "methodReturnType": "int",
            "isStatic": true,
            "descriptionElements": [
                "<div class=\"block\">\n The raw value of the provided <a href=\"Member.MemberFlag.html\" title=\"enum in net.dv8tion.jda.api.entities\"><code>Flags</code></a>.\n <br>\n If the provided set is empty this will return <code>0</code>.\n</div>"
            ],
            "deprecationElement": null,
            "details": {
                "PARAMETERS": [
                    "<dd>\n <code>flags</code> - The flags\n</dd>"
                ],
                "RETURNS": [
                    "<dd>The raw value of the provided flags</dd>"
                ]
            },
            "seeAlso": null
        },
        "valueOf(java.lang.String)": {
            "elementId": "valueOf(java.lang.String)",
            "methodAnnotations": null,
            "methodName": "valueOf",
            "methodSignature": "public static Member.MemberFlag valueOf(String name)",
            "parameters": [
                {
                    "annotations": [],
                    "type": "java.lang.String",
                    "simpleType": "String",
                    "name": "name"
                }
            ],
            "methodReturnType": "Member.MemberFlag",
            "isStatic": true,
            "descriptionElements": [
                "<div class=\"block\">\n Returns the enum constant of this type with the specified name. The string must match <i>exactly</i> an identifier used to declare an enum constant in this type. (Extraneous whitespace characters are not permitted.)\n</div>"
            ],
            "deprecationElement": null,
            "details": {
                "PARAMETERS": [
                    "<dd>\n <code>name</code> - the name of the enum constant to be returned.\n</dd>"
                ],
                "RETURNS": [
                    "<dd>the enum constant with the specified name</dd>"
                ],
                "THROWS": [
                    "<dd>\n <code><a href=\"https://docs.oracle.com/javase/8/docs/api/java/lang/IllegalArgumentException.html\" title=\"class or interface in java.lang\" class=\"external-link\">IllegalArgumentException</a></code> - if this enum type has no constant with the specified name\n</dd>",
                    "<dd>\n <code><a href=\"https://docs.oracle.com/javase/8/docs/api/java/lang/NullPointerException.html\" title=\"class or interface in java.lang\" class=\"external-link\">NullPointerException</a></code> - if the argument is null\n</dd>"
                ]
            },
            "seeAlso": null
        },
        "getRaw()": {
            "elementId": "getRaw()",
            "methodAnnotations": null,
            "methodName": "getRaw",
            "methodSignature": "public int getRaw()",
            "parameters": [],
            "methodReturnType": "int",
            "isStatic": false,
            "descriptionElements": [
                "<div class=\"block\">The raw value used by Discord for this flag</div>"
            ],
            "deprecationElement": null,
            "details": {
                "RETURNS": [
                    "<dd>The raw value</dd>"
                ]
            },
            "seeAlso": null
        },
        "fromRaw(int)": {
            "elementId": "fromRaw(int)",
            "methodAnnotations": "@Nonnull",
            "methodName": "fromRaw",
            "methodSignature": "@Nonnull public static EnumSet<Member.MemberFlag> fromRaw(int raw)",
            "parameters": [
                {
                    "annotations": [],
                    "type": "int",
                    "simpleType": "int",
                    "name": "raw"
                }
            ],
            "methodReturnType": "EnumSet<Member.MemberFlag>",
            "isStatic": true,
            "descriptionElements": [
                "<div class=\"block\">\n The <a href=\"Member.MemberFlag.html\" title=\"enum in net.dv8tion.jda.api.entities\"><code>Flags</code></a> represented by the provided raw value.\n <br>\n If the provided raw value is <code>0</code> this will return an empty <a href=\"https://docs.oracle.com/javase/8/docs/api/java/util/EnumSet.html\" title=\"class or interface in java.util\" class=\"external-link\"><code>EnumSet</code></a>.\n</div>"
            ],
            "deprecationElement": null,
            "details": {
                "PARAMETERS": [
                    "<dd>\n <code>raw</code> - The raw value\n</dd>"
                ],
                "RETURNS": [
                    "<dd>EnumSet containing the flags represented by the provided raw value</dd>"
                ]
            },
            "seeAlso": null
        },
        "isModifiable()": {
            "elementId": "isModifiable()",
            "methodAnnotations": null,
            "methodName": "isModifiable",
            "methodSignature": "public boolean isModifiable()",
            "parameters": [],
            "methodReturnType": "boolean",
            "isStatic": false,
            "descriptionElements": [
                "<div class=\"block\">Whether this flag can be modified by the client</div>"
            ],
            "deprecationElement": null,
            "details": {
                "RETURNS": [
                    "<dd>True, if this flag can be modified</dd>"
                ]
            },
            "seeAlso": null
        }
    },
    "fields": {
        "STARTED_ONBOARDING": {
            "elementId": "STARTED_ONBOARDING",
            "fieldName": "STARTED_ONBOARDING",
            "fieldType": "Member.MemberFlag",
            "fieldValue": null,
            "descriptionElements": [
                "<div class=\"block\">The Member has started the onboarding process</div>"
            ],
            "deprecationElement": null,
            "modifiers": "public static final"
        },
        "COMPLETED_ONBOARDING": {
            "elementId": "COMPLETED_ONBOARDING",
            "fieldName": "COMPLETED_ONBOARDING",
            "fieldType": "Member.MemberFlag",
            "fieldValue": null,
            "descriptionElements": [
                "<div class=\"block\">The Member has completed the onboarding process</div>"
            ],
            "deprecationElement": null,
            "modifiers": "public static final"
        },
        "BYPASSES_VERIFICATION": {
            "elementId": "BYPASSES_VERIFICATION",
            "fieldName": "BYPASSES_VERIFICATION",
            "fieldType": "Member.MemberFlag",
            "fieldValue": null,
            "descriptionElements": [
                "<div class=\"block\">The Member bypasses guild verification requirements</div>"
            ],
            "deprecationElement": null,
            "modifiers": "public static final"
        },
        "DID_REJOIN": {
            "elementId": "DID_REJOIN",
            "fieldName": "DID_REJOIN",
            "fieldType": "Member.MemberFlag",
            "fieldValue": null,
            "descriptionElements": [
                "<div class=\"block\">The Member has left and rejoined the guild</div>"
            ],
            "deprecationElement": null,
            "modifiers": "public static final"
        }
    }
}