{
    "classNameFqcn": "net.dv8tion.jda.api.entities.Mentions",
    "descriptionElements": [
        "<div class=\"block\">Interface to access the mentions of various entities.</div>"
    ],
    "deprecationElement": null,
    "details": {},
    "seeAlso": null,
    "methods": {
        "getRolesBag()": {
            "elementId": "getRolesBag()",
            "methodAnnotations": "@Nonnull",
            "methodName": "getRolesBag",
            "methodSignature": "@Nonnull org.apache.commons.collections4.Bag<Role> getRolesBag()",
            "parameters": [],
            "methodReturnType": "org.apache.commons.collections4.Bag<Role>",
            "isStatic": false,
            "descriptionElements": [
                "<div class=\"block\">\n A <code>Bag</code> of mentioned roles.\n <br>\n This can be used to retrieve the amount of times a role was mentioned. This only counts direct mentions of the role and not mentions through everyone mentions.\n <p><b>This may include Roles from other <a href=\"Guild.html\" title=\"interface in net.dv8tion.jda.api.entities\"><code>Guilds</code></a></b></p>\n <p><b>Example</b>\n  <br></p>\n <pre><code>void sendCount(Message msg)\r\n{\r\n    List&lt;Role&gt; mentions = msg.getMentions().getRoles(); // distinct list, in order of appearance\r\n    Bag&lt;Role&gt; count = msg.getMentions().getRolesBag();\r\n    StringBuilder content = new StringBuilder();\r\n    for (Role role : mentions)\r\n    {\r\n        content.append(role.getName())\r\n               .append(\": \")\r\n               .append(count.getCount(role))\r\n               .append(\"\\n\");\r\n    }\r\n    msg.getChannel().sendMessage(content.toString()).queue();\r\n}\r\n</code></pre>\n</div>"
            ],
            "deprecationElement": null,
            "details": {
                "RETURNS": [
                    "<dd>\n <code>Bag</code> of mentioned roles\n</dd>"
                ],
                "SEE_ALSO": [
                    "<dd>\n <ul class=\"tag-list\">\n  <li><a href=\"#getRoles()\"><code>getRoles()</code></a></li>\n </ul>\n</dd>"
                ]
            },
            "seeAlso": {
                "references": [
                    {
                        "text": "getRoles()",
                        "link": "https://docs.jda.wiki/net/dv8tion/jda/api/entities/Mentions.html#getRoles()",
                        "targetType": "METHOD",
                        "fullSignature": "Mentions#getRoles()"
                    }
                ]
            }
        },
        "getJDA()": {
            "elementId": "getJDA()",
            "methodAnnotations": "@Nonnull",
            "methodName": "getJDA",
            "methodSignature": "@Nonnull JDA getJDA()",
            "parameters": [],
            "methodReturnType": "JDA",
            "isStatic": false,
            "descriptionElements": [
                "<div class=\"block\">The corresponding JDA instance</div>"
            ],
            "deprecationElement": null,
            "details": {
                "RETURNS": [
                    "<dd>The jda instance</dd>"
                ]
            },
            "seeAlso": null
        },
        "getMentions(net.dv8tion.jda.api.entities.Message.MentionType...)": {
            "elementId": "getMentions(net.dv8tion.jda.api.entities.Message.MentionType...)",
            "methodAnnotations": "@Nonnull",
            "methodName": "getMentions",
            "methodSignature": "@Nonnull @Unmodifiable List<IMentionable> getMentions(@Nonnull Message.MentionType... types)",
            "parameters": [
                {
                    "annotations": [
                        "Nonnull"
                    ],
                    "type": "net.dv8tion.jda.api.entities.Message.MentionType...",
                    "simpleType": "Message.MentionType...",
                    "name": "types"
                }
            ],
            "methodReturnType": "@Unmodifiable List<IMentionable>",
            "isStatic": false,
            "descriptionElements": [
                "<div class=\"block\">\n Combines all instances of <a href=\"IMentionable.html\" title=\"interface in net.dv8tion.jda.api.entities\"><code>IMentionable</code></a> filtered by the specified <a href=\"Message.MentionType.html\" title=\"enum in net.dv8tion.jda.api.entities\"><code>MentionType</code></a> values.\n <br>\n If a <a href=\"Member.html\" title=\"interface in net.dv8tion.jda.api.entities\"><code>Member</code></a> is available, it will be taken in favor of a <a href=\"User.html\" title=\"interface in net.dv8tion.jda.api.entities\"><code>User</code></a>. This only provides either the Member or the User instance, rather than both.\n <p>If no MentionType values are given, all types are used.</p>\n</div>"
            ],
            "deprecationElement": null,
            "details": {
                "PARAMETERS": [
                    "<dd>\n <code>types</code> - <a href=\"Message.MentionType.html\" title=\"enum in net.dv8tion.jda.api.entities\"><code>MentionTypes</code></a> to include\n</dd>"
                ],
                "RETURNS": [
                    "<dd>\n Immutable list of filtered <a href=\"IMentionable.html\" title=\"interface in net.dv8tion.jda.api.entities\"><code>IMentionable</code></a> instances\n</dd>"
                ],
                "THROWS": [
                    "<dd>\n <code><a href=\"https://docs.oracle.com/javase/8/docs/api/java/lang/IllegalArgumentException.html\" title=\"class or interface in java.lang\" class=\"external-link\">IllegalArgumentException</a></code> - If provided with <code>null</code>\n</dd>"
                ]
            },
            "seeAlso": null
        },
        "getCustomEmojis()": {
            "elementId": "getCustomEmojis()",
            "methodAnnotations": "@Nonnull",
            "methodName": "getCustomEmojis",
            "methodSignature": "@Nonnull @Unmodifiable List<CustomEmoji> getCustomEmojis()",
            "parameters": [],
            "methodReturnType": "@Unmodifiable List<CustomEmoji>",
            "isStatic": false,
            "descriptionElements": [
                "<div class=\"block\">\n All <a href=\"emoji/CustomEmoji.html\" title=\"interface in net.dv8tion.jda.api.entities.emoji\"><code>CustomEmojis</code></a> used.\n <br>\n <b>This only includes Custom Emojis, not unicode Emojis.</b> These are not the same as the unicode emojis that Discord also supports. Elements are sorted in order of appearance.\n <p><b><u>Unicode emojis are not included as <a href=\"emoji/CustomEmoji.html\" title=\"interface in net.dv8tion.jda.api.entities.emoji\"><code>CustomEmojis</code></a>!</u></b></p>\n</div>"
            ],
            "deprecationElement": null,
            "details": {
                "RETURNS": [
                    "<dd>An immutable list of the Custom Emojis used (example match &lt;:jda:230988580904763393&gt;)</dd>"
                ]
            },
            "seeAlso": null
        },
        "mentionsEveryone()": {
            "elementId": "mentionsEveryone()",
            "methodAnnotations": null,
            "methodName": "mentionsEveryone",
            "methodSignature": "boolean mentionsEveryone()",
            "parameters": [],
            "methodReturnType": "boolean",
            "isStatic": false,
            "descriptionElements": [
                "<div class=\"block\">\n Indicates if everyone is mentioned, by either using <code>@everyone</code> or <code>@here</code>.\n <p>This is different from checking if <code>@everyone</code> is in the string, since mentions require additional flags to trigger.</p>\n</div>"
            ],
            "deprecationElement": null,
            "details": {
                "RETURNS": [
                    "<dd>True, if everyone is mentioned</dd>"
                ]
            },
            "seeAlso": null
        },
        "getMembers()": {
            "elementId": "getMembers()",
            "methodAnnotations": "@Nonnull",
            "methodName": "getMembers",
            "methodSignature": "@Nonnull List<Member> getMembers()",
            "parameters": [],
            "methodReturnType": "List<Member>",
            "isStatic": false,
            "descriptionElements": [
                "<div class=\"block\">\n An immutable list of all mentioned <a href=\"Member.html\" title=\"interface in net.dv8tion.jda.api.entities\"><code>Members</code></a>.\n <br>\n If none were mentioned, this list is empty. Elements are sorted in order of appearance. This only counts direct mentions of the role and not mentions through everyone mentions.\n <p>This is always empty in <a href=\"channel/concrete/PrivateChannel.html\" title=\"interface in net.dv8tion.jda.api.entities.channel.concrete\"><code>PrivateChannels</code></a> and <a href=\"channel/concrete/GroupChannel.html\" title=\"interface in net.dv8tion.jda.api.entities.channel.concrete\"><code>GroupChannels</code></a>.</p>\n</div>"
            ],
            "deprecationElement": null,
            "details": {
                "RETURNS": [
                    "<dd>Immutable list of mentioned Members, or an empty list</dd>"
                ]
            },
            "seeAlso": null
        },
        "getChannels()": {
            "elementId": "getChannels()",
            "methodAnnotations": "@Nonnull",
            "methodName": "getChannels",
            "methodSignature": "@Nonnull @Unmodifiable List<GuildChannel> getChannels()",
            "parameters": [],
            "methodReturnType": "@Unmodifiable List<GuildChannel>",
            "isStatic": false,
            "descriptionElements": [
                "<div class=\"block\">\n An immutable list of all mentioned <a href=\"channel/middleman/GuildChannel.html\" title=\"interface in net.dv8tion.jda.api.entities.channel.middleman\"><code>GuildChannels</code></a>.\n <br>\n If none were mentioned, this list is empty. Elements are sorted in order of appearance.\n <p><b>This may include GuildChannels from other <a href=\"Guild.html\" title=\"interface in net.dv8tion.jda.api.entities\"><code>Guilds</code></a></b></p>\n</div>"
            ],
            "deprecationElement": null,
            "details": {
                "RETURNS": [
                    "<dd>Immutable list of mentioned GuildChannels</dd>"
                ]
            },
            "seeAlso": null
        },
        "getUsersBag()": {
            "elementId": "getUsersBag()",
            "methodAnnotations": "@Nonnull",
            "methodName": "getUsersBag",
            "methodSignature": "@Nonnull org.apache.commons.collections4.Bag<User> getUsersBag()",
            "parameters": [],
            "methodReturnType": "org.apache.commons.collections4.Bag<User>",
            "isStatic": false,
            "descriptionElements": [
                "<div class=\"block\">\n A <code>Bag</code> of mentioned <a href=\"User.html\" title=\"interface in net.dv8tion.jda.api.entities\"><code>Users</code></a>.\n <br>\n This can be used to retrieve the amount of times a user was mentioned. This only counts direct mentions of the user and not mentions through roles or everyone mentions. The count may be <code>1</code>, if the user was mentioned through a message reply.\n <p>This might also contain users which are not present in <a href=\"#getMembers()\"><code>getMembers()</code></a>.</p>\n <p><b>Example</b>\n  <br></p>\n <pre><code>void sendCount(Message msg)\r\n{\r\n    List&lt;User&gt; mentions = msg.getMentions().getUsers(); // distinct list, in order of appearance\r\n    Bag&lt;User&gt; count = msg.getMentions().getUsersBag();\r\n    StringBuilder content = new StringBuilder();\r\n    for (User user : mentions)\r\n    {\r\n        content.append(user.getAsTag())\r\n               .append(\": \")\r\n               .append(count.getCount(user))\r\n               .append(\"\\n\");\r\n    }\r\n    msg.getChannel().sendMessage(content.toString()).queue();\r\n}\r\n</code></pre>\n</div>"
            ],
            "deprecationElement": null,
            "details": {
                "RETURNS": [
                    "<dd>\n <code>Bag</code> of mentioned users\n</dd>"
                ],
                "SEE_ALSO": [
                    "<dd>\n <ul class=\"tag-list\">\n  <li><a href=\"#getUsers()\"><code>getUsers()</code></a></li>\n </ul>\n</dd>"
                ]
            },
            "seeAlso": {
                "references": [
                    {
                        "text": "getUsers()",
                        "link": "https://docs.jda.wiki/net/dv8tion/jda/api/entities/Mentions.html#getUsers()",
                        "targetType": "METHOD",
                        "fullSignature": "Mentions#getUsers()"
                    }
                ]
            }
        },
        "getChannels(java.lang.Class)": {
            "elementId": "getChannels(java.lang.Class)",
            "methodAnnotations": "@Nonnull",
            "methodName": "getChannels",
            "methodSignature": "@Nonnull <T extends GuildChannel> @Unmodifiable List<T> getChannels(@Nonnull Class<T> clazz)",
            "parameters": [
                {
                    "annotations": [
                        "Nonnull"
                    ],
                    "type": "java.lang.Class",
                    "simpleType": "Class",
                    "name": "clazz"
                }
            ],
            "methodReturnType": "@Unmodifiable List<T>",
            "isStatic": false,
            "descriptionElements": [
                "<div class=\"block\">\n An immutable list of all mentioned <a href=\"channel/middleman/GuildChannel.html\" title=\"interface in net.dv8tion.jda.api.entities.channel.middleman\"><code>GuildChannels</code></a> of type <code>clazz</code>.\n <br>\n If none were mentioned, this list is empty. Elements are sorted in order of appearance.\n <p><b>This may include GuildChannels from other <a href=\"Guild.html\" title=\"interface in net.dv8tion.jda.api.entities\"><code>Guilds</code></a></b></p>\n <p><b>Example</b>\n  <br></p>\n <pre><code>List&lt;GuildMessageChannel&gt; getCoolMessageChannels(Message msg)\r\n{\r\n    List&lt;GuildMessageChannel&gt; channels = msg.getMentions().getChannels(GuildMessageChannel.class);\r\n    return channels.stream()\r\n        .filter(channel -&gt; channel.getName().contains(\"cool\"))\r\n        .collect(Collectors.toList());\r\n}\r\n</code></pre>\n</div>"
            ],
            "deprecationElement": null,
            "details": {
                "PARAMETERS": [
                    "<dd>\n <code>clazz</code> - The <a href=\"channel/middleman/GuildChannel.html\" title=\"interface in net.dv8tion.jda.api.entities.channel.middleman\"><code>GuildChannel</code></a> sub-class <a href=\"https://docs.oracle.com/javase/8/docs/api/java/lang/Class.html\" title=\"class or interface in java.lang\" class=\"external-link\"><code>class object</code></a> of the type of channel desired\n</dd>"
                ],
                "RETURNS": [
                    "<dd>\n Immutable list of mentioned GuildChannels that are of type <code>clazz</code>.\n</dd>"
                ],
                "THROWS": [
                    "<dd>\n <code><a href=\"https://docs.oracle.com/javase/8/docs/api/java/lang/IllegalArgumentException.html\" title=\"class or interface in java.lang\" class=\"external-link\">IllegalArgumentException</a></code> - If <code>clazz</code> is <code>null</code>\n</dd>"
                ]
            },
            "seeAlso": null
        },
        "getMembersBag()": {
            "elementId": "getMembersBag()",
            "methodAnnotations": "@Nonnull",
            "methodName": "getMembersBag",
            "methodSignature": "@Nonnull org.apache.commons.collections4.Bag<Member> getMembersBag()",
            "parameters": [],
            "methodReturnType": "org.apache.commons.collections4.Bag<Member>",
            "isStatic": false,
            "descriptionElements": [
                "<div class=\"block\">\n A <code>Bag</code> of mentioned <a href=\"Member.html\" title=\"interface in net.dv8tion.jda.api.entities\"><code>Members</code></a>.\n <br>\n This can be used to retrieve the amount of times a user was mentioned. This only counts direct mentions of the member and not mentions through roles or everyone mentions. The count may be <code>1</code>, if the user was mentioned through a message reply.\n <p><b>Example</b>\n  <br></p>\n <pre><code>void sendCount(Message msg)\r\n{\r\n    List&lt;Member&gt; mentions = msg.getMentions().getMembers(); // distinct list, in order of appearance\r\n    Bag&lt;Member&gt; count = msg.getMentions().getMembersBag();\r\n    StringBuilder content = new StringBuilder();\r\n    for (Member user : mentions)\r\n    {\r\n        content.append(member.getUser().getAsTag())\r\n               .append(\": \")\r\n               .append(count.getCount(member))\r\n               .append(\"\\n\");\r\n    }\r\n    msg.getChannel().sendMessage(content.toString()).queue();\r\n}\r\n</code></pre>\n</div>"
            ],
            "deprecationElement": null,
            "details": {
                "RETURNS": [
                    "<dd>\n <code>Bag</code> of mentioned members\n</dd>"
                ],
                "SEE_ALSO": [
                    "<dd>\n <ul class=\"tag-list\">\n  <li><a href=\"#getMembers()\"><code>getMembers()</code></a></li>\n </ul>\n</dd>"
                ]
            },
            "seeAlso": {
                "references": [
                    {
                        "text": "getMembers()",
                        "link": "https://docs.jda.wiki/net/dv8tion/jda/api/entities/Mentions.html#getMembers()",
                        "targetType": "METHOD",
                        "fullSignature": "Mentions#getMembers()"
                    }
                ]
            }
        },
        "getCustomEmojisBag()": {
            "elementId": "getCustomEmojisBag()",
            "methodAnnotations": "@Nonnull",
            "methodName": "getCustomEmojisBag",
            "methodSignature": "@Nonnull org.apache.commons.collections4.Bag<CustomEmoji> getCustomEmojisBag()",
            "parameters": [],
            "methodReturnType": "org.apache.commons.collections4.Bag<CustomEmoji>",
            "isStatic": false,
            "descriptionElements": [
                "<div class=\"block\">\n A <code>Bag</code> of custom emojis used.\n <br>\n This can be used to retrieve the amount of times an emoji was used.\n <p><b>Example</b>\n  <br></p>\n <pre><code>void sendCount(Message msg)\r\n{\r\n    List&lt;CustomEmoji&gt; emojis = msg.getMentions().getCustomEmojis(); // distinct list, in order of appearance\r\n    Bag&lt;CustomEmoji&gt; count = msg.getMentions().getCustomEmojisBag();\r\n    StringBuilder content = new StringBuilder();\r\n    for (CustomEmoji emoji : emojis)\r\n    {\r\n        content.append(emojis.getName())\r\n               .append(\": \")\r\n               .append(count.getCount(emoji))\r\n               .append(\"\\n\");\r\n    }\r\n    msg.getChannel().sendMessage(content.toString()).queue();\r\n}\r\n</code></pre>\n</div>"
            ],
            "deprecationElement": null,
            "details": {
                "RETURNS": [
                    "<dd>\n <code>Bag</code> of used custom emojis\n</dd>"
                ],
                "SEE_ALSO": [
                    "<dd>\n <ul class=\"tag-list\">\n  <li><a href=\"#getCustomEmojis()\"><code>getCustomEmojis()</code></a></li>\n </ul>\n</dd>"
                ]
            },
            "seeAlso": {
                "references": [
                    {
                        "text": "getCustomEmojis()",
                        "link": "https://docs.jda.wiki/net/dv8tion/jda/api/entities/Mentions.html#getCustomEmojis()",
                        "targetType": "METHOD",
                        "fullSignature": "Mentions#getCustomEmojis()"
                    }
                ]
            }
        },
        "getRoles()": {
            "elementId": "getRoles()",
            "methodAnnotations": "@Nonnull",
            "methodName": "getRoles",
            "methodSignature": "@Nonnull @Unmodifiable List<Role> getRoles()",
            "parameters": [],
            "methodReturnType": "@Unmodifiable List<Role>",
            "isStatic": false,
            "descriptionElements": [
                "<div class=\"block\">\n An immutable list of all mentioned <a href=\"Role.html\" title=\"interface in net.dv8tion.jda.api.entities\"><code>Roles</code></a>.\n <br>\n If none were mentioned, this list is empty. Elements are sorted in order of appearance. This only counts direct mentions of the role and not mentions through everyone mentions.\n <p><b>This may include Roles from other <a href=\"Guild.html\" title=\"interface in net.dv8tion.jda.api.entities\"><code>Guilds</code></a></b></p>\n</div>"
            ],
            "deprecationElement": null,
            "details": {
                "RETURNS": [
                    "<dd>immutable list of mentioned Roles</dd>"
                ]
            },
            "seeAlso": null
        },
        "getChannelsBag()": {
            "elementId": "getChannelsBag()",
            "methodAnnotations": "@Nonnull",
            "methodName": "getChannelsBag",
            "methodSignature": "@Nonnull org.apache.commons.collections4.Bag<GuildChannel> getChannelsBag()",
            "parameters": [],
            "methodReturnType": "org.apache.commons.collections4.Bag<GuildChannel>",
            "isStatic": false,
            "descriptionElements": [
                "<div class=\"block\">\n A <code>Bag</code> of mentioned channels.\n <br>\n This can be used to retrieve the amount of times a channel was mentioned.\n <p><b>This may include GuildChannels from other <a href=\"Guild.html\" title=\"interface in net.dv8tion.jda.api.entities\"><code>Guilds</code></a></b></p>\n <p><b>Example</b>\n  <br></p>\n <pre><code>void sendCount(Message msg)\r\n{\r\n    Bag&lt;GuildChannel&gt; mentions = msg.getMentions().getChannelsBag();\r\n    StringBuilder content = new StringBuilder();\r\n    for (GuildChannel channel : mentions.uniqueSet())\r\n    {\r\n        content.append(\"#\")\r\n               .append(channel.getName())\r\n               .append(\": \")\r\n               .append(mentions.getCount(channel))\r\n               .append(\"\\n\");\r\n    }\r\n    msg.getChannel().sendMessage(content.toString()).queue();\r\n}\r\n</code></pre>\n</div>"
            ],
            "deprecationElement": null,
            "details": {
                "RETURNS": [
                    "<dd>\n <code>Bag</code> of mentioned channels\n</dd>"
                ],
                "SEE_ALSO": [
                    "<dd>\n <ul class=\"tag-list\">\n  <li><a href=\"#getChannels()\"><code>getChannels()</code></a></li>\n </ul>\n</dd>"
                ]
            },
            "seeAlso": {
                "references": [
                    {
                        "text": "getChannels()",
                        "link": "https://docs.jda.wiki/net/dv8tion/jda/api/entities/Mentions.html#getChannels()",
                        "targetType": "METHOD",
                        "fullSignature": "Mentions#getChannels()"
                    }
                ]
            }
        },
        "getSlashCommandsBag()": {
            "elementId": "getSlashCommandsBag()",
            "methodAnnotations": "@Nonnull",
            "methodName": "getSlashCommandsBag",
            "methodSignature": "@Nonnull org.apache.commons.collections4.Bag<SlashCommandReference> getSlashCommandsBag()",
            "parameters": [],
            "methodReturnType": "org.apache.commons.collections4.Bag<SlashCommandReference>",
            "isStatic": false,
            "descriptionElements": [
                "<div class=\"block\">\n A <code>Bag</code> of mentioned <a href=\"../interactions/commands/SlashCommandReference.html\" title=\"class in net.dv8tion.jda.api.interactions.commands\"><code>slash commands</code></a>.\n <br>\n This can be used to retrieve the amount of times a slash commands was mentioned.\n <p>Be aware these mentions could be mentioning a non-existent command</p>\n <p><b>Example</b>\n  <br></p>\n <pre><code>void sendCount(Message msg)\r\n{\r\n    List&lt;SlashCommandReference&gt; mentions = msg.getMentions().getSlashCommands(); // distinct list, in order of appearance\r\n    Bag&lt;SlashCommandReference&gt; count = msg.getMentions().getSlashCommandsBag();\r\n    StringBuilder content = new StringBuilder();\r\n    for (SlashCommandReference commandRef : mentions)\r\n    {\r\n        content.append(commandRef.getAsMention())\r\n               .append(\": \")\r\n               .append(count.getCount(commandRef))\r\n               .append(\"\\n\");\r\n    }\r\n    msg.getChannel().sendMessage(content.toString()).queue();\r\n}\r\n</code></pre>\n</div>"
            ],
            "deprecationElement": null,
            "details": {
                "RETURNS": [
                    "<dd>\n <code>Bag</code> of mentioned slash commands\n</dd>"
                ],
                "SEE_ALSO": [
                    "<dd>\n <ul class=\"tag-list\">\n  <li><a href=\"#getSlashCommands()\"><code>getSlashCommands()</code></a></li>\n </ul>\n</dd>"
                ]
            },
            "seeAlso": {
                "references": [
                    {
                        "text": "getSlashCommands()",
                        "link": "https://docs.jda.wiki/net/dv8tion/jda/api/entities/Mentions.html#getSlashCommands()",
                        "targetType": "METHOD",
                        "fullSignature": "Mentions#getSlashCommands()"
                    }
                ]
            }
        },
        "isMentioned(net.dv8tion.jda.api.entities.IMentionable,net.dv8tion.jda.api.entities.Message.MentionType...)": {
            "elementId": "isMentioned(net.dv8tion.jda.api.entities.IMentionable,net.dv8tion.jda.api.entities.Message.MentionType...)",
            "methodAnnotations": null,
            "methodName": "isMentioned",
            "methodSignature": "boolean isMentioned(@Nonnull IMentionable mentionable, @Nonnull Message.MentionType... types)",
            "parameters": [
                {
                    "annotations": [
                        "Nonnull"
                    ],
                    "type": "net.dv8tion.jda.api.entities.IMentionable",
                    "simpleType": "IMentionable",
                    "name": "mentionable"
                },
                {
                    "annotations": [
                        "Nonnull"
                    ],
                    "type": "net.dv8tion.jda.api.entities.Message.MentionType...",
                    "simpleType": "Message.MentionType...",
                    "name": "types"
                }
            ],
            "methodReturnType": "boolean",
            "isStatic": false,
            "descriptionElements": [
                "<div class=\"block\">\n Checks if given <a href=\"IMentionable.html\" title=\"interface in net.dv8tion.jda.api.entities\"><code>IMentionable</code></a> was mentioned in any way (@User, @everyone, @here, @Role).\n <br>\n If no filtering <a href=\"Message.MentionType.html\" title=\"enum in net.dv8tion.jda.api.entities\"><code>MentionTypes</code></a> are specified, all types are used.\n <p><a href=\"Message.MentionType.html#HERE\"><code>MentionType.HERE</code></a> and <a href=\"Message.MentionType.html#EVERYONE\"><code>MentionType.EVERYONE</code></a> will only be checked, if the given <a href=\"IMentionable.html\" title=\"interface in net.dv8tion.jda.api.entities\"><code>IMentionable</code></a> is of type <a href=\"User.html\" title=\"interface in net.dv8tion.jda.api.entities\"><code>User</code></a> or <a href=\"Member.html\" title=\"interface in net.dv8tion.jda.api.entities\"><code>Member</code></a>.\n  <br>\n  Online status of Users/Members is <b>NOT</b> considered when checking <a href=\"Message.MentionType.html#HERE\"><code>MentionType.HERE</code></a>.</p>\n</div>"
            ],
            "deprecationElement": null,
            "details": {
                "PARAMETERS": [
                    "<dd>\n <code>mentionable</code> - The mentionable entity to check on.\n</dd>",
                    "<dd>\n <code>types</code> - The types to include when checking whether this type was mentioned. This will be used with <a href=\"#getMentions(net.dv8tion.jda.api.entities.Message.MentionType...)\"><code>getMentions(MentionType...)</code></a>\n</dd>"
                ],
                "RETURNS": [
                    "<dd>True, if the given mentionable was mentioned in this message</dd>"
                ]
            },
            "seeAlso": null
        },
        "getUsers()": {
            "elementId": "getUsers()",
            "methodAnnotations": "@Nonnull",
            "methodName": "getUsers",
            "methodSignature": "@Nonnull @Unmodifiable List<User> getUsers()",
            "parameters": [],
            "methodReturnType": "@Unmodifiable List<User>",
            "isStatic": false,
            "descriptionElements": [
                "<div class=\"block\">\n An immutable list of all mentioned <a href=\"User.html\" title=\"interface in net.dv8tion.jda.api.entities\"><code>Users</code></a>.\n <br>\n If no user was mentioned, this list is empty. Elements are sorted in order of appearance. This only counts direct mentions of the user and not mentions through roles or everyone mentions.\n <p>This might also contain users which are not present in <a href=\"#getMembers()\"><code>getMembers()</code></a>.</p>\n</div>"
            ],
            "deprecationElement": null,
            "details": {
                "RETURNS": [
                    "<dd>Immutable list of mentioned users</dd>"
                ]
            },
            "seeAlso": null
        },
        "getSlashCommands()": {
            "elementId": "getSlashCommands()",
            "methodAnnotations": "@Nonnull",
            "methodName": "getSlashCommands",
            "methodSignature": "@Nonnull @Unmodifiable List<SlashCommandReference> getSlashCommands()",
            "parameters": [],
            "methodReturnType": "@Unmodifiable List<SlashCommandReference>",
            "isStatic": false,
            "descriptionElements": [
                "<div class=\"block\">\n An immutable list of all mentioned <a href=\"../interactions/commands/SlashCommandReference.html\" title=\"class in net.dv8tion.jda.api.interactions.commands\"><code>slash commands</code></a>.\n <br>\n If none were mentioned, this list is empty. Elements are sorted in order of appearance.\n <p>Be aware these mentions could be mentioning a non-existent command</p>\n</div>"
            ],
            "deprecationElement": null,
            "details": {
                "RETURNS": [
                    "<dd>Immutable list of mentioned slash commands, or an empty list</dd>"
                ]
            },
            "seeAlso": null
        },
        "getChannelsBag(java.lang.Class)": {
            "elementId": "getChannelsBag(java.lang.Class)",
            "methodAnnotations": "@Nonnull",
            "methodName": "getChannelsBag",
            "methodSignature": "@Nonnull <T extends GuildChannel> org.apache.commons.collections4.Bag<T> getChannelsBag(@Nonnull Class<T> clazz)",
            "parameters": [
                {
                    "annotations": [
                        "Nonnull"
                    ],
                    "type": "java.lang.Class",
                    "simpleType": "Class",
                    "name": "clazz"
                }
            ],
            "methodReturnType": "org.apache.commons.collections4.Bag<T>",
            "isStatic": false,
            "descriptionElements": [
                "<div class=\"block\">\n A <code>Bag</code> of mentioned channels of type <code>clazz</code>.\n <br>\n This can be used to retrieve the amount of times a channel was mentioned.\n <p><b>This may include GuildChannels from other <a href=\"Guild.html\" title=\"interface in net.dv8tion.jda.api.entities\"><code>Guilds</code></a></b></p>\n <p><b>Example</b>\n  <br></p>\n <pre><code>void sendCount(Message msg)\r\n{\r\n    Bag&lt;GuildMessageChannel&gt; mentions = msg.getMentions().getChannelsBag(GuildMessageChannel.class);\r\n    StringBuilder content = new StringBuilder();\r\n    for (GuildMessageChannel channel : mentions.uniqueSet())\r\n    {\r\n        content.append(\"#\")\r\n               .append(channel.getName())\r\n               .append(\": \")\r\n               .append(mentions.getCount(channel))\r\n               .append(\"\\n\");\r\n    }\r\n    msg.getChannel().sendMessage(content.toString()).queue();\r\n}\r\n</code></pre>\n</div>"
            ],
            "deprecationElement": null,
            "details": {
                "PARAMETERS": [
                    "<dd>\n <code>clazz</code> - The <a href=\"channel/middleman/GuildChannel.html\" title=\"interface in net.dv8tion.jda.api.entities.channel.middleman\"><code>GuildChannel</code></a> sub-class <a href=\"https://docs.oracle.com/javase/8/docs/api/java/lang/Class.html\" title=\"class or interface in java.lang\" class=\"external-link\"><code>class object</code></a> of the type of channel desired\n</dd>"
                ],
                "RETURNS": [
                    "<dd>\n <code>Bag</code> of mentioned channels of type <code>clazz</code>\n</dd>"
                ],
                "SEE_ALSO": [
                    "<dd>\n <ul class=\"tag-list\">\n  <li><a href=\"#getChannels(java.lang.Class)\"><code>getChannels(Class)</code></a></li>\n </ul>\n</dd>"
                ],
                "THROWS": [
                    "<dd>\n <code><a href=\"https://docs.oracle.com/javase/8/docs/api/java/lang/IllegalArgumentException.html\" title=\"class or interface in java.lang\" class=\"external-link\">IllegalArgumentException</a></code> - If <code>clazz</code> is <code>null</code>\n</dd>"
                ]
            },
            "seeAlso": {
                "references": [
                    {
                        "text": "getChannels(Class)",
                        "link": "https://docs.jda.wiki/net/dv8tion/jda/api/entities/Mentions.html#getChannels(java.lang.Class)",
                        "targetType": "METHOD",
                        "fullSignature": "Mentions#getChannels(Class)"
                    }
                ]
            }
        }
    },
    "fields": {}
}