{
    "classNameFqcn": "net.dv8tion.jda.api.entities.MessageReference.MessageReferenceType",
    "descriptionElements": [
        "<div class=\"block\">The type of message reference</div>"
    ],
    "deprecationElement": null,
    "details": {
        "ALL_IMPLEMENTED_INTERFACES": [
            "<dd>\n <code><a href=\"https://docs.oracle.com/javase/8/docs/api/java/io/Serializable.html\" title=\"class or interface in java.io\" class=\"external-link\">Serializable</a>, <a href=\"https://docs.oracle.com/javase/8/docs/api/java/lang/Comparable.html\" title=\"class or interface in java.lang\" class=\"external-link\">Comparable</a>&lt;<a href=\"MessageReference.MessageReferenceType.html\" title=\"enum in net.dv8tion.jda.api.entities\">MessageReference.MessageReferenceType</a>&gt;</code>\n</dd>"
        ],
        "ENCLOSING_CLASS": [
            "<dd>\n <code><a href=\"MessageReference.html\" title=\"class in net.dv8tion.jda.api.entities\">MessageReference</a></code>\n</dd>"
        ]
    },
    "seeAlso": null,
    "methods": {
        "values()": {
            "elementId": "values()",
            "methodAnnotations": null,
            "methodName": "values",
            "methodSignature": "public static MessageReference.MessageReferenceType[] values()",
            "parameters": [],
            "methodReturnType": "MessageReference.MessageReferenceType[]",
            "isStatic": true,
            "descriptionElements": [
                "<div class=\"block\">Returns an array containing the constants of this enum type, in the order they are declared.</div>"
            ],
            "deprecationElement": null,
            "details": {
                "RETURNS": [
                    "<dd>an array containing the constants of this enum type, in the order they are declared</dd>"
                ]
            },
            "seeAlso": null
        },
        "valueOf(java.lang.String)": {
            "elementId": "valueOf(java.lang.String)",
            "methodAnnotations": null,
            "methodName": "valueOf",
            "methodSignature": "public static MessageReference.MessageReferenceType valueOf(String name)",
            "parameters": [
                {
                    "annotations": [],
                    "type": "java.lang.String",
                    "simpleType": "String",
                    "name": "name"
                }
            ],
            "methodReturnType": "MessageReference.MessageReferenceType",
            "isStatic": true,
            "descriptionElements": [
                "<div class=\"block\">\n Returns the enum constant of this type with the specified name. The string must match <i>exactly</i> an identifier used to declare an enum constant in this type. (Extraneous whitespace characters are not permitted.)\n</div>"
            ],
            "deprecationElement": null,
            "details": {
                "PARAMETERS": [
                    "<dd>\n <code>name</code> - the name of the enum constant to be returned.\n</dd>"
                ],
                "RETURNS": [
                    "<dd>the enum constant with the specified name</dd>"
                ],
                "THROWS": [
                    "<dd>\n <code><a href=\"https://docs.oracle.com/javase/8/docs/api/java/lang/IllegalArgumentException.html\" title=\"class or interface in java.lang\" class=\"external-link\">IllegalArgumentException</a></code> - if this enum type has no constant with the specified name\n</dd>",
                    "<dd>\n <code><a href=\"https://docs.oracle.com/javase/8/docs/api/java/lang/NullPointerException.html\" title=\"class or interface in java.lang\" class=\"external-link\">NullPointerException</a></code> - if the argument is null\n</dd>"
                ]
            },
            "seeAlso": null
        },
        "getId()": {
            "elementId": "getId()",
            "methodAnnotations": null,
            "methodName": "getId",
            "methodSignature": "public int getId()",
            "parameters": [],
            "methodReturnType": "int",
            "isStatic": false,
            "descriptionElements": [
                "<div class=\"block\">The raw type id used in the API.</div>"
            ],
            "deprecationElement": null,
            "details": {
                "RETURNS": [
                    "<dd>The raw type id</dd>"
                ]
            },
            "seeAlso": null
        },
        "fromId(int)": {
            "elementId": "fromId(int)",
            "methodAnnotations": "@Nonnull",
            "methodName": "fromId",
            "methodSignature": "@Nonnull public static MessageReference.MessageReferenceType fromId(int id)",
            "parameters": [
                {
                    "annotations": [],
                    "type": "int",
                    "simpleType": "int",
                    "name": "id"
                }
            ],
            "methodReturnType": "MessageReference.MessageReferenceType",
            "isStatic": true,
            "descriptionElements": [
                "<div class=\"block\">Convert the raw type id to the message reference type enum</div>"
            ],
            "deprecationElement": null,
            "details": {
                "PARAMETERS": [
                    "<dd>\n <code>id</code> - Raw type id\n</dd>"
                ],
                "RETURNS": [
                    "<dd>\n Enum constant of the reference type or <a href=\"#UNKNOWN\"><code>UNKNOWN</code></a>\n</dd>"
                ]
            },
            "seeAlso": null
        }
    },
    "fields": {
        "FORWARD": {
            "elementId": "FORWARD",
            "fieldName": "FORWARD",
            "fieldType": "MessageReference.MessageReferenceType",
            "fieldValue": null,
            "descriptionElements": [
                "<div class=\"block\">This message reference indicates a forwarded message</div>"
            ],
            "deprecationElement": null,
            "modifiers": "public static final"
        },
        "UNKNOWN": {
            "elementId": "UNKNOWN",
            "fieldName": "UNKNOWN",
            "fieldType": "MessageReference.MessageReferenceType",
            "fieldValue": null,
            "descriptionElements": [],
            "deprecationElement": null,
            "modifiers": "public static final"
        },
        "DEFAULT": {
            "elementId": "DEFAULT",
            "fieldName": "DEFAULT",
            "fieldType": "MessageReference.MessageReferenceType",
            "fieldValue": null,
            "descriptionElements": [
                "<div class=\"block\">This message reference indicates a replied to message</div>"
            ],
            "deprecationElement": null,
            "modifiers": "public static final"
        }
    }
}