{
    "classNameFqcn": "net.dv8tion.jda.api.entities.MessageActivity",
    "descriptionElements": [
        "<div class=\"block\">\n Represents a <a href=\"Message.html\" title=\"interface in net.dv8tion.jda.api.entities\"><code>Message</code></a> activity.\n</div>"
    ],
    "deprecationElement": null,
    "details": {
        "SEE_ALSO": [
            "<dd>\n <ul class=\"tag-list\">\n  <li><a href=\"Message.html#getActivity()\"><code>Message.getActivity()</code></a></li>\n </ul>\n</dd>"
        ]
    },
    "seeAlso": {
        "references": [
            {
                "text": "Message#getActivity()",
                "link": "https://docs.jda.wiki/net/dv8tion/jda/api/entities/Message.html#getActivity()",
                "targetType": "METHOD",
                "fullSignature": "Message#getActivity()"
            }
        ]
    },
    "methods": {
        "<init>(net.dv8tion.jda.api.entities.MessageActivity.ActivityType,java.lang.String,net.dv8tion.jda.api.entities.MessageActivity.Application)": {
            "elementId": "<init>(net.dv8tion.jda.api.entities.MessageActivity.ActivityType,java.lang.String,net.dv8tion.jda.api.entities.MessageActivity.Application)",
            "methodAnnotations": null,
            "methodName": "MessageActivity",
            "methodSignature": "public MessageActivity(MessageActivity.ActivityType type, String partyId, MessageActivity.Application application)",
            "parameters": [
                {
                    "annotations": [],
                    "type": "net.dv8tion.jda.api.entities.MessageActivity.ActivityType",
                    "simpleType": "MessageActivity.ActivityType",
                    "name": "type"
                },
                {
                    "annotations": [],
                    "type": "java.lang.String",
                    "simpleType": "String",
                    "name": "partyId"
                },
                {
                    "annotations": [],
                    "type": "net.dv8tion.jda.api.entities.MessageActivity.Application",
                    "simpleType": "MessageActivity.Application",
                    "name": "application"
                }
            ],
            "methodReturnType": "MessageActivity",
            "isStatic": false,
            "descriptionElements": [],
            "deprecationElement": null,
            "details": {},
            "seeAlso": null
        },
        "getType()": {
            "elementId": "getType()",
            "methodAnnotations": "@Nonnull",
            "methodName": "getType",
            "methodSignature": "@Nonnull public MessageActivity.ActivityType getType()",
            "parameters": [],
            "methodReturnType": "MessageActivity.ActivityType",
            "isStatic": false,
            "descriptionElements": [
                "<div class=\"block\">\n The current <a href=\"MessageActivity.ActivityType.html\" title=\"enum in net.dv8tion.jda.api.entities\"><code>ActivityType</code></a>\n</div>"
            ],
            "deprecationElement": null,
            "details": {
                "RETURNS": [
                    "<dd>\n the type of the activity, or <a href=\"MessageActivity.ActivityType.html#UNKNOWN\"><code>UNKNOWN</code></a>\n</dd>"
                ]
            },
            "seeAlso": null
        },
        "getPartyId()": {
            "elementId": "getPartyId()",
            "methodAnnotations": "@Nullable",
            "methodName": "getPartyId",
            "methodSignature": "@Nullable public String getPartyId()",
            "parameters": [],
            "methodReturnType": "String",
            "isStatic": false,
            "descriptionElements": [
                "<div class=\"block\">\n The party id discord uses internally, it may be <code>null</code>.\n</div>"
            ],
            "deprecationElement": null,
            "details": {
                "RETURNS": [
                    "<dd>Possibly-null party id</dd>"
                ]
            },
            "seeAlso": null
        },
        "getApplication()": {
            "elementId": "getApplication()",
            "methodAnnotations": "@Nullable",
            "methodName": "getApplication",
            "methodSignature": "@Nullable public MessageActivity.Application getApplication()",
            "parameters": [],
            "methodReturnType": "MessageActivity.Application",
            "isStatic": false,
            "descriptionElements": [
                "<div class=\"block\">\n The <a href=\"MessageActivity.Application.html\" title=\"class in net.dv8tion.jda.api.entities\"><code>Application</code></a> this <a href=\"MessageActivity.html\" title=\"class in net.dv8tion.jda.api.entities\"><code>MessageActivity</code></a> may have.\n</div>"
            ],
            "deprecationElement": null,
            "details": {
                "RETURNS": [
                    "<dd>\n A possibly-null <a href=\"MessageActivity.Application.html\" title=\"class in net.dv8tion.jda.api.entities\"><code>MessageActivity.Application</code></a>\n</dd>"
                ]
            },
            "seeAlso": null
        }
    },
    "fields": {}
}