{
    "classNameFqcn": "net.dv8tion.jda.api.entities.MessageReaction.ReactionType",
    "descriptionElements": [
        "<div class=\"block\">\n Type of reaction.\n</div>"
    ],
    "deprecationElement": null,
    "details": {
        "ALL_IMPLEMENTED_INTERFACES": [
            "<dd>\n <code><a href=\"https://docs.oracle.com/javase/8/docs/api/java/io/Serializable.html\" title=\"class or interface in java.io\" class=\"external-link\">Serializable</a></code>, <code><a href=\"https://docs.oracle.com/javase/8/docs/api/java/lang/Comparable.html\" title=\"class or interface in java.lang\" class=\"external-link\">Comparable</a>&lt;<a href=\"MessageReaction.ReactionType.html\" title=\"enum in net.dv8tion.jda.api.entities\">MessageReaction.ReactionType</a>&gt;</code>\n</dd>"
        ],
        "ENCLOSING_CLASS": [
            "<dd>\n <a href=\"MessageReaction.html\" title=\"class in net.dv8tion.jda.api.entities\">MessageReaction</a>\n</dd>"
        ]
    },
    "seeAlso": null,
    "methods": {
        "values()": {
            "elementId": "values()",
            "methodAnnotations": null,
            "methodName": "values",
            "methodSignature": "public static MessageReaction.ReactionType[] values()",
            "parameters": [],
            "methodReturnType": "MessageReaction.ReactionType[]",
            "isStatic": true,
            "descriptionElements": [
                "<div class=\"block\">\n Returns an array containing the constants of this enum type, in the order they are declared.\n</div>"
            ],
            "deprecationElement": null,
            "details": {
                "RETURNS": [
                    "<dd>\n an array containing the constants of this enum type, in the order they are declared\n</dd>"
                ]
            },
            "seeAlso": null
        },
        "valueOf(java.lang.String)": {
            "elementId": "valueOf(java.lang.String)",
            "methodAnnotations": null,
            "methodName": "valueOf",
            "methodSignature": "public static MessageReaction.ReactionType valueOf(String name)",
            "parameters": [
                {
                    "annotations": [],
                    "type": "java.lang.String",
                    "simpleType": "String",
                    "name": "name"
                }
            ],
            "methodReturnType": "MessageReaction.ReactionType",
            "isStatic": true,
            "descriptionElements": [
                "<div class=\"block\">\n Returns the enum constant of this type with the specified name. The string must match <i>exactly</i> an identifier used to declare an enum constant in this type. (Extraneous whitespace characters are not permitted.)\n</div>"
            ],
            "deprecationElement": null,
            "details": {
                "PARAMETERS": [
                    "<dd>\n <code>name</code> - the name of the enum constant to be returned.\n</dd>"
                ],
                "RETURNS": [
                    "<dd>\n the enum constant with the specified name\n</dd>"
                ],
                "THROWS": [
                    "<dd>\n <code><a href=\"https://docs.oracle.com/javase/8/docs/api/java/lang/IllegalArgumentException.html\" title=\"class or interface in java.lang\" class=\"external-link\">IllegalArgumentException</a></code> - if this enum type has no constant with the specified name\n</dd>",
                    "<dd>\n <code><a href=\"https://docs.oracle.com/javase/8/docs/api/java/lang/NullPointerException.html\" title=\"class or interface in java.lang\" class=\"external-link\">NullPointerException</a></code> - if the argument is null\n</dd>"
                ]
            },
            "seeAlso": null
        },
        "getId()": {
            "elementId": "getId()",
            "methodAnnotations": null,
            "methodName": "getId",
            "methodSignature": "public int getId()",
            "parameters": [],
            "methodReturnType": "int",
            "isStatic": false,
            "descriptionElements": [
                "<div class=\"block\">\n The id used to represent this type in requests.\n</div>"
            ],
            "deprecationElement": null,
            "details": {
                "RETURNS": [
                    "<dd>\n The raw id value\n</dd>"
                ]
            },
            "seeAlso": null
        }
    },
    "fields": {
        "SUPER": {
            "elementId": "SUPER",
            "fieldName": "SUPER",
            "fieldType": "MessageReaction.ReactionType",
            "fieldValue": null,
            "descriptionElements": [],
            "deprecationElement": null,
            "modifiers": "public static final"
        },
        "NORMAL": {
            "elementId": "NORMAL",
            "fieldName": "NORMAL",
            "fieldType": "MessageReaction.ReactionType",
            "fieldValue": null,
            "descriptionElements": [],
            "deprecationElement": null,
            "modifiers": "public static final"
        }
    }
}