{
    "classNameFqcn": "net.dv8tion.jda.api.entities.MessageEmbed",
    "descriptionElements": [
        "<div class=\"block\">\n Represents an embed displayed by Discord.\n <br>\n A visual representation of an Embed can be found at: <a href=\"https://raw.githubusercontent.com/discord-jda/JDA/assets/assets/docs/embeds/01-Overview.png\" target=\"_blank\">Embed Overview</a>\n <br>\n This class has many possibilities for null values, so be careful!\n</div>"
    ],
    "deprecationElement": null,
    "details": {
        "SEE_ALSO": [
            "<dd>\n <ul class=\"tag-list\">\n  <li><a href=\"../EmbedBuilder.html\" title=\"class in net.dv8tion.jda.api\"><code>EmbedBuilder</code></a></li>\n  <li><a href=\"Message.html#getEmbeds()\"><code>Message.getEmbeds()</code></a></li>\n </ul>\n</dd>"
        ],
        "ALL_IMPLEMENTED_INTERFACES": [
            "<dd>\n <code><a href=\"../utils/data/SerializableData.html\" title=\"interface in net.dv8tion.jda.api.utils.data\">SerializableData</a></code>\n</dd>"
        ]
    },
    "seeAlso": {
        "references": [
            {
                "text": "EmbedBuilder",
                "link": "https://docs.jda.wiki/net/dv8tion/jda/api/EmbedBuilder.html",
                "targetType": "CLASS",
                "fullSignature": "EmbedBuilder"
            },
            {
                "text": "Message#getEmbeds()",
                "link": "https://docs.jda.wiki/net/dv8tion/jda/api/entities/Message.html#getEmbeds()",
                "targetType": "METHOD",
                "fullSignature": "Message#getEmbeds()"
            }
        ]
    },
    "methods": {
        "<init>(java.lang.String,java.lang.String,java.lang.String,net.dv8tion.jda.api.entities.EmbedType,java.time.OffsetDateTime,int,net.dv8tion.jda.api.entities.MessageEmbed.Thumbnail,net.dv8tion.jda.api.entities.MessageEmbed.Provider,net.dv8tion.jda.api.entities.MessageEmbed.AuthorInfo,net.dv8tion.jda.api.entities.MessageEmbed.VideoInfo,net.dv8tion.jda.api.entities.MessageEmbed.Footer,net.dv8tion.jda.api.entities.MessageEmbed.ImageInfo,java.util.List)": {
            "elementId": "<init>(java.lang.String,java.lang.String,java.lang.String,net.dv8tion.jda.api.entities.EmbedType,java.time.OffsetDateTime,int,net.dv8tion.jda.api.entities.MessageEmbed.Thumbnail,net.dv8tion.jda.api.entities.MessageEmbed.Provider,net.dv8tion.jda.api.entities.MessageEmbed.AuthorInfo,net.dv8tion.jda.api.entities.MessageEmbed.VideoInfo,net.dv8tion.jda.api.entities.MessageEmbed.Footer,net.dv8tion.jda.api.entities.MessageEmbed.ImageInfo,java.util.List)",
            "methodAnnotations": null,
            "methodName": "MessageEmbed",
            "methodSignature": "public MessageEmbed(String url, String title, String description, EmbedType type, OffsetDateTime timestamp, int color, MessageEmbed.Thumbnail thumbnail, MessageEmbed.Provider siteProvider, MessageEmbed.AuthorInfo author, MessageEmbed.VideoInfo videoInfo, MessageEmbed.Footer footer, MessageEmbed.ImageInfo image, List<MessageEmbed.Field> fields)",
            "parameters": [
                {
                    "annotations": [],
                    "type": "java.lang.String",
                    "simpleType": "String",
                    "name": "url"
                },
                {
                    "annotations": [],
                    "type": "java.lang.String",
                    "simpleType": "String",
                    "name": "title"
                },
                {
                    "annotations": [],
                    "type": "java.lang.String",
                    "simpleType": "String",
                    "name": "description"
                },
                {
                    "annotations": [],
                    "type": "net.dv8tion.jda.api.entities.EmbedType",
                    "simpleType": "EmbedType",
                    "name": "type"
                },
                {
                    "annotations": [],
                    "type": "java.time.OffsetDateTime",
                    "simpleType": "OffsetDateTime",
                    "name": "timestamp"
                },
                {
                    "annotations": [],
                    "type": "int",
                    "simpleType": "int",
                    "name": "color"
                },
                {
                    "annotations": [],
                    "type": "net.dv8tion.jda.api.entities.MessageEmbed.Thumbnail",
                    "simpleType": "MessageEmbed.Thumbnail",
                    "name": "thumbnail"
                },
                {
                    "annotations": [],
                    "type": "net.dv8tion.jda.api.entities.MessageEmbed.Provider",
                    "simpleType": "MessageEmbed.Provider",
                    "name": "siteProvider"
                },
                {
                    "annotations": [],
                    "type": "net.dv8tion.jda.api.entities.MessageEmbed.AuthorInfo",
                    "simpleType": "MessageEmbed.AuthorInfo",
                    "name": "author"
                },
                {
                    "annotations": [],
                    "type": "net.dv8tion.jda.api.entities.MessageEmbed.VideoInfo",
                    "simpleType": "MessageEmbed.VideoInfo",
                    "name": "videoInfo"
                },
                {
                    "annotations": [],
                    "type": "net.dv8tion.jda.api.entities.MessageEmbed.Footer",
                    "simpleType": "MessageEmbed.Footer",
                    "name": "footer"
                },
                {
                    "annotations": [],
                    "type": "net.dv8tion.jda.api.entities.MessageEmbed.ImageInfo",
                    "simpleType": "MessageEmbed.ImageInfo",
                    "name": "image"
                },
                {
                    "annotations": [],
                    "type": "java.util.List",
                    "simpleType": "List",
                    "name": "fields"
                }
            ],
            "methodReturnType": "MessageEmbed",
            "isStatic": false,
            "descriptionElements": [],
            "deprecationElement": null,
            "details": {},
            "seeAlso": null
        },
        "getTitle()": {
            "elementId": "getTitle()",
            "methodAnnotations": "@Nullable",
            "methodName": "getTitle",
            "methodSignature": "@Nullable public String getTitle()",
            "parameters": [],
            "methodReturnType": "String",
            "isStatic": false,
            "descriptionElements": [
                "<div class=\"block\">\n The title of the embed. Typically this will be the html title of the webpage that is being embedded.\n <br>\n If no title could be found, like the case of <a href=\"EmbedType.html\" title=\"enum in net.dv8tion.jda.api.entities\"><code>EmbedType</code></a> = <a href=\"EmbedType.html#IMAGE\"><code>IMAGE</code></a>, this method will return null.\n</div>"
            ],
            "deprecationElement": null,
            "details": {
                "RETURNS": [
                    "<dd>Possibly-null String containing the title of the embedded resource.</dd>"
                ]
            },
            "seeAlso": null
        },
        "getVideoInfo()": {
            "elementId": "getVideoInfo()",
            "methodAnnotations": "@Nullable",
            "methodName": "getVideoInfo",
            "methodSignature": "@Nullable public MessageEmbed.VideoInfo getVideoInfo()",
            "parameters": [],
            "methodReturnType": "MessageEmbed.VideoInfo",
            "isStatic": false,
            "descriptionElements": [
                "<div class=\"block\">\n The information about the video which should be displayed as an embed.\n <br>\n This is used when sites with HTML5 players are linked and embedded. Most commonly Youtube.\n <br>\n If this <a href=\"EmbedType.html\" title=\"enum in net.dv8tion.jda.api.entities\"><code>EmbedType</code></a> != <a href=\"EmbedType.html#VIDEO\"><code>VIDEO</code></a> this will always return null.\n</div>"
            ],
            "deprecationElement": null,
            "details": {
                "RETURNS": [
                    "<dd>\n Possibly-null <a href=\"MessageEmbed.VideoInfo.html\" title=\"class in net.dv8tion.jda.api.entities\"><code>VideoInfo</code></a> containing the information about the video which should be embedded.\n</dd>"
                ]
            },
            "seeAlso": null
        },
        "getDescription()": {
            "elementId": "getDescription()",
            "methodAnnotations": "@Nullable",
            "methodName": "getDescription",
            "methodSignature": "@Nullable public String getDescription()",
            "parameters": [],
            "methodReturnType": "String",
            "isStatic": false,
            "descriptionElements": [
                "<div class=\"block\">\n The description of the embedded resource.\n <br>\n This is provided only if Discord could find a description for the embedded resource using the provided url.\n <br>\n Commonly, this is null. Be careful when using it.\n</div>"
            ],
            "deprecationElement": null,
            "details": {
                "RETURNS": [
                    "<dd>Possibly-null String containing a description of the embedded resource.</dd>"
                ]
            },
            "seeAlso": null
        },
        "getThumbnail()": {
            "elementId": "getThumbnail()",
            "methodAnnotations": "@Nullable",
            "methodName": "getThumbnail",
            "methodSignature": "@Nullable public MessageEmbed.Thumbnail getThumbnail()",
            "parameters": [],
            "methodReturnType": "MessageEmbed.Thumbnail",
            "isStatic": false,
            "descriptionElements": [
                "<div class=\"block\">\n The information about the <a href=\"MessageEmbed.Thumbnail.html\" title=\"class in net.dv8tion.jda.api.entities\"><code>Thumbnail</code></a> image to be displayed with the embed.\n <br>\n If a <a href=\"MessageEmbed.Thumbnail.html\" title=\"class in net.dv8tion.jda.api.entities\"><code>Thumbnail</code></a> was not part of this embed, this returns null.\n</div>"
            ],
            "deprecationElement": null,
            "details": {
                "RETURNS": [
                    "<dd>\n Possibly-null <a href=\"MessageEmbed.Thumbnail.html\" title=\"class in net.dv8tion.jda.api.entities\"><code>Thumbnail</code></a> instance containing general information on the displayable thumbnail.\n</dd>"
                ]
            },
            "seeAlso": null
        },
        "isEmpty()": {
            "elementId": "isEmpty()",
            "methodAnnotations": null,
            "methodName": "isEmpty",
            "methodSignature": "public boolean isEmpty()",
            "parameters": [],
            "methodReturnType": "boolean",
            "isStatic": false,
            "descriptionElements": [
                "<div class=\"block\">Whether this embed is empty.</div>"
            ],
            "deprecationElement": null,
            "details": {
                "RETURNS": [
                    "<dd>True, if this embed has no content</dd>"
                ]
            },
            "seeAlso": null
        },
        "getImage()": {
            "elementId": "getImage()",
            "methodAnnotations": "@Nullable",
            "methodName": "getImage",
            "methodSignature": "@Nullable public MessageEmbed.ImageInfo getImage()",
            "parameters": [],
            "methodReturnType": "MessageEmbed.ImageInfo",
            "isStatic": false,
            "descriptionElements": [
                "<div class=\"block\">The information about the image in the message embed</div>"
            ],
            "deprecationElement": null,
            "details": {
                "RETURNS": [
                    "<dd>\n Possibly-null <a href=\"MessageEmbed.ImageInfo.html\" title=\"class in net.dv8tion.jda.api.entities\"><code>ImageInfo</code></a> containing image information.\n</dd>"
                ]
            },
            "seeAlso": null
        },
        "getAuthor()": {
            "elementId": "getAuthor()",
            "methodAnnotations": "@Nullable",
            "methodName": "getAuthor",
            "methodSignature": "@Nullable public MessageEmbed.AuthorInfo getAuthor()",
            "parameters": [],
            "methodReturnType": "MessageEmbed.AuthorInfo",
            "isStatic": false,
            "descriptionElements": [
                "<div class=\"block\">\n The information on the creator of the embedded content.\n <br>\n This is typically used to represent the account on the providing site.\n</div>"
            ],
            "deprecationElement": null,
            "details": {
                "RETURNS": [
                    "<dd>\n Possibly-null <a href=\"MessageEmbed.AuthorInfo.html\" title=\"class in net.dv8tion.jda.api.entities\"><code>AuthorInfo</code></a> containing author information.\n</dd>"
                ]
            },
            "seeAlso": null
        },
        "getColor()": {
            "elementId": "getColor()",
            "methodAnnotations": "@Nullable",
            "methodName": "getColor",
            "methodSignature": "@Nullable public Color getColor()",
            "parameters": [],
            "methodReturnType": "Color",
            "isStatic": false,
            "descriptionElements": [
                "<div class=\"block\">\n The color of the stripe on the side of the embed.\n <br>\n If the color is 0 (no color), this will return null.\n</div>"
            ],
            "deprecationElement": null,
            "details": {
                "RETURNS": [
                    "<dd>Possibly-null Color.</dd>"
                ]
            },
            "seeAlso": null
        },
        "getFields()": {
            "elementId": "getFields()",
            "methodAnnotations": "@Nonnull",
            "methodName": "getFields",
            "methodSignature": "@Nonnull public @Unmodifiable List<MessageEmbed.Field> getFields()",
            "parameters": [],
            "methodReturnType": "@Unmodifiable List<MessageEmbed.Field>",
            "isStatic": false,
            "descriptionElements": [
                "<div class=\"block\">\n The fields in a message embed.\n <br>\n Message embeds can contain multiple fields, each with a name, value, and a boolean to determine if it will fall in-line with other fields. If the embed contains no fields, an empty list will be returned.\n</div>"
            ],
            "deprecationElement": null,
            "details": {
                "RETURNS": [
                    "<dd>\n Never-null (but possibly empty) immutable List of <a href=\"MessageEmbed.Field.html\" title=\"class in net.dv8tion.jda.api.entities\"><code>Field</code></a> objects containing field information.\n</dd>"
                ]
            },
            "seeAlso": null
        },
        "getSiteProvider()": {
            "elementId": "getSiteProvider()",
            "methodAnnotations": "@Nullable",
            "methodName": "getSiteProvider",
            "methodSignature": "@Nullable public MessageEmbed.Provider getSiteProvider()",
            "parameters": [],
            "methodReturnType": "MessageEmbed.Provider",
            "isStatic": false,
            "descriptionElements": [
                "<div class=\"block\">\n The information on site from which the embed was generated from.\n <br>\n If Discord did not generate any deliverable information about the site, this returns null.\n</div>"
            ],
            "deprecationElement": null,
            "details": {
                "RETURNS": [
                    "<dd>\n Possibly-null <a href=\"MessageEmbed.Provider.html\" title=\"class in net.dv8tion.jda.api.entities\"><code>Provider</code></a> containing site information.\n</dd>"
                ]
            },
            "seeAlso": null
        },
        "getFooter()": {
            "elementId": "getFooter()",
            "methodAnnotations": "@Nullable",
            "methodName": "getFooter",
            "methodSignature": "@Nullable public MessageEmbed.Footer getFooter()",
            "parameters": [],
            "methodReturnType": "MessageEmbed.Footer",
            "isStatic": false,
            "descriptionElements": [
                "<div class=\"block\">\n The footer (bottom) of the embedded content.\n <br>\n This is typically used for timestamps or site icons.\n</div>"
            ],
            "deprecationElement": null,
            "details": {
                "RETURNS": [
                    "<dd>\n Possibly-null <a href=\"MessageEmbed.Footer.html\" title=\"class in net.dv8tion.jda.api.entities\"><code>Footer</code></a> containing the embed footer content.\n</dd>"
                ]
            },
            "seeAlso": null
        },
        "toData()": {
            "elementId": "toData()",
            "methodAnnotations": "@Nonnull",
            "methodName": "toData",
            "methodSignature": "@Nonnull public DataObject toData()",
            "parameters": [],
            "methodReturnType": "DataObject",
            "isStatic": false,
            "descriptionElements": [
                "<div class=\"block\">\n Creates a new <a href=\"../utils/data/DataObject.html\" title=\"class in net.dv8tion.jda.api.utils.data\"><code>DataObject</code></a> used for sending.\n</div>"
            ],
            "deprecationElement": null,
            "details": {
                "RETURNS": [
                    "<dd>JSONObject for this embed</dd>"
                ],
                "SPECIFIED_BY": [
                    "<dd>\n <code><a href=\"../utils/data/SerializableData.html#toData()\">toData</a></code>&nbsp;in interface&nbsp;<code><a href=\"../utils/data/SerializableData.html\" title=\"interface in net.dv8tion.jda.api.utils.data\">SerializableData</a></code>\n</dd>"
                ]
            },
            "seeAlso": null
        },
        "getType()": {
            "elementId": "getType()",
            "methodAnnotations": "@Nonnull",
            "methodName": "getType",
            "methodSignature": "@Nonnull public EmbedType getType()",
            "parameters": [],
            "methodReturnType": "EmbedType",
            "isStatic": false,
            "descriptionElements": [
                "<div class=\"block\">\n The <a href=\"EmbedType.html\" title=\"enum in net.dv8tion.jda.api.entities\"><code>EmbedType</code></a> of this embed.\n</div>"
            ],
            "deprecationElement": null,
            "details": {
                "RETURNS": [
                    "<dd>\n The <a href=\"EmbedType.html\" title=\"enum in net.dv8tion.jda.api.entities\"><code>EmbedType</code></a> of this embed.\n</dd>"
                ]
            },
            "seeAlso": null
        },
        "getTimestamp()": {
            "elementId": "getTimestamp()",
            "methodAnnotations": "@Nullable",
            "methodName": "getTimestamp",
            "methodSignature": "@Nullable public OffsetDateTime getTimestamp()",
            "parameters": [],
            "methodReturnType": "OffsetDateTime",
            "isStatic": false,
            "descriptionElements": [
                "<div class=\"block\">The timestamp of the embed.</div>"
            ],
            "deprecationElement": null,
            "details": {
                "RETURNS": [
                    "<dd>Possibly-null OffsetDateTime object representing the timestamp.</dd>"
                ]
            },
            "seeAlso": null
        },
        "getLength()": {
            "elementId": "getLength()",
            "methodAnnotations": null,
            "methodName": "getLength",
            "methodSignature": "public int getLength()",
            "parameters": [],
            "methodReturnType": "int",
            "isStatic": false,
            "descriptionElements": [
                "<div class=\"block\">\n The total amount of characters that is displayed when this embed is displayed by the Discord client.\n <p>The total character limit is defined by <a href=\"#EMBED_MAX_LENGTH_BOT\"><code>EMBED_MAX_LENGTH_BOT</code></a> as <a href=\"#EMBED_MAX_LENGTH_BOT\">6000</a>.</p>\n</div>"
            ],
            "deprecationElement": null,
            "details": {
                "RETURNS": [
                    "<dd>A never-negative sum of all displayed text characters.</dd>"
                ]
            },
            "seeAlso": null
        },
        "getUrl()": {
            "elementId": "getUrl()",
            "methodAnnotations": "@Nullable",
            "methodName": "getUrl",
            "methodSignature": "@Nullable public String getUrl()",
            "parameters": [],
            "methodReturnType": "String",
            "isStatic": false,
            "descriptionElements": [
                "<div class=\"block\">\n The url that was originally placed into chat that spawned this embed.\n <br>\n <b>This will return the <a href=\"#getTitle()\"><code>title url</code></a> if the <a href=\"#getType()\"><code>type</code></a> of this embed is <a href=\"EmbedType.html#RICH\"><code>RICH</code></a>.</b>\n</div>"
            ],
            "deprecationElement": null,
            "details": {
                "RETURNS": [
                    "<dd>Possibly-null String containing the link that spawned this embed or the title url</dd>"
                ]
            },
            "seeAlso": null
        },
        "isSendable()": {
            "elementId": "isSendable()",
            "methodAnnotations": null,
            "methodName": "isSendable",
            "methodSignature": "public boolean isSendable()",
            "parameters": [],
            "methodReturnType": "boolean",
            "isStatic": false,
            "descriptionElements": [
                "<div class=\"block\">\n Whether this MessageEmbed can be used in a message.\n <p>The total character limit is defined by <a href=\"#EMBED_MAX_LENGTH_BOT\"><code>EMBED_MAX_LENGTH_BOT</code></a> as <a href=\"#EMBED_MAX_LENGTH_BOT\">6000</a>.</p>\n</div>"
            ],
            "deprecationElement": null,
            "details": {
                "RETURNS": [
                    "<dd>True, if this MessageEmbed can be used to send messages</dd>"
                ],
                "SEE_ALSO": [
                    "<dd>\n <ul class=\"tag-list\">\n  <li><a href=\"#getLength()\"><code>getLength()</code></a></li>\n </ul>\n</dd>"
                ]
            },
            "seeAlso": {
                "references": [
                    {
                        "text": "getLength()",
                        "link": "https://docs.jda.wiki/net/dv8tion/jda/api/entities/MessageEmbed.html#getLength()",
                        "targetType": "METHOD",
                        "fullSignature": "MessageEmbed#getLength()"
                    }
                ]
            }
        },
        "equals(java.lang.Object)": {
            "elementId": "equals(java.lang.Object)",
            "methodAnnotations": null,
            "methodName": "equals",
            "methodSignature": "public boolean equals(Object obj)",
            "parameters": [
                {
                    "annotations": [],
                    "type": "java.lang.Object",
                    "simpleType": "Object",
                    "name": "obj"
                }
            ],
            "methodReturnType": "boolean",
            "isStatic": false,
            "descriptionElements": [],
            "deprecationElement": null,
            "details": {
                "OVERRIDES": [
                    "<dd>\n <code><a href=\"https://docs.oracle.com/javase/8/docs/api/java/lang/Object.html#equals-java.lang.Object-\" title=\"class or interface in java.lang\" class=\"external-link\">equals</a></code>&nbsp;in class&nbsp;<code><a href=\"https://docs.oracle.com/javase/8/docs/api/java/lang/Object.html\" title=\"class or interface in java.lang\" class=\"external-link\">Object</a></code>\n</dd>"
                ]
            },
            "seeAlso": null
        },
        "getColorRaw()": {
            "elementId": "getColorRaw()",
            "methodAnnotations": null,
            "methodName": "getColorRaw",
            "methodSignature": "public int getColorRaw()",
            "parameters": [],
            "methodReturnType": "int",
            "isStatic": false,
            "descriptionElements": [
                "<div class=\"block\">\n The raw RGB color value for this embed\n <br>\n Defaults to <a href=\"Role.html#DEFAULT_COLOR_RAW\"><code>Role.DEFAULT_COLOR_RAW</code></a> if no color is set\n</div>"
            ],
            "deprecationElement": null,
            "details": {
                "RETURNS": [
                    "<dd>The raw RGB color value or default</dd>"
                ]
            },
            "seeAlso": null
        }
    },
    "fields": {
        "VALUE_MAX_LENGTH": {
            "elementId": "VALUE_MAX_LENGTH",
            "fieldName": "VALUE_MAX_LENGTH",
            "fieldType": "int",
            "fieldValue": "1024",
            "descriptionElements": [
                "<div class=\"block\">The maximum length an embed field value can have</div>"
            ],
            "deprecationElement": null,
            "modifiers": "public static final"
        },
        "TITLE_MAX_LENGTH": {
            "elementId": "TITLE_MAX_LENGTH",
            "fieldName": "TITLE_MAX_LENGTH",
            "fieldType": "int",
            "fieldValue": "256",
            "descriptionElements": [
                "<div class=\"block\">The maximum length an embed title can have</div>"
            ],
            "deprecationElement": null,
            "modifiers": "public static final"
        },
        "AUTHOR_MAX_LENGTH": {
            "elementId": "AUTHOR_MAX_LENGTH",
            "fieldName": "AUTHOR_MAX_LENGTH",
            "fieldType": "int",
            "fieldValue": "256",
            "descriptionElements": [
                "<div class=\"block\">The maximum length the author name of an embed can have</div>"
            ],
            "deprecationElement": null,
            "modifiers": "public static final"
        },
        "URL_MAX_LENGTH": {
            "elementId": "URL_MAX_LENGTH",
            "fieldName": "URL_MAX_LENGTH",
            "fieldType": "int",
            "fieldValue": "2000",
            "descriptionElements": [
                "<div class=\"block\">The maximum length any URL can have inside an embed</div>"
            ],
            "deprecationElement": null,
            "modifiers": "public static final"
        },
        "EMBED_MAX_LENGTH_BOT": {
            "elementId": "EMBED_MAX_LENGTH_BOT",
            "fieldName": "EMBED_MAX_LENGTH_BOT",
            "fieldType": "int",
            "fieldValue": "6000",
            "descriptionElements": [
                "<div class=\"block\">The maximum amount of total visible characters an embed can have</div>"
            ],
            "deprecationElement": null,
            "modifiers": "public static final"
        },
        "TEXT_MAX_LENGTH": {
            "elementId": "TEXT_MAX_LENGTH",
            "fieldName": "TEXT_MAX_LENGTH",
            "fieldType": "int",
            "fieldValue": "2048",
            "descriptionElements": [
                "<div class=\"block\">The maximum length the footer of an embed can have</div>"
            ],
            "deprecationElement": null,
            "modifiers": "public static final"
        },
        "DESCRIPTION_MAX_LENGTH": {
            "elementId": "DESCRIPTION_MAX_LENGTH",
            "fieldName": "DESCRIPTION_MAX_LENGTH",
            "fieldType": "int",
            "fieldValue": "4096",
            "descriptionElements": [
                "<div class=\"block\">The maximum length the description of an embed can have</div>"
            ],
            "deprecationElement": null,
            "modifiers": "public static final"
        },
        "MAX_FIELD_AMOUNT": {
            "elementId": "MAX_FIELD_AMOUNT",
            "fieldName": "MAX_FIELD_AMOUNT",
            "fieldType": "int",
            "fieldValue": "25",
            "descriptionElements": [
                "<div class=\"block\">The maximum amount of total embed fields the embed can hold</div>"
            ],
            "deprecationElement": null,
            "modifiers": "public static final"
        }
    }
}