{
    "classNameFqcn": "net.dv8tion.jda.api.entities.MessageEmbed.Thumbnail",
    "descriptionElements": [
        "<div class=\"block\">\n Represents the information Discord provided about a thumbnail image that should be displayed with an embed message.\n</div>"
    ],
    "deprecationElement": null,
    "details": {
        "ENCLOSING_CLASS": [
            "<dd>\n <a href=\"MessageEmbed.html\" title=\"class in net.dv8tion.jda.api.entities\">MessageEmbed</a>\n</dd>"
        ]
    },
    "seeAlso": null,
    "methods": {
        "getWidth()": {
            "elementId": "getWidth()",
            "methodAnnotations": null,
            "methodName": "getWidth",
            "methodSignature": "public int getWidth()",
            "methodParameters": null,
            "methodReturnType": "int",
            "isStatic": false,
            "descriptionElements": [
                "<div class=\"block\">\n The width of the thumbnail image.\n</div>"
            ],
            "deprecationElement": null,
            "details": {
                "RETURNS": [
                    "<dd>\n Never-negative, Never-zero int containing the width of the image.\n</dd>"
                ]
            },
            "seeAlso": null
        },
        "<init>(java.lang.String,java.lang.String,int,int)": {
            "elementId": "<init>(java.lang.String,java.lang.String,int,int)",
            "methodAnnotations": null,
            "methodName": "Thumbnail",
            "methodSignature": "public Thumbnail(String url, String proxyUrl, int width, int height)",
            "methodParameters": {
                "originalText": "(String url, String proxyUrl, int width, int height)",
                "parameters": [
                    {
                        "annotations": [],
                        "type": "String",
                        "simpleType": "String",
                        "name": "url"
                    },
                    {
                        "annotations": [],
                        "type": "String",
                        "simpleType": "String",
                        "name": "proxyUrl"
                    },
                    {
                        "annotations": [],
                        "type": "int",
                        "simpleType": "int",
                        "name": "width"
                    },
                    {
                        "annotations": [],
                        "type": "int",
                        "simpleType": "int",
                        "name": "height"
                    }
                ]
            },
            "methodReturnType": "MessageEmbed.Thumbnail",
            "isStatic": false,
            "descriptionElements": [],
            "deprecationElement": null,
            "details": {},
            "seeAlso": null
        },
        "getUrl()": {
            "elementId": "getUrl()",
            "methodAnnotations": "@Nullable",
            "methodName": "getUrl",
            "methodSignature": "@Nullable public String getUrl()",
            "methodParameters": null,
            "methodReturnType": "String",
            "isStatic": false,
            "descriptionElements": [
                "<div class=\"block\">\n The web url of this thumbnail image.\n</div>"
            ],
            "deprecationElement": null,
            "details": {
                "RETURNS": [
                    "<dd>\n Possibly-null String containing the url of the displayed image.\n</dd>"
                ]
            },
            "seeAlso": null
        },
        "equals(java.lang.Object)": {
            "elementId": "equals(java.lang.Object)",
            "methodAnnotations": null,
            "methodName": "equals",
            "methodSignature": "public boolean equals(Object obj)",
            "methodParameters": {
                "originalText": "(Object obj)",
                "parameters": [
                    {
                        "annotations": [],
                        "type": "Object",
                        "simpleType": "Object",
                        "name": "obj"
                    }
                ]
            },
            "methodReturnType": "boolean",
            "isStatic": false,
            "descriptionElements": [],
            "deprecationElement": null,
            "details": {
                "OVERRIDES": [
                    "<dd>\n <code><a href=\"https://docs.oracle.com/javase/8/docs/api/java/lang/Object.html#equals-java.lang.Object-\" title=\"class or interface in java.lang\" class=\"external-link\">equals</a></code>&nbsp;in class&nbsp;<code><a href=\"https://docs.oracle.com/javase/8/docs/api/java/lang/Object.html\" title=\"class or interface in java.lang\" class=\"external-link\">Object</a></code>\n</dd>"
                ]
            },
            "seeAlso": null
        },
        "getProxy()": {
            "elementId": "getProxy()",
            "methodAnnotations": "@Nullable",
            "methodName": "getProxy",
            "methodSignature": "@Nullable public AttachmentProxy getProxy()",
            "methodParameters": null,
            "methodReturnType": "AttachmentProxy",
            "isStatic": false,
            "descriptionElements": [
                "<div class=\"block\">\n Returns an <a href=\"../utils/AttachmentProxy.html\" title=\"class in net.dv8tion.jda.api.utils\"><code>AttachmentProxy</code></a> for this embed thumbnail.\n</div>"
            ],
            "deprecationElement": null,
            "details": {
                "RETURNS": [
                    "<dd>\n Possibly-null <a href=\"../utils/AttachmentProxy.html\" title=\"class in net.dv8tion.jda.api.utils\"><code>AttachmentProxy</code></a> of this embed thumbnail\n</dd>"
                ],
                "SEE_ALSO": [
                    "<dd>\n <ul class=\"see-list\">\n  <li><a href=\"#getProxyUrl()\"><code>getProxyUrl()</code></a></li>\n </ul>\n</dd>"
                ]
            },
            "seeAlso": {
                "references": [
                    {
                        "text": "getProxyUrl()",
                        "link": "https://docs.jda.wiki/net/dv8tion/jda/api/entities/MessageEmbed.Thumbnail.html#getProxyUrl()",
                        "targetType": "METHOD",
                        "fullSignature": "MessageEmbed.Thumbnail#getProxyUrl()"
                    }
                ]
            }
        },
        "getHeight()": {
            "elementId": "getHeight()",
            "methodAnnotations": null,
            "methodName": "getHeight",
            "methodSignature": "public int getHeight()",
            "methodParameters": null,
            "methodReturnType": "int",
            "isStatic": false,
            "descriptionElements": [
                "<div class=\"block\">\n The height of the thumbnail image.\n</div>"
            ],
            "deprecationElement": null,
            "details": {
                "RETURNS": [
                    "<dd>\n Never-negative, Never-zero int containing the height of the image.\n</dd>"
                ]
            },
            "seeAlso": null
        },
        "getProxyUrl()": {
            "elementId": "getProxyUrl()",
            "methodAnnotations": "@Nullable",
            "methodName": "getProxyUrl",
            "methodSignature": "@Nullable public String getProxyUrl()",
            "methodParameters": null,
            "methodReturnType": "String",
            "isStatic": false,
            "descriptionElements": [
                "<div class=\"block\">\n The Discord proxied url of the thumbnail image. \n <br>\n This url is used to access the image through Discord instead of directly to prevent ip scraping.\n</div>"
            ],
            "deprecationElement": null,
            "details": {
                "RETURNS": [
                    "<dd>\n Possibly-null String containing the proxied url of this image.\n</dd>"
                ]
            },
            "seeAlso": null
        }
    },
    "fields": {}
}