{
    "classNameFqcn": "net.dv8tion.jda.api.entities.RichPresence",
    "descriptionElements": [
        "<div class=\"block\">\n Used to hold additional information about a users <a href=\"Activity.html\" title=\"interface in net.dv8tion.jda.api.entities\"><code>Activity</code></a> relevant to <a href=\"https://discord.com/developers/docs/rich-presence/best-practices\" target=\"_blank\">Rich Presence</a>.\n</div>"
    ],
    "deprecationElement": null,
    "details": {
        "SEE_ALSO": [
            "<dd>\n <ul class=\"see-list\">\n  <li><a href=\"Activity.html#asRichPresence()\"><code>Activity.asRichPresence()</code></a></li>\n </ul>\n</dd>"
        ],
        "SINCE": [
            "<dd>3.4.0</dd>"
        ],
        "SUPER_INTERFACES": [
            "<dd>\n <code><a href=\"Activity.html\" title=\"interface in net.dv8tion.jda.api.entities\">Activity</a></code>\n</dd>"
        ]
    },
    "seeAlso": {
        "references": [
            {
                "text": "Activity#asRichPresence()",
                "link": "https://docs.jda.wiki/net/dv8tion/jda/api/entities/Activity.html#asRichPresence()",
                "targetType": "METHOD",
                "fullSignature": "Activity#asRichPresence()"
            }
        ]
    },
    "methods": {
        "getEmoji()": {
            "elementId": "getEmoji()",
            "methodAnnotations": "@Nullable",
            "methodName": "getEmoji",
            "methodSignature": "@Nullable EmojiUnion getEmoji()",
            "parameters": [],
            "methodReturnType": "EmojiUnion",
            "isStatic": false,
            "descriptionElements": [
                "<div class=\"block\">The emoji (or custom emoji) attached to a custom status.</div>"
            ],
            "deprecationElement": null,
            "details": {
                "RETURNS": [
                    "<dd>\n Possibly-null <a href=\"emoji/Emoji.html\" title=\"interface in net.dv8tion.jda.api.entities.emoji\"><code>Emoji</code></a> used for custom status\n</dd>"
                ]
            },
            "seeAlso": null
        },
        "getState()": {
            "elementId": "getState()",
            "methodAnnotations": "@Nullable",
            "methodName": "getState",
            "methodSignature": "@Nullable String getState()",
            "parameters": [],
            "methodReturnType": "String",
            "isStatic": false,
            "descriptionElements": [
                "<div class=\"block\">\n The user's activity state\n <br>\n Example: \"Looking to Play\", \"Playing Solo\", \"In a Group\"\n <p>This shows below the normal activity information in the profile.</p>\n <p><b>Example</b>\n  <br>\n  Code:</p>\n <pre><code>\n Activity.playing(\"Trivia\")\n     .withState(\"Question 20\")\n </code></pre>\n Display:\n <pre> Playing Trivia\n Question 20\n </pre>\n</div>"
            ],
            "deprecationElement": null,
            "details": {
                "RETURNS": [
                    "<dd>The user's current party status</dd>"
                ]
            },
            "seeAlso": null
        },
        "getSessionId()": {
            "elementId": "getSessionId()",
            "methodAnnotations": "@Nullable",
            "methodName": "getSessionId",
            "methodSignature": "@Nullable String getSessionId()",
            "parameters": [],
            "methodReturnType": "String",
            "isStatic": false,
            "descriptionElements": [
                "<div class=\"block\">\n Session ID for this presence.\n <br>\n Used by spotify integration.\n</div>"
            ],
            "deprecationElement": null,
            "details": {
                "RETURNS": [
                    "<dd>Session ID</dd>"
                ]
            },
            "seeAlso": null
        },
        "getFlags()": {
            "elementId": "getFlags()",
            "methodAnnotations": null,
            "methodName": "getFlags",
            "methodSignature": "int getFlags()",
            "parameters": [],
            "methodReturnType": "int",
            "isStatic": false,
            "descriptionElements": [
                "<div class=\"block\">Flags for this presence</div>"
            ],
            "deprecationElement": null,
            "details": {
                "RETURNS": [
                    "<dd>The flags for this presence</dd>"
                ],
                "SEE_ALSO": [
                    "<dd>\n <ul class=\"see-list\">\n  <li><a href=\"ActivityFlag.html\" title=\"enum in net.dv8tion.jda.api.entities\"><code>ActivityFlag</code></a></li>\n  <li><a href=\"ActivityFlag.html#getFlags(int)\"><code>ActivityFlag.getFlags(int)</code></a></li>\n </ul>\n</dd>"
                ]
            },
            "seeAlso": {
                "references": [
                    {
                        "text": "ActivityFlag",
                        "link": "https://docs.jda.wiki/net/dv8tion/jda/api/entities/ActivityFlag.html",
                        "targetType": "CLASS",
                        "fullSignature": "ActivityFlag"
                    },
                    {
                        "text": "ActivityFlag#getFlags(int)",
                        "link": "https://docs.jda.wiki/net/dv8tion/jda/api/entities/ActivityFlag.html#getFlags(int)",
                        "targetType": "METHOD",
                        "fullSignature": "ActivityFlag#getFlags(int)"
                    }
                ]
            }
        },
        "getTimestamps()": {
            "elementId": "getTimestamps()",
            "methodAnnotations": "@Nullable",
            "methodName": "getTimestamps",
            "methodSignature": "@Nullable Activity.Timestamps getTimestamps()",
            "parameters": [],
            "methodReturnType": "Activity.Timestamps",
            "isStatic": false,
            "descriptionElements": [
                "<div class=\"block\">Information on the match duration, start, and end.</div>"
            ],
            "deprecationElement": null,
            "details": {
                "RETURNS": [
                    "<dd>\n <a href=\"Activity.Timestamps.html\" title=\"class in net.dv8tion.jda.api.entities\"><code>Timestamps</code></a> wrapper of <code>null</code> if unset\n</dd>"
                ]
            },
            "seeAlso": null
        },
        "isRich()": {
            "elementId": "isRich()",
            "methodAnnotations": null,
            "methodName": "isRich",
            "methodSignature": "boolean isRich()",
            "parameters": [],
            "methodReturnType": "boolean",
            "isStatic": false,
            "descriptionElements": [
                "<div class=\"block\">\n Whether this is a <a href=\"https://discord.com/developers/docs/rich-presence/best-practices\" target=\"_blank\">Rich Presence</a>\n <br>\n If <code>false</code> the result of <a href=\"#asRichPresence()\"><code>asRichPresence()</code></a> is <code>null</code>\n</div>"
            ],
            "deprecationElement": null,
            "details": {
                "RETURNS": [
                    "<dd>\n <code>true</code> if this is a <a href=\"RichPresence.html\" title=\"interface in net.dv8tion.jda.api.entities\"><code>RichPresence</code></a>\n</dd>"
                ]
            },
            "seeAlso": null
        },
        "getFlagSet()": {
            "elementId": "getFlagSet()",
            "methodAnnotations": "@Nonnull",
            "methodName": "getFlagSet",
            "methodSignature": "@Nonnull EnumSet<ActivityFlag> getFlagSet()",
            "parameters": [],
            "methodReturnType": "EnumSet<ActivityFlag>",
            "isStatic": false,
            "descriptionElements": [
                "<div class=\"block\">Flags for this presence in an enum set</div>"
            ],
            "deprecationElement": null,
            "details": {
                "RETURNS": [
                    "<dd>The flags for this presence</dd>"
                ],
                "SEE_ALSO": [
                    "<dd>\n <ul class=\"see-list\">\n  <li><a href=\"ActivityFlag.html\" title=\"enum in net.dv8tion.jda.api.entities\"><code>ActivityFlag</code></a></li>\n  <li><a href=\"ActivityFlag.html#getFlags(int)\"><code>ActivityFlag.getFlags(int)</code></a></li>\n </ul>\n</dd>"
                ]
            },
            "seeAlso": {
                "references": [
                    {
                        "text": "ActivityFlag",
                        "link": "https://docs.jda.wiki/net/dv8tion/jda/api/entities/ActivityFlag.html",
                        "targetType": "CLASS",
                        "fullSignature": "ActivityFlag"
                    },
                    {
                        "text": "ActivityFlag#getFlags(int)",
                        "link": "https://docs.jda.wiki/net/dv8tion/jda/api/entities/ActivityFlag.html#getFlags(int)",
                        "targetType": "METHOD",
                        "fullSignature": "ActivityFlag#getFlags(int)"
                    }
                ]
            }
        },
        "getApplicationId()": {
            "elementId": "getApplicationId()",
            "methodAnnotations": "@Nonnull",
            "methodName": "getApplicationId",
            "methodSignature": "@Nonnull String getApplicationId()",
            "parameters": [],
            "methodReturnType": "String",
            "isStatic": false,
            "descriptionElements": [
                "<div class=\"block\">The ID for the responsible application.</div>"
            ],
            "deprecationElement": null,
            "details": {
                "RETURNS": [
                    "<dd>The ID for the application</dd>"
                ]
            },
            "seeAlso": null
        },
        "getSyncId()": {
            "elementId": "getSyncId()",
            "methodAnnotations": "@Nullable",
            "methodName": "getSyncId",
            "methodSignature": "@Nullable String getSyncId()",
            "parameters": [],
            "methodReturnType": "String",
            "isStatic": false,
            "descriptionElements": [
                "<div class=\"block\">\n Sync ID for this presence.\n <br>\n Used by spotify integration.\n</div>"
            ],
            "deprecationElement": null,
            "details": {
                "RETURNS": [
                    "<dd>Sync ID</dd>"
                ]
            },
            "seeAlso": null
        },
        "getName()": {
            "elementId": "getName()",
            "methodAnnotations": "@Nonnull",
            "methodName": "getName",
            "methodSignature": "@Nonnull String getName()",
            "parameters": [],
            "methodReturnType": "String",
            "isStatic": false,
            "descriptionElements": [
                "<div class=\"block\">\n The displayed name of the <a href=\"Activity.html\" title=\"interface in net.dv8tion.jda.api.entities\"><code>Activity</code></a>.\n <br>\n For <a href=\"Activity.ActivityType.html#CUSTOM_STATUS\"><code>Activity.ActivityType.CUSTOM_STATUS</code></a> this will return the custom status text.\n</div>"
            ],
            "deprecationElement": null,
            "details": {
                "RETURNS": [
                    "<dd>String containing the Activity's name.</dd>"
                ]
            },
            "seeAlso": null
        },
        "getApplicationIdLong()": {
            "elementId": "getApplicationIdLong()",
            "methodAnnotations": null,
            "methodName": "getApplicationIdLong",
            "methodSignature": "long getApplicationIdLong()",
            "parameters": [],
            "methodReturnType": "long",
            "isStatic": false,
            "descriptionElements": [
                "<div class=\"block\">The ID for the responsible application.</div>"
            ],
            "deprecationElement": null,
            "details": {
                "RETURNS": [
                    "<dd>The ID for the application</dd>"
                ]
            },
            "seeAlso": null
        },
        "getSmallImage()": {
            "elementId": "getSmallImage()",
            "methodAnnotations": "@Nullable",
            "methodName": "getSmallImage",
            "methodSignature": "@Nullable RichPresence.Image getSmallImage()",
            "parameters": [],
            "methodReturnType": "RichPresence.Image",
            "isStatic": false,
            "descriptionElements": [
                "<div class=\"block\">Information on the small corner image displayed in the profile view</div>"
            ],
            "deprecationElement": null,
            "details": {
                "RETURNS": [
                    "<dd>\n <a href=\"RichPresence.Image.html\" title=\"class in net.dv8tion.jda.api.entities\"><code>Image</code></a> wrapper or <code>null</code> if unset\n</dd>"
                ]
            },
            "seeAlso": null
        },
        "asRichPresence()": {
            "elementId": "asRichPresence()",
            "methodAnnotations": "@Nullable",
            "methodName": "asRichPresence",
            "methodSignature": "@Nullable RichPresence asRichPresence()",
            "parameters": [],
            "methodReturnType": "RichPresence",
            "isStatic": false,
            "descriptionElements": [
                "<div class=\"block\">\n <a href=\"RichPresence.html\" title=\"interface in net.dv8tion.jda.api.entities\"><code>RichPresence</code></a> representation of this Activity.\n</div>"
            ],
            "deprecationElement": null,
            "details": {
                "RETURNS": [
                    "<dd>\n RichPresence or <code>null</code> if <a href=\"#isRich()\"><code>isRich()</code></a> returns <code>false</code>\n</dd>"
                ]
            },
            "seeAlso": null
        },
        "getType()": {
            "elementId": "getType()",
            "methodAnnotations": "@Nonnull",
            "methodName": "getType",
            "methodSignature": "@Nonnull Activity.ActivityType getType()",
            "parameters": [],
            "methodReturnType": "Activity.ActivityType",
            "isStatic": false,
            "descriptionElements": [
                "<div class=\"block\">\n The type of <a href=\"Activity.html\" title=\"interface in net.dv8tion.jda.api.entities\"><code>Activity</code></a>.\n</div>"
            ],
            "deprecationElement": null,
            "details": {
                "RETURNS": [
                    "<dd>\n Never-null <a href=\"Activity.ActivityType.html\" title=\"enum in net.dv8tion.jda.api.entities\"><code>ActivityType</code></a> representing the type of Activity\n</dd>"
                ]
            },
            "seeAlso": null
        },
        "getUrl()": {
            "elementId": "getUrl()",
            "methodAnnotations": "@Nullable",
            "methodName": "getUrl",
            "methodSignature": "@Nullable String getUrl()",
            "parameters": [],
            "methodReturnType": "String",
            "isStatic": false,
            "descriptionElements": [
                "<div class=\"block\">\n The URL of the <a href=\"Activity.html\" title=\"interface in net.dv8tion.jda.api.entities\"><code>Activity</code></a> if the game is actually a Stream.\n <br>\n This will return null for regular games.\n</div>"
            ],
            "deprecationElement": null,
            "details": {
                "RETURNS": [
                    "<dd>Possibly-null String containing the Activity's URL.</dd>"
                ]
            },
            "seeAlso": null
        },
        "getLargeImage()": {
            "elementId": "getLargeImage()",
            "methodAnnotations": "@Nullable",
            "methodName": "getLargeImage",
            "methodSignature": "@Nullable RichPresence.Image getLargeImage()",
            "parameters": [],
            "methodReturnType": "RichPresence.Image",
            "isStatic": false,
            "descriptionElements": [
                "<div class=\"block\">Information on the large image displayed in the profile view</div>"
            ],
            "deprecationElement": null,
            "details": {
                "RETURNS": [
                    "<dd>\n <a href=\"RichPresence.Image.html\" title=\"class in net.dv8tion.jda.api.entities\"><code>Image</code></a> wrapper or <code>null</code> if unset\n</dd>"
                ]
            },
            "seeAlso": null
        },
        "getParty()": {
            "elementId": "getParty()",
            "methodAnnotations": "@Nullable",
            "methodName": "getParty",
            "methodSignature": "@Nullable RichPresence.Party getParty()",
            "parameters": [],
            "methodReturnType": "RichPresence.Party",
            "isStatic": false,
            "descriptionElements": [
                "<div class=\"block\">Information on the active party of the player</div>"
            ],
            "deprecationElement": null,
            "details": {
                "RETURNS": [
                    "<dd>\n <a href=\"RichPresence.Party.html\" title=\"class in net.dv8tion.jda.api.entities\"><code>Party</code></a> wrapper or <code>null</code> if unset\n</dd>"
                ]
            },
            "seeAlso": null
        },
        "withState(java.lang.String)": {
            "elementId": "withState(java.lang.String)",
            "methodAnnotations": "@Nonnull @Contract(\"_->new\")",
            "methodName": "withState",
            "methodSignature": "@Nonnull @Contract(\"_->new\") Activity withState(@Nullable String state)",
            "parameters": [
                {
                    "annotations": [
                        "Nullable"
                    ],
                    "type": "java.lang.String",
                    "simpleType": "String",
                    "name": "state"
                }
            ],
            "methodReturnType": "Activity",
            "isStatic": false,
            "descriptionElements": [
                "<div class=\"block\">\n Adds the provided state to the activity.\n <br>\n The state is shown below the activity, unless it is a <a href=\"#customStatus(java.lang.String)\"><code>custom status</code></a>.\n</div>"
            ],
            "deprecationElement": null,
            "details": {
                "PARAMETERS": [
                    "<dd>\n <code>state</code> - The activity state, or null to unset\n</dd>"
                ],
                "RETURNS": [
                    "<dd>New activity instance with the provided state</dd>"
                ],
                "THROWS": [
                    "<dd>\n <code><a href=\"https://docs.oracle.com/javase/8/docs/api/java/lang/IllegalArgumentException.html\" title=\"class or interface in java.lang\" class=\"external-link\">IllegalArgumentException</a></code> - If the state is longer than <a href=\"#MAX_ACTIVITY_STATE_LENGTH\">128</a> characters\n</dd>"
                ]
            },
            "seeAlso": null
        },
        "getDetails()": {
            "elementId": "getDetails()",
            "methodAnnotations": "@Nullable",
            "methodName": "getDetails",
            "methodSignature": "@Nullable String getDetails()",
            "parameters": [],
            "methodReturnType": "String",
            "isStatic": false,
            "descriptionElements": [
                "<div class=\"block\">\n What the player is currently doing\n <br>\n Example: \"Competitive - Captain's Mode\", \"In Queue\", \"Unranked PvP\"\n</div>"
            ],
            "deprecationElement": null,
            "details": {
                "RETURNS": [
                    "<dd>What the player is currently doing</dd>"
                ]
            },
            "seeAlso": null
        }
    },
    "fields": {
        "STREAMING_URL": {
            "elementId": "STREAMING_URL",
            "fieldName": "STREAMING_URL",
            "fieldType": "Pattern",
            "fieldValue": null,
            "descriptionElements": [
                "<div class=\"block\">\n The Pattern used for <a href=\"#isValidStreamingUrl(java.lang.String)\"><code>isValidStreamingUrl(String)</code></a>\n</div>"
            ],
            "deprecationElement": null,
            "modifiers": "static final"
        },
        "MAX_ACTIVITY_NAME_LENGTH": {
            "elementId": "MAX_ACTIVITY_NAME_LENGTH",
            "fieldName": "MAX_ACTIVITY_NAME_LENGTH",
            "fieldType": "int",
            "fieldValue": "128",
            "descriptionElements": [
                "<div class=\"block\">Maximum length for an activity name</div>"
            ],
            "deprecationElement": null,
            "modifiers": "static final"
        },
        "MAX_ACTIVITY_STATE_LENGTH": {
            "elementId": "MAX_ACTIVITY_STATE_LENGTH",
            "fieldName": "MAX_ACTIVITY_STATE_LENGTH",
            "fieldType": "int",
            "fieldValue": "128",
            "descriptionElements": [
                "<div class=\"block\">Maximum length for an activity state</div>"
            ],
            "deprecationElement": null,
            "modifiers": "static final"
        }
    }
}