{
    "classNameFqcn": "net.dv8tion.jda.api.entities.Role.RoleTags",
    "descriptionElements": [
        "<div class=\"block\">Tags associated with this role.</div>"
    ],
    "deprecationElement": null,
    "details": {
        "SINCE": [
            "<dd>4.2.1</dd>"
        ],
        "ENCLOSING_INTERFACE": [
            "<dd>\n <code><a href=\"Role.html\" title=\"interface in net.dv8tion.jda.api.entities\">Role</a></code>\n</dd>"
        ]
    },
    "seeAlso": null,
    "methods": {
        "getBotId()": {
            "elementId": "getBotId()",
            "methodAnnotations": "@Nullable",
            "methodName": "getBotId",
            "methodSignature": "@Nullable default String getBotId()",
            "parameters": [],
            "methodReturnType": "String",
            "isStatic": false,
            "descriptionElements": [
                "<div class=\"block\">The id for the bot associated with this role.</div>"
            ],
            "deprecationElement": null,
            "details": {
                "RETURNS": [
                    "<dd>The bot id, or null if this role is not for a bot</dd>"
                ],
                "SEE_ALSO": [
                    "<dd>\n <ul class=\"tag-list\">\n  <li><a href=\"#isBot()\"><code>isBot()</code></a></li>\n </ul>\n</dd>"
                ]
            },
            "seeAlso": {
                "references": [
                    {
                        "text": "isBot()",
                        "link": "https://docs.jda.wiki/net/dv8tion/jda/api/entities/Role.RoleTags.html#isBot()",
                        "targetType": "METHOD",
                        "fullSignature": "Role.RoleTags#isBot()"
                    }
                ]
            }
        },
        "getIntegrationId()": {
            "elementId": "getIntegrationId()",
            "methodAnnotations": "@Nullable",
            "methodName": "getIntegrationId",
            "methodSignature": "@Nullable default String getIntegrationId()",
            "parameters": [],
            "methodReturnType": "String",
            "isStatic": false,
            "descriptionElements": [
                "<div class=\"block\">The id for the integration associated with this role.</div>"
            ],
            "deprecationElement": null,
            "details": {
                "RETURNS": [
                    "<dd>The integration id, or null if this role is not for an integration</dd>"
                ],
                "SEE_ALSO": [
                    "<dd>\n <ul class=\"tag-list\">\n  <li><a href=\"#isIntegration()\"><code>isIntegration()</code></a></li>\n </ul>\n</dd>"
                ]
            },
            "seeAlso": {
                "references": [
                    {
                        "text": "isIntegration()",
                        "link": "https://docs.jda.wiki/net/dv8tion/jda/api/entities/Role.RoleTags.html#isIntegration()",
                        "targetType": "METHOD",
                        "fullSignature": "Role.RoleTags#isIntegration()"
                    }
                ]
            }
        },
        "isLinkedRole()": {
            "elementId": "isLinkedRole()",
            "methodAnnotations": null,
            "methodName": "isLinkedRole",
            "methodSignature": "boolean isLinkedRole()",
            "parameters": [],
            "methodReturnType": "boolean",
            "isStatic": false,
            "descriptionElements": [
                "<div class=\"block\">\n Whether this role is acquired through a user connection.\n <br>\n Such as external services like twitter or reddit. This also includes custom third-party applications, such as those managed by bots via <a href=\"RoleConnectionMetadata.html\" title=\"class in net.dv8tion.jda.api.entities\"><code>RoleConnectionMetadata</code></a>.\n</div>"
            ],
            "deprecationElement": null,
            "details": {
                "RETURNS": [
                    "<dd>True, if this role is acquired through a user connection</dd>"
                ],
                "SEE_ALSO": [
                    "<dd>\n <ul class=\"tag-list-long\">\n  <li><a href=\"https://discord.com/developers/docs/tutorials/configuring-app-metadata-for-linked-roles\" target=\"_blank\">Configuring App Metadata for Linked Roles</a></li>\n </ul>\n</dd>"
                ]
            },
            "seeAlso": {
                "references": [
                    {
                        "text": "Configuring App Metadata for Linked Roles",
                        "link": "https://discord.com/developers/docs/tutorials/configuring-app-metadata-for-linked-roles",
                        "targetType": "UNKNOWN",
                        "fullSignature": null
                    }
                ]
            }
        },
        "getSubscriptionIdLong()": {
            "elementId": "getSubscriptionIdLong()",
            "methodAnnotations": null,
            "methodName": "getSubscriptionIdLong",
            "methodSignature": "long getSubscriptionIdLong()",
            "parameters": [],
            "methodReturnType": "long",
            "isStatic": false,
            "descriptionElements": [
                "<div class=\"block\">The subscription listing id for this role. If a role has a subscription id then it is a premium role that can be acquired by users via purchase.</div>"
            ],
            "deprecationElement": null,
            "details": {
                "RETURNS": [
                    "<dd>The listing id, or 0 if this role is not for a subscription listing</dd>"
                ],
                "SEE_ALSO": [
                    "<dd>\n <ul class=\"tag-list\">\n  <li><a href=\"#isAvailableForPurchase()\"><code>isAvailableForPurchase()</code></a></li>\n </ul>\n</dd>"
                ]
            },
            "seeAlso": {
                "references": [
                    {
                        "text": "isAvailableForPurchase()",
                        "link": "https://docs.jda.wiki/net/dv8tion/jda/api/entities/Role.RoleTags.html#isAvailableForPurchase()",
                        "targetType": "METHOD",
                        "fullSignature": "Role.RoleTags#isAvailableForPurchase()"
                    }
                ]
            }
        },
        "hasSubscriptionListing()": {
            "elementId": "hasSubscriptionListing()",
            "methodAnnotations": null,
            "methodName": "hasSubscriptionListing",
            "methodSignature": "default boolean hasSubscriptionListing()",
            "parameters": [],
            "methodReturnType": "boolean",
            "isStatic": false,
            "descriptionElements": [
                "<div class=\"block\">\n Whether this role can be acquired through a premium subscription purchase. A role would also need <a href=\"#isAvailableForPurchase()\"><code>isAvailableForPurchase()</code></a> to also be true for a user to actually be able to purchase the role.\n</div>"
            ],
            "deprecationElement": null,
            "details": {
                "RETURNS": [
                    "<dd>True, if this is a subscription role</dd>"
                ],
                "SEE_ALSO": [
                    "<dd>\n <ul class=\"tag-list\">\n  <li><a href=\"#getSubscriptionIdLong()\"><code>getSubscriptionIdLong()</code></a></li>\n  <li><a href=\"#isAvailableForPurchase()\"><code>isAvailableForPurchase()</code></a></li>\n </ul>\n</dd>"
                ]
            },
            "seeAlso": {
                "references": [
                    {
                        "text": "getSubscriptionIdLong()",
                        "link": "https://docs.jda.wiki/net/dv8tion/jda/api/entities/Role.RoleTags.html#getSubscriptionIdLong()",
                        "targetType": "METHOD",
                        "fullSignature": "Role.RoleTags#getSubscriptionIdLong()"
                    },
                    {
                        "text": "isAvailableForPurchase()",
                        "link": "https://docs.jda.wiki/net/dv8tion/jda/api/entities/Role.RoleTags.html#isAvailableForPurchase()",
                        "targetType": "METHOD",
                        "fullSignature": "Role.RoleTags#isAvailableForPurchase()"
                    }
                ]
            }
        },
        "isAvailableForPurchase()": {
            "elementId": "isAvailableForPurchase()",
            "methodAnnotations": null,
            "methodName": "isAvailableForPurchase",
            "methodSignature": "boolean isAvailableForPurchase()",
            "parameters": [],
            "methodReturnType": "boolean",
            "isStatic": false,
            "descriptionElements": [
                "<div class=\"block\">\n Whether this role has been published for user purchasing. Only <a href=\"#hasSubscriptionListing()\"><code>premium roles</code></a> can be purchased. However, a premium role must be published before it can be purchased. Additionally, a premium role can be unpublished after it has been published. Doing so will make it no longer available for purchase but will not remove the role from users who have already purchased it.\n</div>"
            ],
            "deprecationElement": null,
            "details": {
                "RETURNS": [
                    "<dd>True, if this role is purchasable</dd>"
                ],
                "SEE_ALSO": [
                    "<dd>\n <ul class=\"tag-list\">\n  <li><a href=\"#hasSubscriptionListing()\"><code>hasSubscriptionListing()</code></a></li>\n </ul>\n</dd>"
                ]
            },
            "seeAlso": {
                "references": [
                    {
                        "text": "hasSubscriptionListing()",
                        "link": "https://docs.jda.wiki/net/dv8tion/jda/api/entities/Role.RoleTags.html#hasSubscriptionListing()",
                        "targetType": "METHOD",
                        "fullSignature": "Role.RoleTags#hasSubscriptionListing()"
                    }
                ]
            }
        },
        "isBoost()": {
            "elementId": "isBoost()",
            "methodAnnotations": null,
            "methodName": "isBoost",
            "methodSignature": "boolean isBoost()",
            "parameters": [],
            "methodReturnType": "boolean",
            "isStatic": false,
            "descriptionElements": [
                "<div class=\"block\">Whether this role is the boost role of this guild.</div>"
            ],
            "deprecationElement": null,
            "details": {
                "RETURNS": [
                    "<dd>True, if this role is the boost role</dd>"
                ]
            },
            "seeAlso": null
        },
        "getSubscriptionId()": {
            "elementId": "getSubscriptionId()",
            "methodAnnotations": "@Nullable",
            "methodName": "getSubscriptionId",
            "methodSignature": "@Nullable default String getSubscriptionId()",
            "parameters": [],
            "methodReturnType": "String",
            "isStatic": false,
            "descriptionElements": [
                "<div class=\"block\">The subscription listing id for this role. If a role has a subscription id then it is a premium role that can be acquired by users via purchase.</div>"
            ],
            "deprecationElement": null,
            "details": {
                "RETURNS": [
                    "<dd>The listing id, or null if this role is not for a subscription listing</dd>"
                ],
                "SEE_ALSO": [
                    "<dd>\n <ul class=\"tag-list\">\n  <li><a href=\"#isAvailableForPurchase()\"><code>isAvailableForPurchase()</code></a></li>\n </ul>\n</dd>"
                ]
            },
            "seeAlso": {
                "references": [
                    {
                        "text": "isAvailableForPurchase()",
                        "link": "https://docs.jda.wiki/net/dv8tion/jda/api/entities/Role.RoleTags.html#isAvailableForPurchase()",
                        "targetType": "METHOD",
                        "fullSignature": "Role.RoleTags#isAvailableForPurchase()"
                    }
                ]
            }
        },
        "getBotIdLong()": {
            "elementId": "getBotIdLong()",
            "methodAnnotations": null,
            "methodName": "getBotIdLong",
            "methodSignature": "long getBotIdLong()",
            "parameters": [],
            "methodReturnType": "long",
            "isStatic": false,
            "descriptionElements": [
                "<div class=\"block\">The id for the bot associated with this role.</div>"
            ],
            "deprecationElement": null,
            "details": {
                "RETURNS": [
                    "<dd>The bot id, or 0 if this role is not for a bot</dd>"
                ],
                "SEE_ALSO": [
                    "<dd>\n <ul class=\"tag-list\">\n  <li><a href=\"#isBot()\"><code>isBot()</code></a></li>\n </ul>\n</dd>"
                ]
            },
            "seeAlso": {
                "references": [
                    {
                        "text": "isBot()",
                        "link": "https://docs.jda.wiki/net/dv8tion/jda/api/entities/Role.RoleTags.html#isBot()",
                        "targetType": "METHOD",
                        "fullSignature": "Role.RoleTags#isBot()"
                    }
                ]
            }
        },
        "isIntegration()": {
            "elementId": "isIntegration()",
            "methodAnnotations": null,
            "methodName": "isIntegration",
            "methodSignature": "boolean isIntegration()",
            "parameters": [],
            "methodReturnType": "boolean",
            "isStatic": false,
            "descriptionElements": [
                "<div class=\"block\">\n Whether this role is managed by an integration.\n <br>\n This is usually true for roles such as those created for twitch subscribers.\n</div>"
            ],
            "deprecationElement": null,
            "details": {
                "RETURNS": [
                    "<dd>True, if this role is managed by an integration</dd>"
                ]
            },
            "seeAlso": null
        },
        "getIntegrationIdLong()": {
            "elementId": "getIntegrationIdLong()",
            "methodAnnotations": null,
            "methodName": "getIntegrationIdLong",
            "methodSignature": "long getIntegrationIdLong()",
            "parameters": [],
            "methodReturnType": "long",
            "isStatic": false,
            "descriptionElements": [
                "<div class=\"block\">The id for the integration associated with this role.</div>"
            ],
            "deprecationElement": null,
            "details": {
                "RETURNS": [
                    "<dd>The integration id, or 0 if this role is not for an integration</dd>"
                ],
                "SEE_ALSO": [
                    "<dd>\n <ul class=\"tag-list\">\n  <li><a href=\"#isIntegration()\"><code>isIntegration()</code></a></li>\n </ul>\n</dd>"
                ]
            },
            "seeAlso": {
                "references": [
                    {
                        "text": "isIntegration()",
                        "link": "https://docs.jda.wiki/net/dv8tion/jda/api/entities/Role.RoleTags.html#isIntegration()",
                        "targetType": "METHOD",
                        "fullSignature": "Role.RoleTags#isIntegration()"
                    }
                ]
            }
        },
        "isBot()": {
            "elementId": "isBot()",
            "methodAnnotations": null,
            "methodName": "isBot",
            "methodSignature": "boolean isBot()",
            "parameters": [],
            "methodReturnType": "boolean",
            "isStatic": false,
            "descriptionElements": [
                "<div class=\"block\">Whether this role is associated with a bot.</div>"
            ],
            "deprecationElement": null,
            "details": {
                "RETURNS": [
                    "<dd>True, if this role is for a bot</dd>"
                ]
            },
            "seeAlso": null
        }
    },
    "fields": {}
}