{
    "classNameFqcn": "net.dv8tion.jda.api.entities.ScheduledEvent.Type",
    "descriptionElements": [
        "<div class=\"block\">Represents what type of event an event is, or where the event will be taking place at.</div>"
    ],
    "deprecationElement": null,
    "details": {
        "ALL_IMPLEMENTED_INTERFACES": [
            "<dd>\n <code><a href=\"https://docs.oracle.com/javase/8/docs/api/java/io/Serializable.html\" title=\"class or interface in java.io\" class=\"external-link\">Serializable</a>, <a href=\"https://docs.oracle.com/javase/8/docs/api/java/lang/Comparable.html\" title=\"class or interface in java.lang\" class=\"external-link\">Comparable</a>&lt;<a href=\"ScheduledEvent.Type.html\" title=\"enum in net.dv8tion.jda.api.entities\">ScheduledEvent.Type</a>&gt;</code>\n</dd>"
        ],
        "ENCLOSING_INTERFACE": [
            "<dd>\n <code><a href=\"ScheduledEvent.html\" title=\"interface in net.dv8tion.jda.api.entities\">ScheduledEvent</a></code>\n</dd>"
        ]
    },
    "seeAlso": null,
    "methods": {
        "values()": {
            "elementId": "values()",
            "methodAnnotations": null,
            "methodName": "values",
            "methodSignature": "public static ScheduledEvent.Type[] values()",
            "parameters": [],
            "methodReturnType": "ScheduledEvent.Type[]",
            "isStatic": true,
            "descriptionElements": [
                "<div class=\"block\">Returns an array containing the constants of this enum type, in the order they are declared.</div>"
            ],
            "deprecationElement": null,
            "details": {
                "RETURNS": [
                    "<dd>an array containing the constants of this enum type, in the order they are declared</dd>"
                ]
            },
            "seeAlso": null
        },
        "valueOf(java.lang.String)": {
            "elementId": "valueOf(java.lang.String)",
            "methodAnnotations": null,
            "methodName": "valueOf",
            "methodSignature": "public static ScheduledEvent.Type valueOf(String name)",
            "parameters": [
                {
                    "annotations": [],
                    "type": "java.lang.String",
                    "simpleType": "String",
                    "name": "name"
                }
            ],
            "methodReturnType": "ScheduledEvent.Type",
            "isStatic": true,
            "descriptionElements": [
                "<div class=\"block\">\n Returns the enum constant of this type with the specified name. The string must match <i>exactly</i> an identifier used to declare an enum constant in this type. (Extraneous whitespace characters are not permitted.)\n</div>"
            ],
            "deprecationElement": null,
            "details": {
                "PARAMETERS": [
                    "<dd>\n <code>name</code> - the name of the enum constant to be returned.\n</dd>"
                ],
                "RETURNS": [
                    "<dd>the enum constant with the specified name</dd>"
                ],
                "THROWS": [
                    "<dd>\n <code><a href=\"https://docs.oracle.com/javase/8/docs/api/java/lang/IllegalArgumentException.html\" title=\"class or interface in java.lang\" class=\"external-link\">IllegalArgumentException</a></code> - if this enum type has no constant with the specified name\n</dd>",
                    "<dd>\n <code><a href=\"https://docs.oracle.com/javase/8/docs/api/java/lang/NullPointerException.html\" title=\"class or interface in java.lang\" class=\"external-link\">NullPointerException</a></code> - if the argument is null\n</dd>"
                ]
            },
            "seeAlso": null
        },
        "isChannel()": {
            "elementId": "isChannel()",
            "methodAnnotations": null,
            "methodName": "isChannel",
            "methodSignature": "public boolean isChannel()",
            "parameters": [],
            "methodReturnType": "boolean",
            "isStatic": false,
            "descriptionElements": [
                "<div class=\"block\">\n Whether the event is scheduled to be held in a <a href=\"channel/middleman/GuildChannel.html\" title=\"interface in net.dv8tion.jda.api.entities.channel.middleman\"><code>GuildChannel</code></a>.\n</div>"
            ],
            "deprecationElement": null,
            "details": {
                "RETURNS": [
                    "<dd>\n True, if the event is scheduled to be held in a <a href=\"channel/middleman/GuildChannel.html\" title=\"interface in net.dv8tion.jda.api.entities.channel.middleman\"><code>GuildChannel</code></a>\n</dd>"
                ]
            },
            "seeAlso": null
        },
        "fromKey(int)": {
            "elementId": "fromKey(int)",
            "methodAnnotations": "@Nonnull",
            "methodName": "fromKey",
            "methodSignature": "@Nonnull public static ScheduledEvent.Type fromKey(int key)",
            "parameters": [
                {
                    "annotations": [],
                    "type": "int",
                    "simpleType": "int",
                    "name": "key"
                }
            ],
            "methodReturnType": "ScheduledEvent.Type",
            "isStatic": true,
            "descriptionElements": [
                "<div class=\"block\">Used to retrieve a Type based on a Discord id key.</div>"
            ],
            "deprecationElement": null,
            "details": {
                "PARAMETERS": [
                    "<dd>\n <code>key</code> - The Discord id key representing the requested Type.\n</dd>"
                ],
                "RETURNS": [
                    "<dd>\n The Type related to the provided key, or <a href=\"#UNKNOWN\"><code>Type.UNKNOWN</code></a> if the key is not recognized.\n</dd>"
                ]
            },
            "seeAlso": null
        },
        "getKey()": {
            "elementId": "getKey()",
            "methodAnnotations": null,
            "methodName": "getKey",
            "methodSignature": "public int getKey()",
            "parameters": [],
            "methodReturnType": "int",
            "isStatic": false,
            "descriptionElements": [
                "<div class=\"block\">The Discord id key used to represent the scheduled event type.</div>"
            ],
            "deprecationElement": null,
            "details": {
                "RETURNS": [
                    "<dd>The id key used by discord for this scheduled event type.</dd>"
                ]
            },
            "seeAlso": null
        }
    },
    "fields": {
        "VOICE": {
            "elementId": "VOICE",
            "fieldName": "VOICE",
            "fieldType": "ScheduledEvent.Type",
            "fieldValue": null,
            "descriptionElements": [
                "<div class=\"block\">\n An event inside a <a href=\"channel/concrete/VoiceChannel.html\" title=\"interface in net.dv8tion.jda.api.entities.channel.concrete\"><code>VoiceChannel</code></a>\n</div>"
            ],
            "deprecationElement": null,
            "modifiers": "public static final"
        },
        "EXTERNAL": {
            "elementId": "EXTERNAL",
            "fieldName": "EXTERNAL",
            "fieldType": "ScheduledEvent.Type",
            "fieldValue": null,
            "descriptionElements": [
                "<div class=\"block\">An event held externally.</div>"
            ],
            "deprecationElement": null,
            "modifiers": "public static final"
        },
        "STAGE_INSTANCE": {
            "elementId": "STAGE_INSTANCE",
            "fieldName": "STAGE_INSTANCE",
            "fieldType": "ScheduledEvent.Type",
            "fieldValue": null,
            "descriptionElements": [
                "<div class=\"block\">\n An event with it's own <a href=\"StageInstance.html\" title=\"interface in net.dv8tion.jda.api.entities\"><code>StageInstance</code></a>\n</div>"
            ],
            "deprecationElement": null,
            "modifiers": "public static final"
        },
        "UNKNOWN": {
            "elementId": "UNKNOWN",
            "fieldName": "UNKNOWN",
            "fieldType": "ScheduledEvent.Type",
            "fieldValue": null,
            "descriptionElements": [
                "<div class=\"block\">Unknown future types that may be added by Discord which aren't represented in JDA yet.</div>"
            ],
            "deprecationElement": null,
            "modifiers": "public static final"
        }
    }
}