{
    "classNameFqcn": "net.dv8tion.jda.api.entities.ScheduledEvent.Status",
    "descriptionElements": [
        "<div class=\"block\">\n Represents the status of a scheduled event.\n</div>"
    ],
    "deprecationElement": null,
    "details": {
        "SEE_ALSO": [
            "<dd>\n <ul class=\"see-list\">\n  <li><a href=\"ScheduledEvent.html#getStatus()\"><code>ScheduledEvent.getStatus()</code></a></li>\n </ul>\n</dd>"
        ],
        "ALL_IMPLEMENTED_INTERFACES": [
            "<dd>\n <code><a href=\"https://docs.oracle.com/javase/8/docs/api/java/io/Serializable.html\" title=\"class or interface in java.io\" class=\"external-link\">Serializable</a></code>, <code><a href=\"https://docs.oracle.com/javase/8/docs/api/java/lang/Comparable.html\" title=\"class or interface in java.lang\" class=\"external-link\">Comparable</a>&lt;<a href=\"ScheduledEvent.Status.html\" title=\"enum in net.dv8tion.jda.api.entities\">ScheduledEvent.Status</a>&gt;</code>\n</dd>"
        ],
        "ENCLOSING_INTERFACE": [
            "<dd>\n <a href=\"ScheduledEvent.html\" title=\"interface in net.dv8tion.jda.api.entities\">ScheduledEvent</a>\n</dd>"
        ]
    },
    "seeAlso": {
        "references": [
            {
                "text": "ScheduledEvent#getStatus()",
                "link": "https://docs.jda.wiki/net/dv8tion/jda/api/entities/ScheduledEvent.html#getStatus()",
                "targetType": "METHOD",
                "fullSignature": "ScheduledEvent#getStatus()"
            }
        ]
    },
    "methods": {
        "values()": {
            "elementId": "values()",
            "methodAnnotations": null,
            "methodName": "values",
            "methodSignature": "public static ScheduledEvent.Status[] values()",
            "methodParameters": null,
            "methodReturnType": "ScheduledEvent.Status[]",
            "isStatic": true,
            "descriptionElements": [
                "<div class=\"block\">\n Returns an array containing the constants of this enum type, in the order they are declared.\n</div>"
            ],
            "deprecationElement": null,
            "details": {
                "RETURNS": [
                    "<dd>\n an array containing the constants of this enum type, in the order they are declared\n</dd>"
                ]
            },
            "seeAlso": null
        },
        "valueOf(java.lang.String)": {
            "elementId": "valueOf(java.lang.String)",
            "methodAnnotations": null,
            "methodName": "valueOf",
            "methodSignature": "public static ScheduledEvent.Status valueOf(String name)",
            "methodParameters": {
                "originalText": "(String name)",
                "parameters": [
                    {
                        "annotations": [],
                        "type": "String",
                        "simpleType": "String",
                        "name": "name"
                    }
                ]
            },
            "methodReturnType": "ScheduledEvent.Status",
            "isStatic": true,
            "descriptionElements": [
                "<div class=\"block\">\n Returns the enum constant of this type with the specified name. The string must match <i>exactly</i> an identifier used to declare an enum constant in this type. (Extraneous whitespace characters are not permitted.)\n</div>"
            ],
            "deprecationElement": null,
            "details": {
                "PARAMETERS": [
                    "<dd>\n <code>name</code> - the name of the enum constant to be returned.\n</dd>"
                ],
                "RETURNS": [
                    "<dd>\n the enum constant with the specified name\n</dd>"
                ],
                "THROWS": [
                    "<dd>\n <code><a href=\"https://docs.oracle.com/javase/8/docs/api/java/lang/IllegalArgumentException.html\" title=\"class or interface in java.lang\" class=\"external-link\">IllegalArgumentException</a></code> - if this enum type has no constant with the specified name\n</dd>",
                    "<dd>\n <code><a href=\"https://docs.oracle.com/javase/8/docs/api/java/lang/NullPointerException.html\" title=\"class or interface in java.lang\" class=\"external-link\">NullPointerException</a></code> - if the argument is null\n</dd>"
                ]
            },
            "seeAlso": null
        },
        "fromKey(int)": {
            "elementId": "fromKey(int)",
            "methodAnnotations": "@Nonnull",
            "methodName": "fromKey",
            "methodSignature": "@Nonnull public static ScheduledEvent.Status fromKey(int key)",
            "methodParameters": {
                "originalText": "(int key)",
                "parameters": [
                    {
                        "annotations": [],
                        "type": "int",
                        "simpleType": "int",
                        "name": "key"
                    }
                ]
            },
            "methodReturnType": "ScheduledEvent.Status",
            "isStatic": true,
            "descriptionElements": [
                "<div class=\"block\">\n Used to retrieve a Status based on a Discord id key.\n</div>"
            ],
            "deprecationElement": null,
            "details": {
                "PARAMETERS": [
                    "<dd>\n <code>key</code> - The Discord id key representing the requested Status.\n</dd>"
                ],
                "RETURNS": [
                    "<dd>\n The Status related to the provided key, or <a href=\"#UNKNOWN\"><code>Status.UNKNOWN</code></a> if the key is not recognized.\n</dd>"
                ]
            },
            "seeAlso": null
        },
        "getKey()": {
            "elementId": "getKey()",
            "methodAnnotations": null,
            "methodName": "getKey",
            "methodSignature": "public int getKey()",
            "methodParameters": null,
            "methodReturnType": "int",
            "isStatic": false,
            "descriptionElements": [
                "<div class=\"block\">\n The Discord id key for this Status.\n</div>"
            ],
            "deprecationElement": null,
            "details": {
                "RETURNS": [
                    "<dd>\n The id key for this Status\n</dd>"
                ]
            },
            "seeAlso": null
        }
    },
    "fields": {
        "COMPLETED": {
            "elementId": "COMPLETED",
            "fieldName": "COMPLETED",
            "fieldType": "ScheduledEvent.Status",
            "fieldValue": null,
            "descriptionElements": [],
            "deprecationElement": null,
            "modifiers": "public static final"
        },
        "ACTIVE": {
            "elementId": "ACTIVE",
            "fieldName": "ACTIVE",
            "fieldType": "ScheduledEvent.Status",
            "fieldValue": null,
            "descriptionElements": [],
            "deprecationElement": null,
            "modifiers": "public static final"
        },
        "CANCELED": {
            "elementId": "CANCELED",
            "fieldName": "CANCELED",
            "fieldType": "ScheduledEvent.Status",
            "fieldValue": null,
            "descriptionElements": [],
            "deprecationElement": null,
            "modifiers": "public static final"
        },
        "UNKNOWN": {
            "elementId": "UNKNOWN",
            "fieldName": "UNKNOWN",
            "fieldType": "ScheduledEvent.Status",
            "fieldValue": null,
            "descriptionElements": [],
            "deprecationElement": null,
            "modifiers": "public static final"
        },
        "SCHEDULED": {
            "elementId": "SCHEDULED",
            "fieldName": "SCHEDULED",
            "fieldType": "ScheduledEvent.Status",
            "fieldValue": null,
            "descriptionElements": [],
            "deprecationElement": null,
            "modifiers": "public static final"
        }
    }
}