{
    "classNameFqcn": "net.dv8tion.jda.api.entities.ScheduledEvent",
    "descriptionElements": [
        "<div class=\"block\">\n A class representing a <a href=\"ScheduledEvent.html\" title=\"interface in net.dv8tion.jda.api.entities\"><code>ScheduledEvent</code></a> (The events that show up under the events tab in the Official Discord Client). These events should not be confused with <a href=\"../events/package-summary.html\"><code>Gateway Events</code></a>, which are fired by Discord whenever something interesting happens (ie., a <a href=\"../events/message/MessageDeleteEvent.html\" title=\"class in net.dv8tion.jda.api.events.message\"><code>MessageDeleteEvent</code></a> gets fired whenever a message gets deleted).\n</div>"
    ],
    "deprecationElement": null,
    "details": {
        "SUPER_INTERFACES": [
            "<dd>\n <code><a href=\"https://docs.oracle.com/javase/8/docs/api/java/lang/Comparable.html\" title=\"class or interface in java.lang\" class=\"external-link\">Comparable</a>&lt;<a href=\"ScheduledEvent.html\" title=\"interface in net.dv8tion.jda.api.entities\">ScheduledEvent</a>&gt;</code>, <code><a href=\"ISnowflake.html\" title=\"interface in net.dv8tion.jda.api.entities\">ISnowflake</a></code>\n</dd>"
        ]
    },
    "seeAlso": null,
    "methods": {
        "getCreatorId()": {
            "elementId": "getCreatorId()",
            "methodAnnotations": "@Nullable",
            "methodName": "getCreatorId",
            "methodSignature": "@Nullable default String getCreatorId()",
            "methodParameters": null,
            "methodReturnType": "String",
            "isStatic": false,
            "descriptionElements": [
                "<div class=\"block\">\n The ID of the user who originally created this event. \n <br>\n This method may return <code>null</code> if the event was created before Discord started keeping track of event creators on October 21st, 2021.\n</div>"
            ],
            "deprecationElement": null,
            "details": {
                "RETURNS": [
                    "<dd>\n The Id of the user who created this event, or <code>null</code> if no user is associated with creating this event.\n</dd>"
                ],
                "SEE_ALSO": [
                    "<dd>\n <ul class=\"see-list\">\n  <li><a href=\"#getCreatorIdLong()\"><code>getCreatorIdLong()</code></a></li>\n  <li><a href=\"#getCreator()\"><code>getCreator()</code></a></li>\n </ul>\n</dd>"
                ]
            },
            "seeAlso": {
                "references": [
                    {
                        "text": "getCreatorIdLong()",
                        "link": "https://docs.jda.wiki/net/dv8tion/jda/api/entities/ScheduledEvent.html#getCreatorIdLong()",
                        "targetType": "METHOD",
                        "fullSignature": "ScheduledEvent#getCreatorIdLong()"
                    },
                    {
                        "text": "getCreator()",
                        "link": "https://docs.jda.wiki/net/dv8tion/jda/api/entities/ScheduledEvent.html#getCreator()",
                        "targetType": "METHOD",
                        "fullSignature": "ScheduledEvent#getCreator()"
                    }
                ]
            }
        },
        "getJDA()": {
            "elementId": "getJDA()",
            "methodAnnotations": "@Nonnull",
            "methodName": "getJDA",
            "methodSignature": "@Nonnull default JDA getJDA()",
            "methodParameters": null,
            "methodReturnType": "JDA",
            "isStatic": false,
            "descriptionElements": [
                "<div class=\"block\">\n The JDA instance associated with this event object\n</div>"
            ],
            "deprecationElement": null,
            "details": {
                "RETURNS": [
                    "<dd>\n The JDA instance\n</dd>"
                ]
            },
            "seeAlso": null
        },
        "getDescription()": {
            "elementId": "getDescription()",
            "methodAnnotations": "@Nullable",
            "methodName": "getDescription",
            "methodSignature": "@Nullable String getDescription()",
            "methodParameters": null,
            "methodReturnType": "String",
            "isStatic": false,
            "descriptionElements": [
                "<div class=\"block\">\n The description of the event.\n</div>"
            ],
            "deprecationElement": null,
            "details": {
                "RETURNS": [
                    "<dd>\n The description, or <code>null</code> if none is specified\n</dd>"
                ]
            },
            "seeAlso": null
        },
        "getChannel()": {
            "elementId": "getChannel()",
            "methodAnnotations": "@Nullable",
            "methodName": "getChannel",
            "methodSignature": "@Nullable GuildChannelUnion getChannel()",
            "methodParameters": null,
            "methodReturnType": "GuildChannelUnion",
            "isStatic": false,
            "descriptionElements": [
                "<div class=\"block\">\n The guild channel the event is set to take place in. \n <br>\n Note that this method is only applicable to events which are not of <a href=\"ScheduledEvent.Type.html#STAGE_INSTANCE\"><code>ScheduledEvent.Type.STAGE_INSTANCE</code></a> or <a href=\"ScheduledEvent.Type.html#VOICE\"><code>ScheduledEvent.Type.VOICE</code></a>.\n</div>"
            ],
            "deprecationElement": null,
            "details": {
                "RETURNS": [
                    "<dd>\n The guild channel, or <code>null</code> if the guild channel was deleted or if the event is of <a href=\"ScheduledEvent.Type.html#EXTERNAL\"><code>ScheduledEvent.Type.EXTERNAL</code></a>\n</dd>"
                ],
                "SEE_ALSO": [
                    "<dd>\n <ul class=\"see-list\">\n  <li><a href=\"#getType()\"><code>getType()</code></a></li>\n  <li><a href=\"#getLocation()\"><code>getLocation()</code></a></li>\n </ul>\n</dd>"
                ]
            },
            "seeAlso": {
                "references": [
                    {
                        "text": "getType()",
                        "link": "https://docs.jda.wiki/net/dv8tion/jda/api/entities/ScheduledEvent.html#getType()",
                        "targetType": "METHOD",
                        "fullSignature": "ScheduledEvent#getType()"
                    },
                    {
                        "text": "getLocation()",
                        "link": "https://docs.jda.wiki/net/dv8tion/jda/api/entities/ScheduledEvent.html#getLocation()",
                        "targetType": "METHOD",
                        "fullSignature": "ScheduledEvent#getLocation()"
                    }
                ]
            }
        },
        "getImage()": {
            "elementId": "getImage()",
            "methodAnnotations": "@Nullable",
            "methodName": "getImage",
            "methodSignature": "@Nullable default ImageProxy getImage()",
            "methodParameters": null,
            "methodReturnType": "ImageProxy",
            "isStatic": false,
            "descriptionElements": [
                "<div class=\"block\">\n Returns an <a href=\"../utils/ImageProxy.html\" title=\"class in net.dv8tion.jda.api.utils\"><code>ImageProxy</code></a> for this events cover image.\n</div>"
            ],
            "deprecationElement": null,
            "details": {
                "RETURNS": [
                    "<dd>\n The <a href=\"../utils/ImageProxy.html\" title=\"class in net.dv8tion.jda.api.utils\"><code>ImageProxy</code></a> for this events cover image or null if no image is defined\n</dd>"
                ],
                "SEE_ALSO": [
                    "<dd>\n <ul class=\"see-list\">\n  <li><a href=\"#getImageUrl()\"><code>getImageUrl()</code></a></li>\n </ul>\n</dd>"
                ]
            },
            "seeAlso": {
                "references": [
                    {
                        "text": "getImageUrl()",
                        "link": "https://docs.jda.wiki/net/dv8tion/jda/api/entities/ScheduledEvent.html#getImageUrl()",
                        "targetType": "METHOD",
                        "fullSignature": "ScheduledEvent#getImageUrl()"
                    }
                ]
            }
        },
        "getStartTime()": {
            "elementId": "getStartTime()",
            "methodAnnotations": "@Nonnull",
            "methodName": "getStartTime",
            "methodSignature": "@Nonnull OffsetDateTime getStartTime()",
            "methodParameters": null,
            "methodReturnType": "OffsetDateTime",
            "isStatic": false,
            "descriptionElements": [
                "<div class=\"block\">\n The time the event is set to start at.\n</div>"
            ],
            "deprecationElement": null,
            "details": {
                "RETURNS": [
                    "<dd>\n The time the event is set to start at\n</dd>"
                ],
                "SEE_ALSO": [
                    "<dd>\n <ul class=\"see-list\">\n  <li><a href=\"#getEndTime()\"><code>getEndTime()</code></a></li>\n </ul>\n</dd>"
                ]
            },
            "seeAlso": {
                "references": [
                    {
                        "text": "getEndTime()",
                        "link": "https://docs.jda.wiki/net/dv8tion/jda/api/entities/ScheduledEvent.html#getEndTime()",
                        "targetType": "METHOD",
                        "fullSignature": "ScheduledEvent#getEndTime()"
                    }
                ]
            }
        },
        "compareTo(net.dv8tion.jda.api.entities.ScheduledEvent)": {
            "elementId": "compareTo(net.dv8tion.jda.api.entities.ScheduledEvent)",
            "methodAnnotations": null,
            "methodName": "compareTo",
            "methodSignature": "int compareTo(@Nonnull ScheduledEvent scheduledEvent)",
            "methodParameters": {
                "originalText": "(@Nonnull ScheduledEvent scheduledEvent)",
                "parameters": [
                    {
                        "annotations": [
                            "Nonnull"
                        ],
                        "type": "ScheduledEvent",
                        "simpleType": "ScheduledEvent",
                        "name": "scheduledEvent"
                    }
                ]
            },
            "methodReturnType": "int",
            "isStatic": false,
            "descriptionElements": [
                "<div class=\"block\">\n Compares two <a href=\"ScheduledEvent.html\" title=\"interface in net.dv8tion.jda.api.entities\"><code>ScheduledEvent</code></a> objects based on their scheduled start times. \n <br>\n If two events are set to start at the same time, the comparison will be made based on their snowflake ID.\n</div>"
            ],
            "deprecationElement": null,
            "details": {
                "PARAMETERS": [
                    "<dd>\n <code>scheduledEvent</code> - The provided scheduled event\n</dd>"
                ],
                "RETURNS": [
                    "<dd>\n A negative number if the original event (which is the event that the <a href=\"#compareTo(net.dv8tion.jda.api.entities.ScheduledEvent)\"><code>compareTo</code></a> method is called upon) starts sooner than the provided event, or positive if it will start later than the provided event. If both events are set to start at the same time, then the result will be negative if the original event's snowflake ID is less than the provided event's ID, positive if it is greater than, or 0 if they are the same.\n</dd>"
                ],
                "SEE_ALSO": [
                    "<dd>\n <ul class=\"see-list\">\n  <li><a href=\"https://docs.oracle.com/javase/8/docs/api/java/lang/Comparable.html#compareTo-T-\" title=\"class or interface in java.lang\" class=\"external-link\"><code>Comparable.compareTo(Object)</code></a></li>\n  <li><a href=\"#getStartTime()\"><code>getStartTime()</code></a></li>\n  <li><a href=\"ISnowflake.html#getIdLong()\"><code>ISnowflake.getIdLong()</code></a></li>\n </ul>\n</dd>"
                ],
                "SPECIFIED_BY": [
                    "<dd>\n <code><a href=\"https://docs.oracle.com/javase/8/docs/api/java/lang/Comparable.html#compareTo-T-\" title=\"class or interface in java.lang\" class=\"external-link\">compareTo</a></code>&nbsp;in interface&nbsp;<code><a href=\"https://docs.oracle.com/javase/8/docs/api/java/lang/Comparable.html\" title=\"class or interface in java.lang\" class=\"external-link\">Comparable</a>&lt;<a href=\"ScheduledEvent.html\" title=\"interface in net.dv8tion.jda.api.entities\">ScheduledEvent</a>&gt;</code>\n</dd>"
                ],
                "THROWS": [
                    "<dd>\n <code><a href=\"https://docs.oracle.com/javase/8/docs/api/java/lang/IllegalArgumentException.html\" title=\"class or interface in java.lang\" class=\"external-link\">IllegalArgumentException</a></code> - If the provided scheduled event is <code>null</code>, from a different <a href=\"Guild.html\" title=\"interface in net.dv8tion.jda.api.entities\"><code>Guild</code></a>, or is not a valid scheduled event provided by JDA.\n</dd>"
                ]
            },
            "seeAlso": {
                "references": [
                    {
                        "text": "Comparable.compareTo(Object)",
                        "link": "https://docs.oracle.com/javase/8/docs/api/java/lang/Comparable.html#compareTo-T-",
                        "targetType": "UNKNOWN",
                        "fullSignature": null
                    },
                    {
                        "text": "getStartTime()",
                        "link": "https://docs.jda.wiki/net/dv8tion/jda/api/entities/ScheduledEvent.html#getStartTime()",
                        "targetType": "METHOD",
                        "fullSignature": "ScheduledEvent#getStartTime()"
                    },
                    {
                        "text": "ISnowflake#getIdLong()",
                        "link": "https://docs.jda.wiki/net/dv8tion/jda/api/entities/ISnowflake.html#getIdLong()",
                        "targetType": "METHOD",
                        "fullSignature": "ISnowflake#getIdLong()"
                    }
                ]
            }
        },
        "getInterestedUserCount()": {
            "elementId": "getInterestedUserCount()",
            "methodAnnotations": null,
            "methodName": "getInterestedUserCount",
            "methodSignature": "int getInterestedUserCount()",
            "methodParameters": null,
            "methodReturnType": "int",
            "isStatic": false,
            "descriptionElements": [
                "<div class=\"block\">\n The amount of users who are interested in attending the event. \n <p>This method only returns the cached count, and may not be consistent with the live count. Discord may additionally not provide an interested user count for some <a href=\"ScheduledEvent.html\" title=\"interface in net.dv8tion.jda.api.entities\"><code>ScheduledEvent</code></a> objects returned from the Guild's or JDA's cache, and this method may return -1 as a result. However, event's retrieved using <a href=\"Guild.html#retrieveScheduledEventById(long)\"><code>Guild.retrieveScheduledEventById(long)</code></a> will always contain an interested user count.</p>\n</div>"
            ],
            "deprecationElement": null,
            "details": {
                "RETURNS": [
                    "<dd>\n The amount of users who are interested in attending the event\n</dd>"
                ],
                "SEE_ALSO": [
                    "<dd>\n <ul class=\"see-list-long\">\n  <li><a href=\"Guild.html#retrieveScheduledEventById(long)\"><code>Guild.retrieveScheduledEventById(long)</code></a></li>\n  <li><a href=\"Guild.html#retrieveScheduledEventById(java.lang.String)\"><code>Guild.retrieveScheduledEventById(String)</code></a></li>\n </ul>\n</dd>"
                ]
            },
            "seeAlso": {
                "references": [
                    {
                        "text": "Guild#retrieveScheduledEventById(long)",
                        "link": "https://docs.jda.wiki/net/dv8tion/jda/api/entities/Guild.html#retrieveScheduledEventById(long)",
                        "targetType": "METHOD",
                        "fullSignature": "Guild#retrieveScheduledEventById(long)"
                    },
                    {
                        "text": "Guild#retrieveScheduledEventById(String)",
                        "link": "https://docs.jda.wiki/net/dv8tion/jda/api/entities/Guild.html#retrieveScheduledEventById(java.lang.String)",
                        "targetType": "METHOD",
                        "fullSignature": "Guild#retrieveScheduledEventById(String)"
                    }
                ]
            }
        },
        "getManager()": {
            "elementId": "getManager()",
            "methodAnnotations": "@Nonnull @CheckReturnValue",
            "methodName": "getManager",
            "methodSignature": "@Nonnull @CheckReturnValue ScheduledEventManager getManager()",
            "methodParameters": null,
            "methodReturnType": "ScheduledEventManager",
            "isStatic": false,
            "descriptionElements": [
                "<div class=\"block\">\n The <a href=\"../managers/ScheduledEventManager.html\" title=\"interface in net.dv8tion.jda.api.managers\"><code>ScheduledEventManager</code></a> for this event. \n <br>\n In the ScheduledEventManager, you can modify all values and also start, end, or cancel events. \n <br>\n You can modify multiple fields in one request by chaining setters before calling <a href=\"../requests/RestAction.html#queue()\"><code>RestAction.queue()</code></a>.\n</div>"
            ],
            "deprecationElement": null,
            "details": {
                "RETURNS": [
                    "<dd>\n The ScheduledEventManager of this event\n</dd>"
                ],
                "THROWS": [
                    "<dd>\n <code><a href=\"../exceptions/InsufficientPermissionException.html\" title=\"class in net.dv8tion.jda.api.exceptions\">InsufficientPermissionException</a></code> - If the currently logged in account does not have <a href=\"../Permission.html#MANAGE_EVENTS\"><code>Permission.MANAGE_EVENTS</code></a>\n</dd>"
                ]
            },
            "seeAlso": null
        },
        "getIdLong()": {
            "elementId": "getIdLong()",
            "methodAnnotations": null,
            "methodName": "getIdLong",
            "methodSignature": "long getIdLong()",
            "methodParameters": null,
            "methodReturnType": "long",
            "isStatic": false,
            "descriptionElements": [
                "<div class=\"block\">\n The Snowflake id of this entity. This is unique to every entity and will never change.\n</div>"
            ],
            "deprecationElement": null,
            "details": {
                "RETURNS": [
                    "<dd>\n Long containing the Id.\n</dd>"
                ]
            },
            "seeAlso": null
        },
        "getCreator()": {
            "elementId": "getCreator()",
            "methodAnnotations": "@Nullable",
            "methodName": "getCreator",
            "methodSignature": "@Nullable User getCreator()",
            "methodParameters": null,
            "methodReturnType": "User",
            "isStatic": false,
            "descriptionElements": [
                "<div class=\"block\">\n The user who originally created the event. \n <p>May return <code>null</code> if user has deleted their account, the <a href=\"User.html\" title=\"interface in net.dv8tion.jda.api.entities\"><code>User</code></a> object is not cached or the event was created before Discord started keeping track of event creators on October 21st, 2021.</p>\n</div>"
            ],
            "deprecationElement": null,
            "details": {
                "RETURNS": [
                    "<dd>\n <a href=\"User.html\" title=\"interface in net.dv8tion.jda.api.entities\"><code>User</code></a> object representing the event's creator or <code>null</code>.\n</dd>"
                ],
                "SEE_ALSO": [
                    "<dd>\n <ul class=\"see-list\">\n  <li><a href=\"#getCreatorId()\"><code>getCreatorId()</code></a></li>\n  <li><a href=\"#getCreatorIdLong()\"><code>getCreatorIdLong()</code></a></li>\n </ul>\n</dd>"
                ]
            },
            "seeAlso": {
                "references": [
                    {
                        "text": "getCreatorId()",
                        "link": "https://docs.jda.wiki/net/dv8tion/jda/api/entities/ScheduledEvent.html#getCreatorId()",
                        "targetType": "METHOD",
                        "fullSignature": "ScheduledEvent#getCreatorId()"
                    },
                    {
                        "text": "getCreatorIdLong()",
                        "link": "https://docs.jda.wiki/net/dv8tion/jda/api/entities/ScheduledEvent.html#getCreatorIdLong()",
                        "targetType": "METHOD",
                        "fullSignature": "ScheduledEvent#getCreatorIdLong()"
                    }
                ]
            }
        },
        "getLocation()": {
            "elementId": "getLocation()",
            "methodAnnotations": "@Nonnull",
            "methodName": "getLocation",
            "methodSignature": "@Nonnull String getLocation()",
            "methodParameters": null,
            "methodReturnType": "String",
            "isStatic": false,
            "descriptionElements": [
                "<div class=\"block\">\n The location the event is set to take place in. This will return the channel id for <a href=\"ScheduledEvent.Type.html#STAGE_INSTANCE\"><code>ScheduledEvent.Type.STAGE_INSTANCE</code></a> and <a href=\"ScheduledEvent.Type.html#VOICE\"><code>ScheduledEvent.Type.VOICE</code></a>.\n</div>"
            ],
            "deprecationElement": null,
            "details": {
                "RETURNS": [
                    "<dd>\n The channel id or the external location of the event\n</dd>"
                ],
                "SEE_ALSO": [
                    "<dd>\n <ul class=\"see-list\">\n  <li><a href=\"#getType()\"><code>getType()</code></a></li>\n  <li><a href=\"#getChannel()\"><code>getChannel()</code></a></li>\n </ul>\n</dd>"
                ]
            },
            "seeAlso": {
                "references": [
                    {
                        "text": "getType()",
                        "link": "https://docs.jda.wiki/net/dv8tion/jda/api/entities/ScheduledEvent.html#getType()",
                        "targetType": "METHOD",
                        "fullSignature": "ScheduledEvent#getType()"
                    },
                    {
                        "text": "getChannel()",
                        "link": "https://docs.jda.wiki/net/dv8tion/jda/api/entities/ScheduledEvent.html#getChannel()",
                        "targetType": "METHOD",
                        "fullSignature": "ScheduledEvent#getChannel()"
                    }
                ]
            }
        },
        "retrieveInterestedMembers()": {
            "elementId": "retrieveInterestedMembers()",
            "methodAnnotations": "@Nonnull @CheckReturnValue",
            "methodName": "retrieveInterestedMembers",
            "methodSignature": "@Nonnull @CheckReturnValue ScheduledEventMembersPaginationAction retrieveInterestedMembers()",
            "methodParameters": null,
            "methodReturnType": "ScheduledEventMembersPaginationAction",
            "isStatic": false,
            "descriptionElements": [
                "<div class=\"block\">\n A <a href=\"../requests/restaction/pagination/PaginationAction.html\" title=\"interface in net.dv8tion.jda.api.requests.restaction.pagination\"><code>PaginationAction</code></a> implementation that allows to <a href=\"https://docs.oracle.com/javase/8/docs/api/java/lang/Iterable.html\" title=\"class or interface in java.lang\" class=\"external-link\"><code>iterate</code></a> over all <a href=\"Member.html\" title=\"interface in net.dv8tion.jda.api.entities\"><code>Members</code></a> interested in this Event. \n <br>\n This iterates in ascending order by member id. \n <p>Possible ErrorResponses include:</p>\n <ul>\n  <li><a href=\"../requests/ErrorResponse.html#UNKNOWN_SCHEDULED_EVENT\"><code>ErrorResponse.UNKNOWN_SCHEDULED_EVENT</code></a> <br>\n   If the the event was already deleted.</li>\n  <li><a href=\"../requests/ErrorResponse.html#MISSING_ACCESS\"><code>MISSING_ACCESS</code></a> <br>\n   If we were removed from the Guild or can't view the events channel (Location)</li>\n </ul>\n</div>"
            ],
            "deprecationElement": null,
            "details": {
                "RETURNS": [
                    "<dd>\n <a href=\"../requests/restaction/pagination/ScheduledEventMembersPaginationAction.html\" title=\"interface in net.dv8tion.jda.api.requests.restaction.pagination\"><code>ScheduledEventMembersPaginationAction</code></a>\n</dd>"
                ]
            },
            "seeAlso": null
        },
        "getGuild()": {
            "elementId": "getGuild()",
            "methodAnnotations": "@Nonnull",
            "methodName": "getGuild",
            "methodSignature": "@Nonnull Guild getGuild()",
            "methodParameters": null,
            "methodReturnType": "Guild",
            "isStatic": false,
            "descriptionElements": [
                "<div class=\"block\">\n The guild that this event was created in\n</div>"
            ],
            "deprecationElement": null,
            "details": {
                "RETURNS": [
                    "<dd>\n The guild\n</dd>"
                ]
            },
            "seeAlso": null
        },
        "getId()": {
            "elementId": "getId()",
            "methodAnnotations": "@Nonnull",
            "methodName": "getId",
            "methodSignature": "@Nonnull default String getId()",
            "methodParameters": null,
            "methodReturnType": "String",
            "isStatic": false,
            "descriptionElements": [
                "<div class=\"block\">\n The Snowflake id of this entity. This is unique to every entity and will never change.\n</div>"
            ],
            "deprecationElement": null,
            "details": {
                "RETURNS": [
                    "<dd>\n Never-null String containing the Id.\n</dd>"
                ]
            },
            "seeAlso": null
        },
        "getName()": {
            "elementId": "getName()",
            "methodAnnotations": "@Nonnull",
            "methodName": "getName",
            "methodSignature": "@Nonnull String getName()",
            "methodParameters": null,
            "methodReturnType": "String",
            "isStatic": false,
            "descriptionElements": [
                "<div class=\"block\">\n The name of the event.\n</div>"
            ],
            "deprecationElement": null,
            "details": {
                "RETURNS": [
                    "<dd>\n The event's name\n</dd>"
                ]
            },
            "seeAlso": null
        },
        "getCreatorIdLong()": {
            "elementId": "getCreatorIdLong()",
            "methodAnnotations": null,
            "methodName": "getCreatorIdLong",
            "methodSignature": "long getCreatorIdLong()",
            "methodParameters": null,
            "methodReturnType": "long",
            "isStatic": false,
            "descriptionElements": [
                "<div class=\"block\">\n The ID of the user who originally created this event. \n <p>This method may return 0 if the event was created before Discord started keeping track of event creators on October 21st, 2021.</p>\n</div>"
            ],
            "deprecationElement": null,
            "details": {
                "RETURNS": [
                    "<dd>\n The ID of the user who created this event, or 0 if no user is associated with creating this event.\n</dd>"
                ],
                "SEE_ALSO": [
                    "<dd>\n <ul class=\"see-list\">\n  <li><a href=\"#getCreatorId()\"><code>getCreatorId()</code></a></li>\n  <li><a href=\"#getCreator()\"><code>getCreator()</code></a></li>\n </ul>\n</dd>"
                ]
            },
            "seeAlso": {
                "references": [
                    {
                        "text": "getCreatorId()",
                        "link": "https://docs.jda.wiki/net/dv8tion/jda/api/entities/ScheduledEvent.html#getCreatorId()",
                        "targetType": "METHOD",
                        "fullSignature": "ScheduledEvent#getCreatorId()"
                    },
                    {
                        "text": "getCreator()",
                        "link": "https://docs.jda.wiki/net/dv8tion/jda/api/entities/ScheduledEvent.html#getCreator()",
                        "targetType": "METHOD",
                        "fullSignature": "ScheduledEvent#getCreator()"
                    }
                ]
            }
        },
        "getTimeCreated()": {
            "elementId": "getTimeCreated()",
            "methodAnnotations": "@Nonnull",
            "methodName": "getTimeCreated",
            "methodSignature": "@Nonnull default OffsetDateTime getTimeCreated()",
            "methodParameters": null,
            "methodReturnType": "OffsetDateTime",
            "isStatic": false,
            "descriptionElements": [
                "<div class=\"block\">\n The time this entity was created. Calculated through the Snowflake in <a href=\"#getIdLong()\"><code>getIdLong()</code></a>.\n</div>"
            ],
            "deprecationElement": null,
            "details": {
                "RETURNS": [
                    "<dd>\n OffsetDateTime - Time this entity was created at.\n</dd>"
                ],
                "SEE_ALSO": [
                    "<dd>\n <ul class=\"see-list\">\n  <li><a href=\"../utils/TimeUtil.html#getTimeCreated(long)\"><code>TimeUtil.getTimeCreated(long)</code></a></li>\n </ul>\n</dd>"
                ]
            },
            "seeAlso": {
                "references": [
                    {
                        "text": "TimeUtil#getTimeCreated(long)",
                        "link": "https://docs.jda.wiki/net/dv8tion/jda/api/utils/TimeUtil.html#getTimeCreated(long)",
                        "targetType": "METHOD",
                        "fullSignature": "TimeUtil#getTimeCreated(long)"
                    }
                ]
            }
        },
        "getType()": {
            "elementId": "getType()",
            "methodAnnotations": "@Nonnull",
            "methodName": "getType",
            "methodSignature": "@Nonnull ScheduledEvent.Type getType()",
            "methodParameters": null,
            "methodReturnType": "ScheduledEvent.Type",
            "isStatic": false,
            "descriptionElements": [
                "<div class=\"block\">\n The <a href=\"ScheduledEvent.Type.html\" title=\"enum in net.dv8tion.jda.api.entities\"><code>type</code></a> of the scheduled event.\n</div>"
            ],
            "deprecationElement": null,
            "details": {
                "RETURNS": [
                    "<dd>\n The type, or <a href=\"ScheduledEvent.Type.html#UNKNOWN\"><code>ScheduledEvent.Type.UNKNOWN</code></a> if the type is unknown to JDA.\n</dd>"
                ]
            },
            "seeAlso": null
        },
        "delete()": {
            "elementId": "delete()",
            "methodAnnotations": "@Nonnull @CheckReturnValue",
            "methodName": "delete",
            "methodSignature": "@Nonnull @CheckReturnValue AuditableRestAction<Void> delete()",
            "methodParameters": null,
            "methodReturnType": "AuditableRestAction<Void>",
            "isStatic": false,
            "descriptionElements": [
                "<div class=\"block\">\n Deletes this Scheduled Event. \n <p>Possible ErrorResponses include:</p>\n <ul>\n  <li><a href=\"../requests/ErrorResponse.html#UNKNOWN_SCHEDULED_EVENT\"><code>UNKNOWN_SCHEDULED_EVENT</code></a> <br>\n   If the the event was already deleted.</li>\n  <li><a href=\"../requests/ErrorResponse.html#MISSING_PERMISSIONS\"><code>MISSING_PERMISSIONS</code></a> <br>\n   The send request was attempted after the account lost <a href=\"../Permission.html#MANAGE_EVENTS\"><code>Permission.MANAGE_EVENTS</code></a> in the guild.</li>\n  <li><a href=\"../requests/ErrorResponse.html#MISSING_ACCESS\"><code>MISSING_ACCESS</code></a> <br>\n   If we were removed from the Guild</li>\n </ul>\n</div>"
            ],
            "deprecationElement": null,
            "details": {
                "RETURNS": [
                    "<dd>\n <a href=\"../requests/restaction/AuditableRestAction.html\" title=\"interface in net.dv8tion.jda.api.requests.restaction\"><code>AuditableRestAction</code></a>\n</dd>"
                ],
                "THROWS": [
                    "<dd>\n <code><a href=\"../exceptions/InsufficientPermissionException.html\" title=\"class in net.dv8tion.jda.api.exceptions\">InsufficientPermissionException</a></code> - If we don't have the permission to <a href=\"../Permission.html#MANAGE_EVENTS\"><code>MANAGE_EVENTS</code></a>\n</dd>"
                ]
            },
            "seeAlso": null
        },
        "getImageUrl()": {
            "elementId": "getImageUrl()",
            "methodAnnotations": "@Nullable",
            "methodName": "getImageUrl",
            "methodSignature": "@Nullable String getImageUrl()",
            "methodParameters": null,
            "methodReturnType": "String",
            "isStatic": false,
            "descriptionElements": [
                "<div class=\"block\">\n The cover image url of the event. \n <p>Links to a potentially heavily compressed image. You can append a size parameter to the URL if needed. Example: <code>?size=4096</code></p>\n</div>"
            ],
            "deprecationElement": null,
            "details": {
                "RETURNS": [
                    "<dd>\n The image url, or <code>null</code> if none is specified\n</dd>"
                ]
            },
            "seeAlso": null
        },
        "getStatus()": {
            "elementId": "getStatus()",
            "methodAnnotations": "@Nonnull",
            "methodName": "getStatus",
            "methodSignature": "@Nonnull ScheduledEvent.Status getStatus()",
            "methodParameters": null,
            "methodReturnType": "ScheduledEvent.Status",
            "isStatic": false,
            "descriptionElements": [
                "<div class=\"block\">\n The <a href=\"ScheduledEvent.Status.html\" title=\"enum in net.dv8tion.jda.api.entities\"><code>status</code></a> of the scheduled event.\n</div>"
            ],
            "deprecationElement": null,
            "details": {
                "RETURNS": [
                    "<dd>\n The status, or <a href=\"ScheduledEvent.Status.html#UNKNOWN\"><code>ScheduledEvent.Status.UNKNOWN</code></a> if the status is unknown to JDA.\n</dd>"
                ]
            },
            "seeAlso": null
        },
        "getJumpUrl()": {
            "elementId": "getJumpUrl()",
            "methodAnnotations": "@Nonnull",
            "methodName": "getJumpUrl",
            "methodSignature": "@Nonnull String getJumpUrl()",
            "methodParameters": null,
            "methodReturnType": "String",
            "isStatic": false,
            "descriptionElements": [
                "<div class=\"block\">\n Returns the jump-to URL of the event. Clicking this URL in the Discord client will open the event.\n</div>"
            ],
            "deprecationElement": null,
            "details": {
                "RETURNS": [
                    "<dd>\n A String representing the jump-to URL of the event.\n</dd>"
                ]
            },
            "seeAlso": null
        },
        "getEndTime()": {
            "elementId": "getEndTime()",
            "methodAnnotations": "@Nullable",
            "methodName": "getEndTime",
            "methodSignature": "@Nullable OffsetDateTime getEndTime()",
            "methodParameters": null,
            "methodReturnType": "OffsetDateTime",
            "isStatic": false,
            "descriptionElements": [
                "<div class=\"block\">\n The time the event is set to end at. \n <br>\n The end time is only required for external events, which are events that are not associated with a stage or voice channel.\n</div>"
            ],
            "deprecationElement": null,
            "details": {
                "RETURNS": [
                    "<dd>\n The time the event is set to end at. This can't be <code>null</code> for events of <a href=\"ScheduledEvent.Type.html#EXTERNAL\"><code>ScheduledEvent.Type.EXTERNAL</code></a>, but can be null for other types.\n</dd>"
                ],
                "SEE_ALSO": [
                    "<dd>\n <ul class=\"see-list\">\n  <li><a href=\"#getType()\"><code>getType()</code></a></li>\n  <li><a href=\"#getStartTime()\"><code>getStartTime()</code></a></li>\n </ul>\n</dd>"
                ]
            },
            "seeAlso": {
                "references": [
                    {
                        "text": "getType()",
                        "link": "https://docs.jda.wiki/net/dv8tion/jda/api/entities/ScheduledEvent.html#getType()",
                        "targetType": "METHOD",
                        "fullSignature": "ScheduledEvent#getType()"
                    },
                    {
                        "text": "getStartTime()",
                        "link": "https://docs.jda.wiki/net/dv8tion/jda/api/entities/ScheduledEvent.html#getStartTime()",
                        "targetType": "METHOD",
                        "fullSignature": "ScheduledEvent#getStartTime()"
                    }
                ]
            }
        }
    },
    "fields": {
        "MAX_LOCATION_LENGTH": {
            "elementId": "MAX_LOCATION_LENGTH",
            "fieldName": "MAX_LOCATION_LENGTH",
            "fieldType": "int",
            "fieldValue": "100",
            "descriptionElements": [
                "<div class=\"block\">\n The maximum allowed length for an event's location.\n</div>"
            ],
            "deprecationElement": null,
            "modifiers": "static final"
        },
        "MAX_DESCRIPTION_LENGTH": {
            "elementId": "MAX_DESCRIPTION_LENGTH",
            "fieldName": "MAX_DESCRIPTION_LENGTH",
            "fieldType": "int",
            "fieldValue": "1000",
            "descriptionElements": [
                "<div class=\"block\">\n The maximum allowed length for an event's description.\n</div>"
            ],
            "deprecationElement": null,
            "modifiers": "static final"
        },
        "MAX_NAME_LENGTH": {
            "elementId": "MAX_NAME_LENGTH",
            "fieldName": "MAX_NAME_LENGTH",
            "fieldType": "int",
            "fieldValue": "100",
            "descriptionElements": [
                "<div class=\"block\">\n The maximum allowed length for an event's name.\n</div>"
            ],
            "deprecationElement": null,
            "modifiers": "static final"
        },
        "JUMP_URL": {
            "elementId": "JUMP_URL",
            "fieldName": "JUMP_URL",
            "fieldType": "String",
            "fieldValue": "\"https://discord.com/events/%s/%s\"",
            "descriptionElements": [
                "<div class=\"block\">\n Template for <a href=\"#getJumpUrl()\"><code>getJumpUrl()</code></a>. Args: .../guild_id/event_id\n</div>"
            ],
            "deprecationElement": null,
            "modifiers": "static final"
        },
        "IMAGE_URL": {
            "elementId": "IMAGE_URL",
            "fieldName": "IMAGE_URL",
            "fieldType": "String",
            "fieldValue": "\"https://cdn.discordapp.com/guild-events/%s/%s.%s\"",
            "descriptionElements": [
                "<div class=\"block\">\n Template for <a href=\"#getImageUrl()\"><code>getImageUrl()</code></a>\n</div>"
            ],
            "deprecationElement": null,
            "modifiers": "static final"
        }
    }
}