{
    "classNameFqcn": "net.dv8tion.jda.api.entities.SelfUser",
    "descriptionElements": [
        "<div class=\"block\">Represents the currently logged in account.</div>"
    ],
    "deprecationElement": null,
    "details": {
        "SEE_ALSO": [
            "<dd>\n <ul class=\"tag-list\">\n  <li><a href=\"../JDA.html#getSelfUser()\"><code>JDA.getSelfUser()</code></a></li>\n </ul>\n</dd>"
        ],
        "SUPER_INTERFACES": [
            "<dd>\n <code><a href=\"https://docs.oracle.com/javase/8/docs/api/java/util/Formattable.html\" title=\"class or interface in java.util\" class=\"external-link\">Formattable</a>, <a href=\"IMentionable.html\" title=\"interface in net.dv8tion.jda.api.entities\">IMentionable</a>, <a href=\"ISnowflake.html\" title=\"interface in net.dv8tion.jda.api.entities\">ISnowflake</a>, <a href=\"User.html\" title=\"interface in net.dv8tion.jda.api.entities\">User</a>, <a href=\"UserSnowflake.html\" title=\"interface in net.dv8tion.jda.api.entities\">UserSnowflake</a></code>\n</dd>"
        ]
    },
    "seeAlso": {
        "references": [
            {
                "text": "JDA#getSelfUser()",
                "link": "https://docs.jda.wiki/net/dv8tion/jda/api/JDA.html#getSelfUser()",
                "targetType": "METHOD",
                "fullSignature": "JDA#getSelfUser()"
            }
        ]
    },
    "methods": {
        "isMfaEnabled()": {
            "elementId": "isMfaEnabled()",
            "methodAnnotations": null,
            "methodName": "isMfaEnabled",
            "methodSignature": "boolean isMfaEnabled()",
            "parameters": [],
            "methodReturnType": "boolean",
            "isStatic": false,
            "descriptionElements": [
                "<div class=\"block\">\n If true, this account is protected by Multi-Factor authorization.\n <br>\n If this is a Client account, then this describes the MFA status of the Client account.\n <br>\n If this is a Bot account, then this describes the MFA status of the Client account that owns this Bot.\n</div>"
            ],
            "deprecationElement": null,
            "details": {
                "RETURNS": [
                    "<dd>True, if this account has MFA protecting it.</dd>"
                ]
            },
            "seeAlso": null
        },
        "getAsTag()": {
            "elementId": "getAsTag()",
            "methodAnnotations": "@Nonnull",
            "methodName": "getAsTag",
            "methodSignature": "@Nonnull String getAsTag()",
            "parameters": [],
            "methodReturnType": "String",
            "isStatic": false,
            "descriptionElements": [
                "<div class=\"block\">\n The \"tag\" for this user\n <p>This is the equivalent of calling <a href=\"https://docs.oracle.com/javase/8/docs/api/java/lang/String.html#format-java.lang.String-java.lang.Object...-\" title=\"class or interface in java.lang\" class=\"external-link\"><code>String.format</code></a>(\"%#s\", user)</p>\n <p>Users without a discriminator use <code>#0000</code> instead.</p>\n</div>"
            ],
            "deprecationElement": null,
            "details": {
                "RETURNS": [
                    "<dd>Never-null String containing the tag for this user, for example DV8FromTheWorld#6297</dd>"
                ]
            },
            "seeAlso": null
        },
        "getDefaultAvatar()": {
            "elementId": "getDefaultAvatar()",
            "methodAnnotations": "@Nonnull",
            "methodName": "getDefaultAvatar",
            "methodSignature": "@Nonnull default ImageProxy getDefaultAvatar()",
            "parameters": [],
            "methodReturnType": "ImageProxy",
            "isStatic": false,
            "descriptionElements": [
                "<div class=\"block\">\n Returns an <a href=\"../utils/ImageProxy.html\" title=\"class in net.dv8tion.jda.api.utils\"><code>ImageProxy</code></a> for this user's default avatar.\n</div>"
            ],
            "deprecationElement": null,
            "details": {
                "RETURNS": [
                    "<dd>\n Never-null <a href=\"../utils/ImageProxy.html\" title=\"class in net.dv8tion.jda.api.utils\"><code>ImageProxy</code></a> of this user's default avatar\n</dd>"
                ],
                "SEE_ALSO": [
                    "<dd>\n <ul class=\"tag-list\">\n  <li><a href=\"#getDefaultAvatarUrl()\"><code>getDefaultAvatarUrl()</code></a></li>\n </ul>\n</dd>"
                ]
            },
            "seeAlso": {
                "references": [
                    {
                        "text": "getDefaultAvatarUrl()",
                        "link": "https://docs.jda.wiki/net/dv8tion/jda/api/entities/UserSnowflake.html#getDefaultAvatarUrl()",
                        "targetType": "METHOD",
                        "fullSignature": "UserSnowflake#getDefaultAvatarUrl()"
                    }
                ]
            }
        },
        "getDefaultAvatarUrl()": {
            "elementId": "getDefaultAvatarUrl()",
            "methodAnnotations": "@Nonnull",
            "methodName": "getDefaultAvatarUrl",
            "methodSignature": "@Nonnull default String getDefaultAvatarUrl()",
            "parameters": [],
            "methodReturnType": "String",
            "isStatic": false,
            "descriptionElements": [
                "<div class=\"block\">The URL for the user's default avatar image.</div>"
            ],
            "deprecationElement": null,
            "details": {
                "RETURNS": [
                    "<dd>Never-null String containing the user's default avatar url.</dd>"
                ]
            },
            "seeAlso": null
        },
        "getFlags()": {
            "elementId": "getFlags()",
            "methodAnnotations": "@Nonnull",
            "methodName": "getFlags",
            "methodSignature": "@Nonnull EnumSet<User.UserFlag> getFlags()",
            "parameters": [],
            "methodReturnType": "EnumSet<User.UserFlag>",
            "isStatic": false,
            "descriptionElements": [
                "<div class=\"block\">\n Returns the <a href=\"User.UserFlag.html\" title=\"enum in net.dv8tion.jda.api.entities\"><code>UserFlags</code></a> of this user.\n</div>"
            ],
            "deprecationElement": null,
            "details": {
                "RETURNS": [
                    "<dd>EnumSet containing the flags of the user.</dd>"
                ]
            },
            "seeAlso": null
        },
        "getManager()": {
            "elementId": "getManager()",
            "methodAnnotations": "@Nonnull @CheckReturnValue",
            "methodName": "getManager",
            "methodSignature": "@Nonnull @CheckReturnValue AccountManager getManager()",
            "parameters": [],
            "methodReturnType": "AccountManager",
            "isStatic": false,
            "descriptionElements": [
                "<div class=\"block\">\n The <a href=\"../managers/AccountManager.html\" title=\"interface in net.dv8tion.jda.api.managers\"><code>AccountManager</code></a> for the currently logged in account.\n <br>\n This can be used to atomically set account fields (like avatar/username) You modify multiple fields in one request by chaining setters before calling <a href=\"../requests/RestAction.html#queue()\"><code>RestAction.queue()</code></a>.\n</div>"
            ],
            "deprecationElement": null,
            "details": {
                "RETURNS": [
                    "<dd>An AccountManager instance for the current account</dd>"
                ]
            },
            "seeAlso": null
        },
        "getIdLong()": {
            "elementId": "getIdLong()",
            "methodAnnotations": null,
            "methodName": "getIdLong",
            "methodSignature": "long getIdLong()",
            "parameters": [],
            "methodReturnType": "long",
            "isStatic": false,
            "descriptionElements": [
                "<div class=\"block\">The Snowflake id of this entity. This is unique to every entity and will never change.</div>"
            ],
            "deprecationElement": null,
            "details": {
                "RETURNS": [
                    "<dd>Long containing the Id.</dd>"
                ]
            },
            "seeAlso": null
        },
        "hasPrivateChannel()": {
            "elementId": "hasPrivateChannel()",
            "methodAnnotations": null,
            "methodName": "hasPrivateChannel",
            "methodSignature": "boolean hasPrivateChannel()",
            "parameters": [],
            "methodReturnType": "boolean",
            "isStatic": false,
            "descriptionElements": [
                "<div class=\"block\">\n Whether or not the currently logged in user and this user have a currently open <a href=\"channel/concrete/PrivateChannel.html\" title=\"interface in net.dv8tion.jda.api.entities.channel.concrete\"><code>PrivateChannel</code></a> or not.\n</div>"
            ],
            "deprecationElement": null,
            "details": {
                "RETURNS": [
                    "<dd>True if the logged in account shares a PrivateChannel with this user.</dd>"
                ]
            },
            "seeAlso": null
        },
        "getDefaultAvatarId()": {
            "elementId": "getDefaultAvatarId()",
            "methodAnnotations": "@Nonnull",
            "methodName": "getDefaultAvatarId",
            "methodSignature": "@Nonnull String getDefaultAvatarId()",
            "parameters": [],
            "methodReturnType": "String",
            "isStatic": false,
            "descriptionElements": [
                "<div class=\"block\">The Discord ID for this user's default avatar image.</div>"
            ],
            "deprecationElement": null,
            "details": {
                "RETURNS": [
                    "<dd>Never-null String containing the user's default avatar id.</dd>"
                ]
            },
            "seeAlso": null
        },
        "getGlobalName()": {
            "elementId": "getGlobalName()",
            "methodAnnotations": "@Nullable",
            "methodName": "getGlobalName",
            "methodSignature": "@Nullable String getGlobalName()",
            "parameters": [],
            "methodReturnType": "String",
            "isStatic": false,
            "descriptionElements": [
                "<div class=\"block\">\n The global display name of the user.\n <br>\n This name is not unique and allows more characters.\n <p>This name is usually displayed in the UI.</p>\n</div>"
            ],
            "deprecationElement": null,
            "details": {
                "RETURNS": [
                    "<dd>The global display name or null if unset.</dd>"
                ]
            },
            "seeAlso": null
        },
        "openPrivateChannel()": {
            "elementId": "openPrivateChannel()",
            "methodAnnotations": "@Nonnull @CheckReturnValue",
            "methodName": "openPrivateChannel",
            "methodSignature": "@Nonnull @CheckReturnValue CacheRestAction<PrivateChannel> openPrivateChannel()",
            "parameters": [],
            "methodReturnType": "CacheRestAction<PrivateChannel>",
            "isStatic": false,
            "descriptionElements": [
                "<div class=\"block\">\n Opens a <a href=\"channel/concrete/PrivateChannel.html\" title=\"interface in net.dv8tion.jda.api.entities.channel.concrete\"><code>PrivateChannel</code></a> with this User.\n <br>\n If a channel has already been opened with this user, it is immediately returned in the RestAction's success consumer without contacting the Discord API. You can use <a href=\"../requests/restaction/CacheRestAction.html#useCache(boolean)\"><code>useCache(false)</code></a> to force the request for a new channel object, which is rarely useful since the channel id never changes.\n <p><b>Examples</b>\n  <br></p>\n <pre><code>// Send message without response handling\r\npublic void sendMessage(User user, String content) {\r\n    user.openPrivateChannel()\r\n        .flatMap(channel -&gt; channel.sendMessage(content))\r\n        .queue();\r\n}\r\n\r\n// Send message and delete 30 seconds later\r\npublic RestAction&lt;Void&gt; sendSecretMessage(User user, String content) {\r\n    return user.openPrivateChannel() // RestAction&lt;PrivateChannel&gt;\r\n               .flatMap(channel -&gt; channel.sendMessage(content)) // RestAction&lt;Message&gt;\r\n               .delay(30, TimeUnit.SECONDS) // RestAction&lt;Message&gt; with delayed response\r\n               .flatMap(Message::delete); // RestAction&lt;Void&gt; (executed 30 seconds after sending)\r\n}\r\n</code></pre>\n</div>"
            ],
            "deprecationElement": null,
            "details": {
                "RETURNS": [
                    "<dd>\n <a href=\"../requests/restaction/CacheRestAction.html\" title=\"interface in net.dv8tion.jda.api.requests.restaction\"><code>CacheRestAction</code></a> - Type: <a href=\"channel/concrete/PrivateChannel.html\" title=\"interface in net.dv8tion.jda.api.entities.channel.concrete\"><code>PrivateChannel</code></a>\n <br>\n Retrieves the PrivateChannel to use to directly message this User.\n</dd>"
                ],
                "SEE_ALSO": [
                    "<dd>\n <ul class=\"tag-list-long\">\n  <li><a href=\"../JDA.html#openPrivateChannelById(long)\"><code>JDA.openPrivateChannelById(long)</code></a></li>\n </ul>\n</dd>"
                ],
                "THROWS": [
                    "<dd>\n <code><a href=\"https://docs.oracle.com/javase/8/docs/api/java/lang/UnsupportedOperationException.html\" title=\"class or interface in java.lang\" class=\"external-link\">UnsupportedOperationException</a></code> - If the recipient User is the currently logged in account (represented by <a href=\"SelfUser.html\" title=\"interface in net.dv8tion.jda.api.entities\"><code>SelfUser</code></a>) or if the user was created with <a href=\"#fromId(long)\"><code>fromId(long)</code></a>\n</dd>"
                ]
            },
            "seeAlso": {
                "references": [
                    {
                        "text": "JDA#openPrivateChannelById(long)",
                        "link": "https://docs.jda.wiki/net/dv8tion/jda/api/JDA.html#openPrivateChannelById(long)",
                        "targetType": "METHOD",
                        "fullSignature": "JDA#openPrivateChannelById(long)"
                    }
                ]
            }
        },
        "retrieveProfile()": {
            "elementId": "retrieveProfile()",
            "methodAnnotations": "@Nonnull @CheckReturnValue",
            "methodName": "retrieveProfile",
            "methodSignature": "@Nonnull @CheckReturnValue CacheRestAction<User.Profile> retrieveProfile()",
            "parameters": [],
            "methodReturnType": "CacheRestAction<User.Profile>",
            "isStatic": false,
            "descriptionElements": [
                "<div class=\"block\">\n Loads the user's <a href=\"User.Profile.html\" title=\"class in net.dv8tion.jda.api.entities\"><code>User.Profile</code></a> data. Returns a completed RestAction if this User has been retrieved using <a href=\"../JDA.html#retrieveUserById(long)\"><code>JDA.retrieveUserById(long)</code></a>. You can use <a href=\"../requests/restaction/CacheRestAction.html#useCache(boolean)\"><code>useCache(false)</code></a> to force the request for a new profile with up-to-date information.\n</div>"
            ],
            "deprecationElement": null,
            "details": {
                "RETURNS": [
                    "<dd>\n <a href=\"../requests/restaction/CacheRestAction.html\" title=\"interface in net.dv8tion.jda.api.requests.restaction\"><code>CacheRestAction</code></a> - Type: <a href=\"User.Profile.html\" title=\"class in net.dv8tion.jda.api.entities\"><code>User.Profile</code></a>\n</dd>"
                ]
            },
            "seeAlso": null
        },
        "getMutualGuilds()": {
            "elementId": "getMutualGuilds()",
            "methodAnnotations": "@Nonnull",
            "methodName": "getMutualGuilds",
            "methodSignature": "@Nonnull @Unmodifiable List<Guild> getMutualGuilds()",
            "parameters": [],
            "methodReturnType": "@Unmodifiable List<Guild>",
            "isStatic": false,
            "descriptionElements": [
                "<div class=\"block\">\n Finds and collects all <a href=\"Guild.html\" title=\"interface in net.dv8tion.jda.api.entities\"><code>Guild</code></a> instances that contain this <a href=\"User.html\" title=\"interface in net.dv8tion.jda.api.entities\"><code>User</code></a> within the current <a href=\"../JDA.html\" title=\"interface in net.dv8tion.jda.api\"><code>JDA</code></a> instance.\n <br>\n <p>This method is a shortcut for <a href=\"../JDA.html#getMutualGuilds(net.dv8tion.jda.api.entities.UserSnowflake...)\"><code>JDA.getMutualGuilds(User)</code></a>.</p>\n</div>"
            ],
            "deprecationElement": null,
            "details": {
                "RETURNS": [
                    "<dd>\n Immutable list of all <a href=\"Guild.html\" title=\"interface in net.dv8tion.jda.api.entities\"><code>Guilds</code></a> that this user is a member of.\n</dd>"
                ]
            },
            "seeAlso": null
        },
        "getId()": {
            "elementId": "getId()",
            "methodAnnotations": "@Nonnull",
            "methodName": "getId",
            "methodSignature": "@Nonnull default String getId()",
            "parameters": [],
            "methodReturnType": "String",
            "isStatic": false,
            "descriptionElements": [
                "<div class=\"block\">The Snowflake id of this entity. This is unique to every entity and will never change.</div>"
            ],
            "deprecationElement": null,
            "details": {
                "RETURNS": [
                    "<dd>Never-null String containing the Id.</dd>"
                ]
            },
            "seeAlso": null
        },
        "getEffectiveAvatar()": {
            "elementId": "getEffectiveAvatar()",
            "methodAnnotations": "@Nonnull",
            "methodName": "getEffectiveAvatar",
            "methodSignature": "@Nonnull default ImageProxy getEffectiveAvatar()",
            "parameters": [],
            "methodReturnType": "ImageProxy",
            "isStatic": false,
            "descriptionElements": [
                "<div class=\"block\">\n Returns an <a href=\"../utils/ImageProxy.html\" title=\"class in net.dv8tion.jda.api.utils\"><code>ImageProxy</code></a> for this user's effective avatar image.\n</div>"
            ],
            "deprecationElement": null,
            "details": {
                "RETURNS": [
                    "<dd>\n Never-null <a href=\"../utils/ImageProxy.html\" title=\"class in net.dv8tion.jda.api.utils\"><code>ImageProxy</code></a> of this user's effective avatar image\n</dd>"
                ],
                "SEE_ALSO": [
                    "<dd>\n <ul class=\"tag-list\">\n  <li><a href=\"#getEffectiveAvatarUrl()\"><code>getEffectiveAvatarUrl()</code></a></li>\n </ul>\n</dd>"
                ]
            },
            "seeAlso": {
                "references": [
                    {
                        "text": "getEffectiveAvatarUrl()",
                        "link": "https://docs.jda.wiki/net/dv8tion/jda/api/entities/User.html#getEffectiveAvatarUrl()",
                        "targetType": "METHOD",
                        "fullSignature": "User#getEffectiveAvatarUrl()"
                    }
                ]
            }
        },
        "getApplicationId()": {
            "elementId": "getApplicationId()",
            "methodAnnotations": "@Nonnull",
            "methodName": "getApplicationId",
            "methodSignature": "@Nonnull default String getApplicationId()",
            "parameters": [],
            "methodReturnType": "String",
            "isStatic": false,
            "descriptionElements": [
                "<div class=\"block\">\n The associated application id for the bot account.\n <br>\n For most bots this is identical to the user id.\n</div>"
            ],
            "deprecationElement": null,
            "details": {
                "RETURNS": [
                    "<dd>The application id</dd>"
                ]
            },
            "seeAlso": null
        },
        "getName()": {
            "elementId": "getName()",
            "methodAnnotations": "@Nonnull",
            "methodName": "getName",
            "methodSignature": "@Nonnull String getName()",
            "parameters": [],
            "methodReturnType": "String",
            "isStatic": false,
            "descriptionElements": [
                "<div class=\"block\">\n The username of the <a href=\"User.html\" title=\"interface in net.dv8tion.jda.api.entities\"><code>User</code></a>. Length is between 2 and 32 characters (inclusive).\n</div>"
            ],
            "deprecationElement": null,
            "details": {
                "RETURNS": [
                    "<dd>\n Never-null String containing the <a href=\"User.html\" title=\"interface in net.dv8tion.jda.api.entities\"><code>User</code></a>'s username.\n</dd>"
                ]
            },
            "seeAlso": null
        },
        "getAvatarUrl()": {
            "elementId": "getAvatarUrl()",
            "methodAnnotations": "@Nullable",
            "methodName": "getAvatarUrl",
            "methodSignature": "@Nullable default String getAvatarUrl()",
            "parameters": [],
            "methodReturnType": "String",
            "isStatic": false,
            "descriptionElements": [
                "<div class=\"block\">The URL for the user's avatar image. If the user has not set an image, this will return null.</div>"
            ],
            "deprecationElement": null,
            "details": {
                "RETURNS": [
                    "<dd>\n Possibly-null String containing the <a href=\"User.html\" title=\"interface in net.dv8tion.jda.api.entities\"><code>User</code></a> avatar url.\n</dd>"
                ]
            },
            "seeAlso": null
        },
        "getEffectiveAvatarUrl()": {
            "elementId": "getEffectiveAvatarUrl()",
            "methodAnnotations": "@Nonnull",
            "methodName": "getEffectiveAvatarUrl",
            "methodSignature": "@Nonnull default String getEffectiveAvatarUrl()",
            "parameters": [],
            "methodReturnType": "String",
            "isStatic": false,
            "descriptionElements": [
                "<div class=\"block\">The URL for the user's avatar image. If they do not have an avatar set, this will return the URL of their default avatar</div>"
            ],
            "deprecationElement": null,
            "details": {
                "RETURNS": [
                    "<dd>\n Never-null String containing the <a href=\"User.html\" title=\"interface in net.dv8tion.jda.api.entities\"><code>User</code></a> effective avatar url.\n</dd>"
                ]
            },
            "seeAlso": null
        },
        "getFlagsRaw()": {
            "elementId": "getFlagsRaw()",
            "methodAnnotations": null,
            "methodName": "getFlagsRaw",
            "methodSignature": "int getFlagsRaw()",
            "parameters": [],
            "methodReturnType": "int",
            "isStatic": false,
            "descriptionElements": [
                "<div class=\"block\">\n Returns the bitmask representation of the <a href=\"User.UserFlag.html\" title=\"enum in net.dv8tion.jda.api.entities\"><code>UserFlags</code></a> of this user.\n</div>"
            ],
            "deprecationElement": null,
            "details": {
                "RETURNS": [
                    "<dd>bitmask representation of the user's flags.</dd>"
                ]
            },
            "seeAlso": null
        },
        "getAsMention()": {
            "elementId": "getAsMention()",
            "methodAnnotations": "@Nonnull",
            "methodName": "getAsMention",
            "methodSignature": "@Nonnull String getAsMention()",
            "parameters": [],
            "methodReturnType": "String",
            "isStatic": false,
            "descriptionElements": [
                "<div class=\"block\">\n Retrieve a Mention for this Entity. For the public <a href=\"Role.html\" title=\"interface in net.dv8tion.jda.api.entities\"><code>Role</code></a> (@everyone), this will return the literal string <code>\"@everyone\"</code>.\n</div>"
            ],
            "deprecationElement": null,
            "details": {
                "RETURNS": [
                    "<dd>A resolvable mention.</dd>"
                ]
            },
            "seeAlso": null
        },
        "getJDA()": {
            "elementId": "getJDA()",
            "methodAnnotations": "@Nonnull",
            "methodName": "getJDA",
            "methodSignature": "@Nonnull JDA getJDA()",
            "parameters": [],
            "methodReturnType": "JDA",
            "isStatic": false,
            "descriptionElements": [
                "<div class=\"block\">\n Returns the <a href=\"../JDA.html\" title=\"interface in net.dv8tion.jda.api\"><code>JDA</code></a> instance of this User\n</div>"
            ],
            "deprecationElement": null,
            "details": {
                "RETURNS": [
                    "<dd>the corresponding JDA instance</dd>"
                ]
            },
            "seeAlso": null
        },
        "getPrimaryGuild()": {
            "elementId": "getPrimaryGuild()",
            "methodAnnotations": "@Nullable",
            "methodName": "getPrimaryGuild",
            "methodSignature": "@Nullable User.PrimaryGuild getPrimaryGuild()",
            "parameters": [],
            "methodReturnType": "User.PrimaryGuild",
            "isStatic": false,
            "descriptionElements": [
                "<div class=\"block\">\n Returns the <a href=\"User.PrimaryGuild.html\" title=\"class in net.dv8tion.jda.api.entities\"><code>User.PrimaryGuild</code></a> of this user.\n</div>"
            ],
            "deprecationElement": null,
            "details": {
                "RETURNS": [
                    "<dd>\n Possibly-null <a href=\"User.PrimaryGuild.html\" title=\"class in net.dv8tion.jda.api.entities\"><code>User.PrimaryGuild</code></a> of this user.\n</dd>"
                ]
            },
            "seeAlso": null
        },
        "isVerified()": {
            "elementId": "isVerified()",
            "methodAnnotations": null,
            "methodName": "isVerified",
            "methodSignature": "boolean isVerified()",
            "parameters": [],
            "methodReturnType": "boolean",
            "isStatic": false,
            "descriptionElements": [
                "<div class=\"block\">The status of this account's verification. (Have you accepted the verification email)</div>"
            ],
            "deprecationElement": null,
            "details": {
                "RETURNS": [
                    "<dd>True, if this account is verified.</dd>"
                ]
            },
            "seeAlso": null
        },
        "getAvatar()": {
            "elementId": "getAvatar()",
            "methodAnnotations": "@Nullable",
            "methodName": "getAvatar",
            "methodSignature": "@Nullable default ImageProxy getAvatar()",
            "parameters": [],
            "methodReturnType": "ImageProxy",
            "isStatic": false,
            "descriptionElements": [
                "<div class=\"block\">\n Returns an <a href=\"../utils/ImageProxy.html\" title=\"class in net.dv8tion.jda.api.utils\"><code>ImageProxy</code></a> for this user's avatar.\n</div>"
            ],
            "deprecationElement": null,
            "details": {
                "RETURNS": [
                    "<dd>\n Possibly-null <a href=\"../utils/ImageProxy.html\" title=\"class in net.dv8tion.jda.api.utils\"><code>ImageProxy</code></a> of this user's avatar\n</dd>"
                ],
                "SEE_ALSO": [
                    "<dd>\n <ul class=\"tag-list\">\n  <li><a href=\"#getAvatarUrl()\"><code>getAvatarUrl()</code></a></li>\n </ul>\n</dd>"
                ]
            },
            "seeAlso": {
                "references": [
                    {
                        "text": "getAvatarUrl()",
                        "link": "https://docs.jda.wiki/net/dv8tion/jda/api/entities/User.html#getAvatarUrl()",
                        "targetType": "METHOD",
                        "fullSignature": "User#getAvatarUrl()"
                    }
                ]
            }
        },
        "getEffectiveName()": {
            "elementId": "getEffectiveName()",
            "methodAnnotations": "@Nonnull",
            "methodName": "getEffectiveName",
            "methodSignature": "@Nonnull default String getEffectiveName()",
            "parameters": [],
            "methodReturnType": "String",
            "isStatic": false,
            "descriptionElements": [
                "<div class=\"block\">\n The name visible in the UI.\n <br>\n If the <a href=\"#getGlobalName()\"><code>global name</code></a> is <code>null</code>, this returns the <a href=\"#getName()\"><code>username</code></a> instead.\n</div>"
            ],
            "deprecationElement": null,
            "details": {
                "RETURNS": [
                    "<dd>The effective display name</dd>"
                ]
            },
            "seeAlso": null
        },
        "getApplicationIdLong()": {
            "elementId": "getApplicationIdLong()",
            "methodAnnotations": null,
            "methodName": "getApplicationIdLong",
            "methodSignature": "long getApplicationIdLong()",
            "parameters": [],
            "methodReturnType": "long",
            "isStatic": false,
            "descriptionElements": [
                "<div class=\"block\">\n The associated application id for the bot account.\n <br>\n For most bots this is identical to the user id.\n</div>"
            ],
            "deprecationElement": null,
            "details": {
                "RETURNS": [
                    "<dd>The application id</dd>"
                ]
            },
            "seeAlso": null
        },
        "getTimeCreated()": {
            "elementId": "getTimeCreated()",
            "methodAnnotations": "@Nonnull",
            "methodName": "getTimeCreated",
            "methodSignature": "@Nonnull default OffsetDateTime getTimeCreated()",
            "parameters": [],
            "methodReturnType": "OffsetDateTime",
            "isStatic": false,
            "descriptionElements": [
                "<div class=\"block\">\n The time this entity was created. Calculated through the Snowflake in <a href=\"#getIdLong()\"><code>getIdLong()</code></a>.\n</div>"
            ],
            "deprecationElement": null,
            "details": {
                "RETURNS": [
                    "<dd>OffsetDateTime - Time this entity was created at.</dd>"
                ],
                "SEE_ALSO": [
                    "<dd>\n <ul class=\"tag-list\">\n  <li><a href=\"../utils/TimeUtil.html#getTimeCreated(long)\"><code>TimeUtil.getTimeCreated(long)</code></a></li>\n </ul>\n</dd>"
                ]
            },
            "seeAlso": {
                "references": [
                    {
                        "text": "TimeUtil#getTimeCreated(long)",
                        "link": "https://docs.jda.wiki/net/dv8tion/jda/api/utils/TimeUtil.html#getTimeCreated(long)",
                        "targetType": "METHOD",
                        "fullSignature": "TimeUtil#getTimeCreated(long)"
                    }
                ]
            }
        },
        "getAvatarId()": {
            "elementId": "getAvatarId()",
            "methodAnnotations": "@Nullable",
            "methodName": "getAvatarId",
            "methodSignature": "@Nullable String getAvatarId()",
            "parameters": [],
            "methodReturnType": "String",
            "isStatic": false,
            "descriptionElements": [
                "<div class=\"block\">The Discord ID for this user's avatar image. If the user has not set an image, this will return null.</div>"
            ],
            "deprecationElement": null,
            "details": {
                "RETURNS": [
                    "<dd>\n Possibly-null String containing the <a href=\"User.html\" title=\"interface in net.dv8tion.jda.api.entities\"><code>User</code></a> avatar id.\n</dd>"
                ]
            },
            "seeAlso": null
        },
        "getAllowedFileSize()": {
            "elementId": "getAllowedFileSize()",
            "methodAnnotations": null,
            "methodName": "getAllowedFileSize",
            "methodSignature": "long getAllowedFileSize()",
            "parameters": [],
            "methodReturnType": "long",
            "isStatic": false,
            "descriptionElements": [
                "<div class=\"block\">\n Returns the maximum size for files that can be uploaded with this account.\n <br>\n Returns <a href=\"Message.html#MAX_FILE_SIZE\">10485760</a> for bots.\n</div>"
            ],
            "deprecationElement": null,
            "details": {
                "RETURNS": [
                    "<dd>The maximum size for files that can be uploaded with this account</dd>"
                ],
                "SEE_ALSO": [
                    "<dd>\n <ul class=\"tag-list\">\n  <li><a href=\"Message.html#MAX_FILE_SIZE\"><code>Message.MAX_FILE_SIZE</code></a></li>\n </ul>\n</dd>"
                ]
            },
            "seeAlso": {
                "references": [
                    {
                        "text": "Message.MAX_FILE_SIZE",
                        "link": "https://docs.jda.wiki/net/dv8tion/jda/api/entities/Message.html#MAX_FILE_SIZE",
                        "targetType": "FIELD",
                        "fullSignature": "Message#MAX_FILE_SIZE"
                    }
                ]
            }
        },
        "getDiscriminator()": {
            "elementId": "getDiscriminator()",
            "methodAnnotations": "@Nonnull",
            "methodName": "getDiscriminator",
            "methodSignature": "@Nonnull String getDiscriminator()",
            "parameters": [],
            "methodReturnType": "String",
            "isStatic": false,
            "descriptionElements": [
                "<div class=\"block\">\n The discriminator of the <a href=\"User.html\" title=\"interface in net.dv8tion.jda.api.entities\"><code>User</code></a>. Used to differentiate between users with the same usernames.\n <br>\n This only contains the 4 digits after the username and the #.\n <p>For most users, no discriminator is used and this will be <code>\"0000\"</code> instead. The primary use-case for discriminators is bot and guest accounts, to prevent name squatting.</p>\n</div>"
            ],
            "deprecationElement": null,
            "details": {
                "RETURNS": [
                    "<dd>\n Never-null String containing the <a href=\"User.html\" title=\"interface in net.dv8tion.jda.api.entities\"><code>User</code></a> discriminator.\n</dd>"
                ]
            },
            "seeAlso": null
        },
        "isSystem()": {
            "elementId": "isSystem()",
            "methodAnnotations": null,
            "methodName": "isSystem",
            "methodSignature": "boolean isSystem()",
            "parameters": [],
            "methodReturnType": "boolean",
            "isStatic": false,
            "descriptionElements": [
                "<div class=\"block\">Returns whether or not the given user is a System account, which includes the urgent message account and the community updates bot.</div>"
            ],
            "deprecationElement": null,
            "details": {
                "RETURNS": [
                    "<dd>Whether the User's account is marked as System</dd>"
                ]
            },
            "seeAlso": null
        },
        "formatTo(java.util.Formatter,int,int,int)": {
            "elementId": "formatTo(java.util.Formatter,int,int,int)",
            "methodAnnotations": null,
            "methodName": "formatTo",
            "methodSignature": "default void formatTo(Formatter formatter, int flags, int width, int precision)",
            "parameters": [
                {
                    "annotations": [],
                    "type": "java.util.Formatter",
                    "simpleType": "Formatter",
                    "name": "formatter"
                },
                {
                    "annotations": [],
                    "type": "int",
                    "simpleType": "int",
                    "name": "flags"
                },
                {
                    "annotations": [],
                    "type": "int",
                    "simpleType": "int",
                    "name": "width"
                },
                {
                    "annotations": [],
                    "type": "int",
                    "simpleType": "int",
                    "name": "precision"
                }
            ],
            "methodReturnType": "void",
            "isStatic": false,
            "descriptionElements": [],
            "deprecationElement": null,
            "details": {
                "SPECIFIED_BY": [
                    "<dd>\n <code><a href=\"https://docs.oracle.com/javase/8/docs/api/java/util/Formattable.html#formatTo-java.util.Formatter-int-int-int-\" title=\"class or interface in java.util\" class=\"external-link\">formatTo</a></code>&nbsp;in interface&nbsp;<code><a href=\"https://docs.oracle.com/javase/8/docs/api/java/util/Formattable.html\" title=\"class or interface in java.util\" class=\"external-link\">Formattable</a></code>\n</dd>"
                ]
            },
            "seeAlso": null
        },
        "isBot()": {
            "elementId": "isBot()",
            "methodAnnotations": null,
            "methodName": "isBot",
            "methodSignature": "boolean isBot()",
            "parameters": [],
            "methodReturnType": "boolean",
            "isStatic": false,
            "descriptionElements": [
                "<div class=\"block\">Returns whether or not the given user is a Bot-Account (special badge in client, some different behaviour)</div>"
            ],
            "deprecationElement": null,
            "details": {
                "RETURNS": [
                    "<dd>If the User's Account is marked as Bot</dd>"
                ]
            },
            "seeAlso": null
        }
    },
    "fields": {
        "DEFAULT_ACCENT_COLOR_RAW": {
            "elementId": "DEFAULT_ACCENT_COLOR_RAW",
            "fieldName": "DEFAULT_ACCENT_COLOR_RAW",
            "fieldType": "int",
            "fieldValue": "536870911",
            "descriptionElements": [
                "<div class=\"block\">Used to keep consistency between color values used in the API</div>"
            ],
            "deprecationElement": null,
            "modifiers": "static final"
        },
        "USER_TAG": {
            "elementId": "USER_TAG",
            "fieldName": "USER_TAG",
            "fieldType": "Pattern",
            "fieldValue": null,
            "descriptionElements": [
                "<div class=\"block\">\n Compiled pattern for a Discord Tag: <code>(.{2,32})#(\\d{4})</code>\n</div>"
            ],
            "deprecationElement": null,
            "modifiers": "static final"
        },
        "BANNER_URL": {
            "elementId": "BANNER_URL",
            "fieldName": "BANNER_URL",
            "fieldType": "String",
            "fieldValue": "\"https://cdn.discordapp.com/banners/%s/%s.%s\"",
            "descriptionElements": [
                "<div class=\"block\">\n Template for <a href=\"User.Profile.html#getBannerUrl()\"><code>User.Profile.getBannerUrl()</code></a>\n</div>"
            ],
            "deprecationElement": null,
            "modifiers": "static final"
        },
        "AVATAR_URL": {
            "elementId": "AVATAR_URL",
            "fieldName": "AVATAR_URL",
            "fieldType": "String",
            "fieldValue": "\"https://cdn.discordapp.com/avatars/%s/%s.%s\"",
            "descriptionElements": [
                "<div class=\"block\">\n Template for <a href=\"#getAvatarUrl()\"><code>getAvatarUrl()</code></a>.\n</div>"
            ],
            "deprecationElement": null,
            "modifiers": "static final"
        },
        "DEFAULT_AVATAR_URL": {
            "elementId": "DEFAULT_AVATAR_URL",
            "fieldName": "DEFAULT_AVATAR_URL",
            "fieldType": "String",
            "fieldValue": "\"https://cdn.discordapp.com/embed/avatars/%s.png\"",
            "descriptionElements": [
                "<div class=\"block\">\n Template for <a href=\"UserSnowflake.html#getDefaultAvatarUrl()\"><code>UserSnowflake.getDefaultAvatarUrl()</code></a>\n</div>"
            ],
            "deprecationElement": null,
            "modifiers": "static final"
        },
        "TAG_BADGE_URL": {
            "elementId": "TAG_BADGE_URL",
            "fieldName": "TAG_BADGE_URL",
            "fieldType": "String",
            "fieldValue": "\"https://cdn.discordapp.com/guild-tag-badges/%s/%s.png\"",
            "descriptionElements": [
                "<div class=\"block\">\n Template for <a href=\"User.PrimaryGuild.html#getBadgeUrl()\"><code>User.PrimaryGuild.getBadgeUrl()</code></a>\n</div>"
            ],
            "deprecationElement": null,
            "modifiers": "static final"
        }
    }
}