{
    "classNameFqcn": "net.dv8tion.jda.api.entities.TeamMember.RoleType",
    "descriptionElements": [
        "<div class=\"block\">\n The role in the team.\n</div>"
    ],
    "deprecationElement": null,
    "details": {
        "ALL_IMPLEMENTED_INTERFACES": [
            "<dd>\n <code><a href=\"https://docs.oracle.com/javase/8/docs/api/java/io/Serializable.html\" title=\"class or interface in java.io\" class=\"external-link\">Serializable</a></code>, <code><a href=\"https://docs.oracle.com/javase/8/docs/api/java/lang/Comparable.html\" title=\"class or interface in java.lang\" class=\"external-link\">Comparable</a>&lt;<a href=\"TeamMember.RoleType.html\" title=\"enum in net.dv8tion.jda.api.entities\">TeamMember.RoleType</a>&gt;</code>\n</dd>"
        ],
        "ENCLOSING_INTERFACE": [
            "<dd>\n <a href=\"TeamMember.html\" title=\"interface in net.dv8tion.jda.api.entities\">TeamMember</a>\n</dd>"
        ]
    },
    "seeAlso": null,
    "methods": {
        "values()": {
            "elementId": "values()",
            "methodAnnotations": null,
            "methodName": "values",
            "methodSignature": "public static TeamMember.RoleType[] values()",
            "methodParameters": null,
            "methodReturnType": "TeamMember.RoleType[]",
            "isStatic": true,
            "descriptionElements": [
                "<div class=\"block\">\n Returns an array containing the constants of this enum type, in the order they are declared.\n</div>"
            ],
            "deprecationElement": null,
            "details": {
                "RETURNS": [
                    "<dd>\n an array containing the constants of this enum type, in the order they are declared\n</dd>"
                ]
            },
            "seeAlso": null
        },
        "valueOf(java.lang.String)": {
            "elementId": "valueOf(java.lang.String)",
            "methodAnnotations": null,
            "methodName": "valueOf",
            "methodSignature": "public static TeamMember.RoleType valueOf(String name)",
            "methodParameters": {
                "originalText": "(String name)",
                "parameters": [
                    {
                        "annotations": [],
                        "type": "String",
                        "simpleType": "String",
                        "name": "name"
                    }
                ]
            },
            "methodReturnType": "TeamMember.RoleType",
            "isStatic": true,
            "descriptionElements": [
                "<div class=\"block\">\n Returns the enum constant of this type with the specified name. The string must match <i>exactly</i> an identifier used to declare an enum constant in this type. (Extraneous whitespace characters are not permitted.)\n</div>"
            ],
            "deprecationElement": null,
            "details": {
                "PARAMETERS": [
                    "<dd>\n <code>name</code> - the name of the enum constant to be returned.\n</dd>"
                ],
                "RETURNS": [
                    "<dd>\n the enum constant with the specified name\n</dd>"
                ],
                "THROWS": [
                    "<dd>\n <code><a href=\"https://docs.oracle.com/javase/8/docs/api/java/lang/IllegalArgumentException.html\" title=\"class or interface in java.lang\" class=\"external-link\">IllegalArgumentException</a></code> - if this enum type has no constant with the specified name\n</dd>",
                    "<dd>\n <code><a href=\"https://docs.oracle.com/javase/8/docs/api/java/lang/NullPointerException.html\" title=\"class or interface in java.lang\" class=\"external-link\">NullPointerException</a></code> - if the argument is null\n</dd>"
                ]
            },
            "seeAlso": null
        },
        "fromKey(java.lang.String)": {
            "elementId": "fromKey(java.lang.String)",
            "methodAnnotations": "@Nonnull",
            "methodName": "fromKey",
            "methodSignature": "@Nonnull public static TeamMember.RoleType fromKey(@Nonnull String key)",
            "methodParameters": {
                "originalText": "(@Nonnull String key)",
                "parameters": [
                    {
                        "annotations": [
                            "Nonnull"
                        ],
                        "type": "String",
                        "simpleType": "String",
                        "name": "key"
                    }
                ]
            },
            "methodReturnType": "TeamMember.RoleType",
            "isStatic": true,
            "descriptionElements": [
                "<div class=\"block\">\n Resolves the provided key to the correct RoleType. \n <p><b>Note:</b> <a href=\"#OWNER\"><code>OWNER</code></a> will never be returned, check the team owner ID instead.</p>\n</div>"
            ],
            "deprecationElement": null,
            "details": {
                "PARAMETERS": [
                    "<dd>\n <code>key</code> - The key to resolve\n</dd>"
                ],
                "RETURNS": [
                    "<dd>\n The RoleType, or <a href=\"#UNKNOWN\"><code>UNKNOWN</code></a>\n</dd>"
                ]
            },
            "seeAlso": null
        },
        "getKey()": {
            "elementId": "getKey()",
            "methodAnnotations": "@Nonnull",
            "methodName": "getKey",
            "methodSignature": "@Nonnull public String getKey()",
            "methodParameters": null,
            "methodReturnType": "String",
            "isStatic": false,
            "descriptionElements": [
                "<div class=\"block\">\n The key for this role that is used in the API.\n</div>"
            ],
            "deprecationElement": null,
            "details": {
                "RETURNS": [
                    "<dd>\n The key for this role\n</dd>"
                ]
            },
            "seeAlso": null
        }
    },
    "fields": {
        "OWNER": {
            "elementId": "OWNER",
            "fieldName": "OWNER",
            "fieldType": "TeamMember.RoleType",
            "fieldValue": null,
            "descriptionElements": [
                "<div class=\"block\">\n Owners are the most permissible role, and can take destructive, irreversible actions like deleting team-owned apps or the team itself. \n <p>Teams are limited to one owner.</p>\n</div>"
            ],
            "deprecationElement": null,
            "modifiers": "public static final"
        },
        "DEVELOPER": {
            "elementId": "DEVELOPER",
            "fieldName": "DEVELOPER",
            "fieldType": "TeamMember.RoleType",
            "fieldValue": null,
            "descriptionElements": [
                "<div class=\"block\">\n Members which can access information about team-owned apps, like the client secret or public key. \n <br>\n They can also take limited actions on team-owned apps, like configuring interaction endpoints or resetting the bot token. \n <br>\n Members with the Developer role cannot manage the team or its members, or take destructive actions on team-owned apps.\n</div>"
            ],
            "deprecationElement": null,
            "modifiers": "public static final"
        },
        "ADMIN": {
            "elementId": "ADMIN",
            "fieldName": "ADMIN",
            "fieldType": "TeamMember.RoleType",
            "fieldValue": null,
            "descriptionElements": [
                "<div class=\"block\">\n Admins have similar access as owners, except they cannot take destructive actions on the team or team-owned apps.\n</div>"
            ],
            "deprecationElement": null,
            "modifiers": "public static final"
        },
        "UNKNOWN": {
            "elementId": "UNKNOWN",
            "fieldName": "UNKNOWN",
            "fieldType": "TeamMember.RoleType",
            "fieldValue": null,
            "descriptionElements": [
                "<div class=\"block\">\n Placeholder for future types\n</div>"
            ],
            "deprecationElement": null,
            "modifiers": "public static final"
        },
        "READ_ONLY": {
            "elementId": "READ_ONLY",
            "fieldName": "READ_ONLY",
            "fieldType": "TeamMember.RoleType",
            "fieldValue": null,
            "descriptionElements": [
                "<div class=\"block\">\n Members which can access information about a team and any team-owned apps. \n <br>\n Some examples include getting the IDs of applications and exporting payout records. \n <br>\n Members can also invite bots associated with team-owned apps that are marked private.\n</div>"
            ],
            "deprecationElement": null,
            "modifiers": "public static final"
        }
    }
}