{
    "classNameFqcn": "net.dv8tion.jda.api.entities.TeamMember",
    "descriptionElements": [
        "<div class=\"block\">\n Member of a <a href=\"ApplicationTeam.html\" title=\"interface in net.dv8tion.jda.api.entities\"><code>ApplicationTeam</code></a>.\n</div>"
    ],
    "deprecationElement": null,
    "details": {
        "SEE_ALSO": [
            "<dd>\n <ul class=\"see-list-long\">\n  <li><a href=\"ApplicationTeam.html#getMembers()\"><code>ApplicationTeam.getMembers()</code></a></li>\n  <li><a href=\"ApplicationTeam.html#getMember(net.dv8tion.jda.api.entities.User)\"><code>ApplicationTeam.getMember(User)</code></a></li>\n  <li><a href=\"ApplicationTeam.html#getMemberById(long)\"><code>ApplicationTeam.getMemberById(long)</code></a></li>\n </ul>\n</dd>"
        ]
    },
    "seeAlso": {
        "references": [
            {
                "text": "ApplicationTeam#getMembers()",
                "link": "https://docs.jda.wiki/net/dv8tion/jda/api/entities/ApplicationTeam.html#getMembers()",
                "targetType": "METHOD",
                "fullSignature": "ApplicationTeam#getMembers()"
            },
            {
                "text": "ApplicationTeam#getMember(User)",
                "link": "https://docs.jda.wiki/net/dv8tion/jda/api/entities/ApplicationTeam.html#getMember(net.dv8tion.jda.api.entities.User)",
                "targetType": "METHOD",
                "fullSignature": "ApplicationTeam#getMember(User)"
            },
            {
                "text": "ApplicationTeam#getMemberById(long)",
                "link": "https://docs.jda.wiki/net/dv8tion/jda/api/entities/ApplicationTeam.html#getMemberById(long)",
                "targetType": "METHOD",
                "fullSignature": "ApplicationTeam#getMemberById(long)"
            }
        ]
    },
    "methods": {
        "getUser()": {
            "elementId": "getUser()",
            "methodAnnotations": "@Nonnull",
            "methodName": "getUser",
            "methodSignature": "@Nonnull User getUser()",
            "parameters": [],
            "methodReturnType": "User",
            "isStatic": false,
            "descriptionElements": [
                "<div class=\"block\">\n User for the team member.\n</div>"
            ],
            "deprecationElement": null,
            "details": {
                "RETURNS": [
                    "<dd>\n The user\n</dd>"
                ]
            },
            "seeAlso": null
        },
        "getTeamIdLong()": {
            "elementId": "getTeamIdLong()",
            "methodAnnotations": null,
            "methodName": "getTeamIdLong",
            "methodSignature": "long getTeamIdLong()",
            "parameters": [],
            "methodReturnType": "long",
            "isStatic": false,
            "descriptionElements": [
                "<div class=\"block\">\n The id for the team this member belongs to.\n</div>"
            ],
            "deprecationElement": null,
            "details": {
                "RETURNS": [
                    "<dd>\n The team id.\n</dd>"
                ]
            },
            "seeAlso": null
        },
        "getMembershipState()": {
            "elementId": "getMembershipState()",
            "methodAnnotations": "@Nonnull",
            "methodName": "getMembershipState",
            "methodSignature": "@Nonnull TeamMember.MembershipState getMembershipState()",
            "parameters": [],
            "methodReturnType": "TeamMember.MembershipState",
            "isStatic": false,
            "descriptionElements": [
                "<div class=\"block\">\n The state of this member. \n <br>\n Note: the API does not seem to provide members with <a href=\"TeamMember.MembershipState.html#INVITED\"><code>TeamMember.MembershipState.INVITED</code></a> to bots.\n</div>"
            ],
            "deprecationElement": null,
            "details": {
                "RETURNS": [
                    "<dd>\n The <a href=\"TeamMember.MembershipState.html\" title=\"enum in net.dv8tion.jda.api.entities\"><code>TeamMember.MembershipState</code></a>, or <a href=\"TeamMember.MembershipState.html#UNKNOWN\"><code>UNKNOWN</code></a>\n</dd>"
                ]
            },
            "seeAlso": null
        },
        "getRoleType()": {
            "elementId": "getRoleType()",
            "methodAnnotations": "@Nonnull",
            "methodName": "getRoleType",
            "methodSignature": "@Nonnull TeamMember.RoleType getRoleType()",
            "parameters": [],
            "methodReturnType": "TeamMember.RoleType",
            "isStatic": false,
            "descriptionElements": [
                "<div class=\"block\">\n The role of this member.\n</div>"
            ],
            "deprecationElement": null,
            "details": {
                "RETURNS": [
                    "<dd>\n The <a href=\"TeamMember.RoleType.html\" title=\"enum in net.dv8tion.jda.api.entities\"><code>TeamMember.RoleType</code></a>, or <a href=\"TeamMember.RoleType.html#UNKNOWN\"><code>UNKNOWN</code></a>\n</dd>"
                ]
            },
            "seeAlso": null
        },
        "getTeamId()": {
            "elementId": "getTeamId()",
            "methodAnnotations": "@Nonnull",
            "methodName": "getTeamId",
            "methodSignature": "@Nonnull default String getTeamId()",
            "parameters": [],
            "methodReturnType": "String",
            "isStatic": false,
            "descriptionElements": [
                "<div class=\"block\">\n The id for the team this member belongs to.\n</div>"
            ],
            "deprecationElement": null,
            "details": {
                "RETURNS": [
                    "<dd>\n The team id.\n</dd>"
                ]
            },
            "seeAlso": null
        }
    },
    "fields": {}
}