{
    "classNameFqcn": "net.dv8tion.jda.api.entities.User.Profile",
    "descriptionElements": [
        "<div class=\"block\">\n Represents the information contained in a <a href=\"User.html\" title=\"interface in net.dv8tion.jda.api.entities\"><code>User</code></a>'s profile.\n</div>"
    ],
    "deprecationElement": null,
    "details": {
        "SINCE": [
            "<dd>4.3.0</dd>"
        ],
        "ENCLOSING_INTERFACE": [
            "<dd>\n <a href=\"User.html\" title=\"interface in net.dv8tion.jda.api.entities\">User</a>\n</dd>"
        ]
    },
    "seeAlso": null,
    "methods": {
        "<init>(long,java.lang.String,int)": {
            "elementId": "<init>(long,java.lang.String,int)",
            "methodAnnotations": null,
            "methodName": "Profile",
            "methodSignature": "public Profile(long userId, String bannerId, int accentColor)",
            "parameters": [
                {
                    "annotations": [],
                    "type": "long",
                    "simpleType": "long",
                    "name": "userId"
                },
                {
                    "annotations": [],
                    "type": "java.lang.String",
                    "simpleType": "String",
                    "name": "bannerId"
                },
                {
                    "annotations": [],
                    "type": "int",
                    "simpleType": "int",
                    "name": "accentColor"
                }
            ],
            "methodReturnType": "User.Profile",
            "isStatic": false,
            "descriptionElements": [],
            "deprecationElement": null,
            "details": {},
            "seeAlso": null
        },
        "getAccentColor()": {
            "elementId": "getAccentColor()",
            "methodAnnotations": "@Nullable",
            "methodName": "getAccentColor",
            "methodSignature": "@Nullable public Color getAccentColor()",
            "parameters": [],
            "methodReturnType": "Color",
            "isStatic": false,
            "descriptionElements": [
                "<div class=\"block\">The user's accent color. If the user has not set an accent color, this will return null. The automatically calculated color is not returned. The accent color is not shown in the client if the user has set a banner.</div>"
            ],
            "deprecationElement": null,
            "details": {
                "RETURNS": [
                    "<dd>\n Possibly-null <a href=\"https://docs.oracle.com/javase/8/docs/api/java/awt/Color.html\" title=\"class or interface in java.awt\" class=\"external-link\"><code>Color</code></a> containing the <a href=\"User.html\" title=\"interface in net.dv8tion.jda.api.entities\"><code>User</code></a> accent color.\n</dd>"
                ]
            },
            "seeAlso": null
        },
        "getBannerId()": {
            "elementId": "getBannerId()",
            "methodAnnotations": "@Nullable",
            "methodName": "getBannerId",
            "methodSignature": "@Nullable public String getBannerId()",
            "parameters": [],
            "methodReturnType": "String",
            "isStatic": false,
            "descriptionElements": [
                "<div class=\"block\">The Discord Id for this user's banner image. If the user has not set a banner, this will return null.</div>"
            ],
            "deprecationElement": null,
            "details": {
                "RETURNS": [
                    "<dd>\n Possibly-null String containing the <a href=\"User.html\" title=\"interface in net.dv8tion.jda.api.entities\"><code>User</code></a> banner id.\n</dd>"
                ]
            },
            "seeAlso": null
        },
        "getAccentColorRaw()": {
            "elementId": "getAccentColorRaw()",
            "methodAnnotations": null,
            "methodName": "getAccentColorRaw",
            "methodSignature": "public int getAccentColorRaw()",
            "parameters": [],
            "methodReturnType": "int",
            "isStatic": false,
            "descriptionElements": [
                "<div class=\"block\">\n The raw RGB value of this user's accent color.\n <br>\n Defaults to <a href=\"User.html#DEFAULT_ACCENT_COLOR_RAW\"><code>User.DEFAULT_ACCENT_COLOR_RAW</code></a> if this user's banner color is not available.\n</div>"
            ],
            "deprecationElement": null,
            "details": {
                "RETURNS": [
                    "<dd>\n The raw RGB color value or <a href=\"User.html#DEFAULT_ACCENT_COLOR_RAW\"><code>User.DEFAULT_ACCENT_COLOR_RAW</code></a>\n</dd>"
                ]
            },
            "seeAlso": null
        },
        "toString()": {
            "elementId": "toString()",
            "methodAnnotations": null,
            "methodName": "toString",
            "methodSignature": "public String toString()",
            "parameters": [],
            "methodReturnType": "String",
            "isStatic": false,
            "descriptionElements": [],
            "deprecationElement": null,
            "details": {
                "OVERRIDES": [
                    "<dd>\n <code><a href=\"https://docs.oracle.com/javase/8/docs/api/java/lang/Object.html#toString--\" title=\"class or interface in java.lang\" class=\"external-link\">toString</a></code>&nbsp;in class&nbsp;<code><a href=\"https://docs.oracle.com/javase/8/docs/api/java/lang/Object.html\" title=\"class or interface in java.lang\" class=\"external-link\">Object</a></code>\n</dd>"
                ]
            },
            "seeAlso": null
        },
        "getBannerUrl()": {
            "elementId": "getBannerUrl()",
            "methodAnnotations": "@Nullable",
            "methodName": "getBannerUrl",
            "methodSignature": "@Nullable public String getBannerUrl()",
            "parameters": [],
            "methodReturnType": "String",
            "isStatic": false,
            "descriptionElements": [
                "<div class=\"block\">The URL for the user's banner image. If the user has not set a banner, this will return null.</div>"
            ],
            "deprecationElement": null,
            "details": {
                "RETURNS": [
                    "<dd>\n Possibly-null String containing the <a href=\"User.html\" title=\"interface in net.dv8tion.jda.api.entities\"><code>User</code></a> banner url.\n</dd>"
                ],
                "SEE_ALSO": [
                    "<dd>\n <ul class=\"see-list\">\n  <li><a href=\"User.html#BANNER_URL\"><code>User.BANNER_URL</code></a></li>\n </ul>\n</dd>"
                ]
            },
            "seeAlso": {
                "references": [
                    {
                        "text": "User.BANNER_URL",
                        "link": "https://docs.jda.wiki/net/dv8tion/jda/api/entities/User.html#BANNER_URL",
                        "targetType": "FIELD",
                        "fullSignature": "User#BANNER_URL"
                    }
                ]
            }
        },
        "getBanner()": {
            "elementId": "getBanner()",
            "methodAnnotations": "@Nullable",
            "methodName": "getBanner",
            "methodSignature": "@Nullable public ImageProxy getBanner()",
            "parameters": [],
            "methodReturnType": "ImageProxy",
            "isStatic": false,
            "descriptionElements": [
                "<div class=\"block\">\n Returns an <a href=\"../utils/ImageProxy.html\" title=\"class in net.dv8tion.jda.api.utils\"><code>ImageProxy</code></a> for this user's banner.\n</div>"
            ],
            "deprecationElement": null,
            "details": {
                "RETURNS": [
                    "<dd>\n Possibly-null <a href=\"../utils/ImageProxy.html\" title=\"class in net.dv8tion.jda.api.utils\"><code>ImageProxy</code></a> of this user's banner\n</dd>"
                ],
                "SEE_ALSO": [
                    "<dd>\n <ul class=\"see-list\">\n  <li><a href=\"#getBannerUrl()\"><code>getBannerUrl()</code></a></li>\n </ul>\n</dd>"
                ]
            },
            "seeAlso": {
                "references": [
                    {
                        "text": "getBannerUrl()",
                        "link": "https://docs.jda.wiki/net/dv8tion/jda/api/entities/User.Profile.html#getBannerUrl()",
                        "targetType": "METHOD",
                        "fullSignature": "User.Profile#getBannerUrl()"
                    }
                ]
            }
        }
    },
    "fields": {}
}