{
    "classNameFqcn": "net.dv8tion.jda.api.entities.Widget.VoiceChannel",
    "descriptionElements": [
        "<div class=\"block\">\n Represents a voice channel\n</div>"
    ],
    "deprecationElement": null,
    "details": {
        "SEE_ALSO": [
            "<dd>\n <ul class=\"see-list-long\">\n  <li><a href=\"Widget.html#getVoiceChannels()\"><code>Widget.getVoiceChannels()</code></a></li>\n  <li><a href=\"Widget.html#getVoiceChannelById(long)\"><code>Widget.getVoiceChannelById(long)</code></a></li>\n  <li><a href=\"Widget.html#getVoiceChannelById(java.lang.String)\"><code>Widget.getVoiceChannelById(String)</code></a></li>\n </ul>\n</dd>"
        ],
        "SUPER_INTERFACES": [
            "<dd>\n <code><a href=\"ISnowflake.html\" title=\"interface in net.dv8tion.jda.api.entities\">ISnowflake</a></code>\n</dd>"
        ],
        "ENCLOSING_INTERFACE": [
            "<dd>\n <a href=\"Widget.html\" title=\"interface in net.dv8tion.jda.api.entities\">Widget</a>\n</dd>"
        ]
    },
    "seeAlso": {
        "references": [
            {
                "text": "Widget#getVoiceChannels()",
                "link": "https://docs.jda.wiki/net/dv8tion/jda/api/entities/Widget.html#getVoiceChannels()",
                "targetType": "METHOD",
                "fullSignature": "Widget#getVoiceChannels()"
            },
            {
                "text": "Widget#getVoiceChannelById(long)",
                "link": "https://docs.jda.wiki/net/dv8tion/jda/api/entities/Widget.html#getVoiceChannelById(long)",
                "targetType": "METHOD",
                "fullSignature": "Widget#getVoiceChannelById(long)"
            },
            {
                "text": "Widget#getVoiceChannelById(String)",
                "link": "https://docs.jda.wiki/net/dv8tion/jda/api/entities/Widget.html#getVoiceChannelById(java.lang.String)",
                "targetType": "METHOD",
                "fullSignature": "Widget#getVoiceChannelById(String)"
            }
        ]
    },
    "methods": {
        "getPosition()": {
            "elementId": "getPosition()",
            "methodAnnotations": null,
            "methodName": "getPosition",
            "methodSignature": "int getPosition()",
            "methodParameters": null,
            "methodReturnType": "int",
            "isStatic": false,
            "descriptionElements": [
                "<div class=\"block\">\n Gets the integer position of the channel\n</div>"
            ],
            "deprecationElement": null,
            "details": {
                "RETURNS": [
                    "<dd>\n integer position of the channel\n</dd>"
                ]
            },
            "seeAlso": null
        },
        "getId()": {
            "elementId": "getId()",
            "methodAnnotations": "@Nonnull",
            "methodName": "getId",
            "methodSignature": "@Nonnull default String getId()",
            "methodParameters": null,
            "methodReturnType": "String",
            "isStatic": false,
            "descriptionElements": [
                "<div class=\"block\">\n The Snowflake id of this entity. This is unique to every entity and will never change.\n</div>"
            ],
            "deprecationElement": null,
            "details": {
                "RETURNS": [
                    "<dd>\n Never-null String containing the Id.\n</dd>"
                ]
            },
            "seeAlso": null
        },
        "getName()": {
            "elementId": "getName()",
            "methodAnnotations": "@Nonnull",
            "methodName": "getName",
            "methodSignature": "@Nonnull String getName()",
            "methodParameters": null,
            "methodReturnType": "String",
            "isStatic": false,
            "descriptionElements": [
                "<div class=\"block\">\n Gets the name of the channel *\n</div>"
            ],
            "deprecationElement": null,
            "details": {
                "RETURNS": [
                    "<dd>\n name of the channel\n</dd>"
                ]
            },
            "seeAlso": null
        },
        "getTimeCreated()": {
            "elementId": "getTimeCreated()",
            "methodAnnotations": "@Nonnull",
            "methodName": "getTimeCreated",
            "methodSignature": "@Nonnull default OffsetDateTime getTimeCreated()",
            "methodParameters": null,
            "methodReturnType": "OffsetDateTime",
            "isStatic": false,
            "descriptionElements": [
                "<div class=\"block\">\n The time this entity was created. Calculated through the Snowflake in <a href=\"#getIdLong()\"><code>getIdLong()</code></a>.\n</div>"
            ],
            "deprecationElement": null,
            "details": {
                "RETURNS": [
                    "<dd>\n OffsetDateTime - Time this entity was created at.\n</dd>"
                ],
                "SEE_ALSO": [
                    "<dd>\n <ul class=\"see-list\">\n  <li><a href=\"../utils/TimeUtil.html#getTimeCreated(long)\"><code>TimeUtil.getTimeCreated(long)</code></a></li>\n </ul>\n</dd>"
                ]
            },
            "seeAlso": {
                "references": [
                    {
                        "text": "TimeUtil#getTimeCreated(long)",
                        "link": "https://docs.jda.wiki/net/dv8tion/jda/api/utils/TimeUtil.html#getTimeCreated(long)",
                        "targetType": "METHOD",
                        "fullSignature": "TimeUtil#getTimeCreated(long)"
                    }
                ]
            }
        },
        "getIdLong()": {
            "elementId": "getIdLong()",
            "methodAnnotations": null,
            "methodName": "getIdLong",
            "methodSignature": "long getIdLong()",
            "methodParameters": null,
            "methodReturnType": "long",
            "isStatic": false,
            "descriptionElements": [
                "<div class=\"block\">\n The Snowflake id of this entity. This is unique to every entity and will never change.\n</div>"
            ],
            "deprecationElement": null,
            "details": {
                "RETURNS": [
                    "<dd>\n Long containing the Id.\n</dd>"
                ]
            },
            "seeAlso": null
        },
        "getMembers()": {
            "elementId": "getMembers()",
            "methodAnnotations": "@Nonnull",
            "methodName": "getMembers",
            "methodSignature": "@Nonnull List<Widget.Member> getMembers()",
            "methodParameters": null,
            "methodReturnType": "List<Widget.Member>",
            "isStatic": false,
            "descriptionElements": [
                "<div class=\"block\">\n Gets a list of all members in the channel\n</div>"
            ],
            "deprecationElement": null,
            "details": {
                "RETURNS": [
                    "<dd>\n never-null, possibly-empty list of members in the channel\n</dd>"
                ]
            },
            "seeAlso": null
        },
        "getWidget()": {
            "elementId": "getWidget()",
            "methodAnnotations": "@Nonnull",
            "methodName": "getWidget",
            "methodSignature": "@Nonnull Widget getWidget()",
            "methodParameters": null,
            "methodReturnType": "Widget",
            "isStatic": false,
            "descriptionElements": [
                "<div class=\"block\">\n Gets the Widget to which this voice channel belongs\n</div>"
            ],
            "deprecationElement": null,
            "details": {
                "RETURNS": [
                    "<dd>\n the Widget object that holds this voice channel\n</dd>"
                ]
            },
            "seeAlso": null
        }
    },
    "fields": {}
}