{
    "classNameFqcn": "net.dv8tion.jda.api.events.channel.update.ChannelUpdateSlowmodeEvent",
    "descriptionElements": [
        "<div class=\"block\">\n Indicates that a <a href=\"../../../entities/channel/Channel.html\" title=\"interface in net.dv8tion.jda.api.entities.channel\"><code>Channel's</code></a> slow mode has been updated.\n <p>Can be used to retrieve the old slow mode and the new one.</p>\n <p>Limited to <a href=\"../../../entities/channel/attribute/ISlowmodeChannel.html\" title=\"interface in net.dv8tion.jda.api.entities.channel.attribute\"><code>ISlowmodeChannels</code></a> (and implementations).</p>\n</div>"
    ],
    "deprecationElement": null,
    "details": {
        "SEE_ALSO": [
            "<dd>\n <ul class=\"tag-list\">\n  <li><a href=\"../../../entities/channel/attribute/ISlowmodeChannel.html#getSlowmode()\"><code>ISlowmodeChannel.getSlowmode()</code></a></li>\n  <li><a href=\"../../../entities/channel/ChannelField.html#SLOWMODE\"><code>ChannelField.SLOWMODE</code></a></li>\n </ul>\n</dd>"
        ],
        "ALL_IMPLEMENTED_INTERFACES": [
            "<dd>\n <code><a href=\"../../GenericEvent.html\" title=\"interface in net.dv8tion.jda.api.events\">GenericEvent</a>, <a href=\"../../UpdateEvent.html\" title=\"interface in net.dv8tion.jda.api.events\">UpdateEvent</a>&lt;<a href=\"../../../entities/channel/Channel.html\" title=\"interface in net.dv8tion.jda.api.entities.channel\">Channel</a>,<wbr><a href=\"https://docs.oracle.com/javase/8/docs/api/java/lang/Integer.html\" title=\"class or interface in java.lang\" class=\"external-link\">Integer</a>&gt;</code>\n</dd>"
        ]
    },
    "seeAlso": {
        "references": [
            {
                "text": "ISlowmodeChannel#getSlowmode()",
                "link": "https://docs.jda.wiki/net/dv8tion/jda/api/entities/channel/attribute/ISlowmodeChannel.html#getSlowmode()",
                "targetType": "METHOD",
                "fullSignature": "ISlowmodeChannel#getSlowmode()"
            },
            {
                "text": "ChannelField.SLOWMODE",
                "link": "https://docs.jda.wiki/net/dv8tion/jda/api/entities/channel/ChannelField.html#SLOWMODE",
                "targetType": "FIELD",
                "fullSignature": "ChannelField#SLOWMODE"
            }
        ]
    },
    "methods": {
        "getJDA()": {
            "elementId": "getJDA()",
            "methodAnnotations": "@Nonnull",
            "methodName": "getJDA",
            "methodSignature": "@Nonnull JDA getJDA()",
            "parameters": [],
            "methodReturnType": "JDA",
            "isStatic": false,
            "descriptionElements": [
                "<div class=\"block\">The current JDA instance corresponding to this Event</div>"
            ],
            "deprecationElement": null,
            "details": {
                "RETURNS": [
                    "<dd>The corresponding JDA instance</dd>"
                ]
            },
            "seeAlso": null
        },
        "getEntityType()": {
            "elementId": "getEntityType()",
            "methodAnnotations": "@Nonnull",
            "methodName": "getEntityType",
            "methodSignature": "@Nonnull default Class<E> getEntityType()",
            "parameters": [],
            "methodReturnType": "Class<E>",
            "isStatic": false,
            "descriptionElements": [
                "<div class=\"block\">Class representation of the affected entity, useful when dealing with refection.</div>"
            ],
            "deprecationElement": null,
            "details": {
                "RETURNS": [
                    "<dd>The class of the affected entity</dd>"
                ]
            },
            "seeAlso": null
        },
        "isFromType(net.dv8tion.jda.api.entities.channel.ChannelType)": {
            "elementId": "isFromType(net.dv8tion.jda.api.entities.channel.ChannelType)",
            "methodAnnotations": null,
            "methodName": "isFromType",
            "methodSignature": "public boolean isFromType(@Nonnull ChannelType type)",
            "parameters": [
                {
                    "annotations": [
                        "Nonnull"
                    ],
                    "type": "net.dv8tion.jda.api.entities.channel.ChannelType",
                    "simpleType": "ChannelType",
                    "name": "type"
                }
            ],
            "methodReturnType": "boolean",
            "isStatic": false,
            "descriptionElements": [
                "<div class=\"block\">\n Used to determine if this event was received from a <a href=\"../../entities/channel/Channel.html\" title=\"interface in net.dv8tion.jda.api.entities.channel\"><code>Channel</code></a> of the <a href=\"../../entities/channel/ChannelType.html\" title=\"enum in net.dv8tion.jda.api.entities.channel\"><code>ChannelType</code></a> specified.\n <p>Useful for restricting functionality to a certain type of channels.</p>\n</div>"
            ],
            "deprecationElement": null,
            "details": {
                "PARAMETERS": [
                    "<dd>\n <code>type</code> - The <a href=\"../../entities/channel/ChannelType.html\" title=\"enum in net.dv8tion.jda.api.entities.channel\"><code>ChannelType</code></a> to check against.\n</dd>"
                ],
                "RETURNS": [
                    "<dd>\n True if the <a href=\"../../entities/channel/ChannelType.html\" title=\"enum in net.dv8tion.jda.api.entities.channel\"><code>ChannelType</code></a> which this message was received from is the same as the one specified by <code>type</code>.\n</dd>"
                ]
            },
            "seeAlso": null
        },
        "getPropertyIdentifier()": {
            "elementId": "getPropertyIdentifier()",
            "methodAnnotations": "@Nonnull",
            "methodName": "getPropertyIdentifier",
            "methodSignature": "@Nonnull public String getPropertyIdentifier()",
            "parameters": [],
            "methodReturnType": "String",
            "isStatic": false,
            "descriptionElements": [
                "<div class=\"block\">\n The identifier of the <a href=\"../../../entities/channel/Channel.html\" title=\"interface in net.dv8tion.jda.api.entities.channel\"><code>Channel's</code></a> field that has just been updated.\n</div>"
            ],
            "deprecationElement": null,
            "details": {
                "RETURNS": [
                    "<dd>\n The identifier of the <a href=\"../../../entities/channel/Channel.html\" title=\"interface in net.dv8tion.jda.api.entities.channel\"><code>Channel's</code></a> field that has just been updated.\n</dd>"
                ],
                "SPECIFIED_BY": [
                    "<dd>\n <code><a href=\"../../UpdateEvent.html#getPropertyIdentifier()\">getPropertyIdentifier</a></code>&nbsp;in interface&nbsp;<code><a href=\"../../UpdateEvent.html\" title=\"interface in net.dv8tion.jda.api.events\">UpdateEvent</a>&lt;<a href=\"../../../entities/channel/Channel.html\" title=\"interface in net.dv8tion.jda.api.entities.channel\">Channel</a>,<wbr><a href=\"#type-param-T\" title=\"type parameter in GenericChannelUpdateEvent\">T</a>&gt;</code>\n</dd>"
                ]
            },
            "seeAlso": null
        },
        "getChannel()": {
            "elementId": "getChannel()",
            "methodAnnotations": "@Nonnull",
            "methodName": "getChannel",
            "methodSignature": "@Nonnull public ChannelUnion getChannel()",
            "parameters": [],
            "methodReturnType": "ChannelUnion",
            "isStatic": false,
            "descriptionElements": [
                "<div class=\"block\">\n The <a href=\"../../entities/channel/Channel.html\" title=\"interface in net.dv8tion.jda.api.entities.channel\"><code>Channel</code></a> the event was fired from.\n</div>"
            ],
            "deprecationElement": null,
            "details": {
                "RETURNS": [
                    "<dd>\n The <a href=\"../../entities/channel/ChannelType.html\" title=\"enum in net.dv8tion.jda.api.entities.channel\"><code>ChannelType</code></a> of the channel the event was fired from.\n</dd>"
                ]
            },
            "seeAlso": null
        },
        "getResponseNumber()": {
            "elementId": "getResponseNumber()",
            "methodAnnotations": null,
            "methodName": "getResponseNumber",
            "methodSignature": "long getResponseNumber()",
            "parameters": [],
            "methodReturnType": "long",
            "isStatic": false,
            "descriptionElements": [
                "<div class=\"block\">\n The current sequence for this event.\n <br>\n This can be used to keep events in order when making sequencing system.\n</div>"
            ],
            "deprecationElement": null,
            "details": {
                "RETURNS": [
                    "<dd>The current sequence number for this event</dd>"
                ]
            },
            "seeAlso": null
        },
        "toString()": {
            "elementId": "toString()",
            "methodAnnotations": null,
            "methodName": "toString",
            "methodSignature": "public String toString()",
            "parameters": [],
            "methodReturnType": "String",
            "isStatic": false,
            "descriptionElements": [],
            "deprecationElement": null,
            "details": {
                "OVERRIDES": [
                    "<dd>\n <code><a href=\"https://docs.oracle.com/javase/8/docs/api/java/lang/Object.html#toString--\" title=\"class or interface in java.lang\" class=\"external-link\">toString</a></code>&nbsp;in class&nbsp;<code><a href=\"https://docs.oracle.com/javase/8/docs/api/java/lang/Object.html\" title=\"class or interface in java.lang\" class=\"external-link\">Object</a></code>\n</dd>"
                ]
            },
            "seeAlso": null
        },
        "getChannelType()": {
            "elementId": "getChannelType()",
            "methodAnnotations": "@Nonnull",
            "methodName": "getChannelType",
            "methodSignature": "@Nonnull public ChannelType getChannelType()",
            "parameters": [],
            "methodReturnType": "ChannelType",
            "isStatic": false,
            "descriptionElements": [
                "<div class=\"block\">\n The <a href=\"../../entities/channel/ChannelType.html\" title=\"enum in net.dv8tion.jda.api.entities.channel\"><code>ChannelType</code></a> of the channel the event was fired from.\n</div>"
            ],
            "deprecationElement": null,
            "details": {
                "RETURNS": [
                    "<dd>\n The <a href=\"../../entities/channel/ChannelType.html\" title=\"enum in net.dv8tion.jda.api.entities.channel\"><code>ChannelType</code></a> of the channel the event was fired from.\n</dd>"
                ]
            },
            "seeAlso": null
        },
        "getRawData()": {
            "elementId": "getRawData()",
            "methodAnnotations": "@Nullable",
            "methodName": "getRawData",
            "methodSignature": "@Nullable DataObject getRawData()",
            "parameters": [],
            "methodReturnType": "DataObject",
            "isStatic": false,
            "descriptionElements": [
                "<div class=\"block\">\n The passthrough data that this event was serialized from. This data might be null in rare situations, for example, if the event came from a rest action.\n <br>\n This provides the full gateway message payload, including sequence, event name and dispatch type. For details, read the official <a href=\"https://discord.dev/topics/gateway\" target=\"_blank\">Discord Documentation</a>.\n</div>"
            ],
            "deprecationElement": null,
            "details": {
                "RETURNS": [
                    "<dd>\n The corresponding <a href=\"../utils/data/DataObject.html\" title=\"class in net.dv8tion.jda.api.utils.data\"><code>DataObject</code></a>\n</dd>"
                ],
                "THROWS": [
                    "<dd>\n <code><a href=\"https://docs.oracle.com/javase/8/docs/api/java/lang/IllegalStateException.html\" title=\"class or interface in java.lang\" class=\"external-link\">IllegalStateException</a></code> - If event passthrough was not enabled, see <a href=\"../JDABuilder.html#setEventPassthrough(boolean)\"><code>JDABuilder#setEventPassthrough(boolean)</code></a>\n</dd>"
                ]
            },
            "seeAlso": null
        },
        "getNewValue()": {
            "elementId": "getNewValue()",
            "methodAnnotations": "@Nullable",
            "methodName": "getNewValue",
            "methodSignature": "@Nullable public T getNewValue()",
            "parameters": [],
            "methodReturnType": "T",
            "isStatic": false,
            "descriptionElements": [
                "<div class=\"block\">\n The <a href=\"../../../entities/channel/Channel.html\" title=\"interface in net.dv8tion.jda.api.entities.channel\"><code>Channel's</code></a> new value of the just updated field.\n</div>"
            ],
            "deprecationElement": null,
            "details": {
                "RETURNS": [
                    "<dd>The new value of the just updated field.</dd>"
                ],
                "SPECIFIED_BY": [
                    "<dd>\n <code><a href=\"../../UpdateEvent.html#getNewValue()\">getNewValue</a></code>&nbsp;in interface&nbsp;<code><a href=\"../../UpdateEvent.html\" title=\"interface in net.dv8tion.jda.api.events\">UpdateEvent</a>&lt;<a href=\"../../../entities/channel/Channel.html\" title=\"interface in net.dv8tion.jda.api.entities.channel\">Channel</a>,<wbr><a href=\"#type-param-T\" title=\"type parameter in GenericChannelUpdateEvent\">T</a>&gt;</code>\n</dd>"
                ]
            },
            "seeAlso": null
        },
        "getGuild()": {
            "elementId": "getGuild()",
            "methodAnnotations": "@Nonnull",
            "methodName": "getGuild",
            "methodSignature": "@Nonnull public Guild getGuild()",
            "parameters": [],
            "methodReturnType": "Guild",
            "isStatic": false,
            "descriptionElements": [
                "<div class=\"block\">\n The <a href=\"../../entities/Guild.html\" title=\"interface in net.dv8tion.jda.api.entities\"><code>Guild</code></a> in which this channel event happened.\n <br>\n If this channel event was not received in a <a href=\"../../entities/channel/middleman/GuildChannel.html\" title=\"interface in net.dv8tion.jda.api.entities.channel.middleman\"><code>GuildChannel</code></a>, this will throw an <a href=\"https://docs.oracle.com/javase/8/docs/api/java/lang/IllegalStateException.html\" title=\"class or interface in java.lang\" class=\"external-link\"><code>IllegalStateException</code></a>.\n</div>"
            ],
            "deprecationElement": null,
            "details": {
                "RETURNS": [
                    "<dd>The Guild in which this channel event happened</dd>"
                ],
                "SEE_ALSO": [
                    "<dd>\n <ul class=\"tag-list\">\n  <li><a href=\"#isFromType(net.dv8tion.jda.api.entities.channel.ChannelType)\"><code>isFromType(ChannelType)</code></a></li>\n  <li><a href=\"#getChannelType()\"><code>getChannelType()</code></a></li>\n </ul>\n</dd>"
                ],
                "THROWS": [
                    "<dd>\n <code><a href=\"https://docs.oracle.com/javase/8/docs/api/java/lang/IllegalStateException.html\" title=\"class or interface in java.lang\" class=\"external-link\">IllegalStateException</a></code> - If this channel event did not happen in a <a href=\"../../entities/channel/middleman/GuildChannel.html\" title=\"interface in net.dv8tion.jda.api.entities.channel.middleman\"><code>GuildChannel</code></a>.\n</dd>"
                ]
            },
            "seeAlso": {
                "references": [
                    {
                        "text": "isFromType(ChannelType)",
                        "link": "https://docs.jda.wiki/net/dv8tion/jda/api/events/channel/GenericChannelEvent.html#isFromType(net.dv8tion.jda.api.entities.channel.ChannelType)",
                        "targetType": "METHOD",
                        "fullSignature": "GenericChannelEvent#isFromType(ChannelType)"
                    },
                    {
                        "text": "getChannelType()",
                        "link": "https://docs.jda.wiki/net/dv8tion/jda/api/events/channel/GenericChannelEvent.html#getChannelType()",
                        "targetType": "METHOD",
                        "fullSignature": "GenericChannelEvent#getChannelType()"
                    }
                ]
            }
        },
        "isFromGuild()": {
            "elementId": "isFromGuild()",
            "methodAnnotations": null,
            "methodName": "isFromGuild",
            "methodSignature": "public boolean isFromGuild()",
            "parameters": [],
            "methodReturnType": "boolean",
            "isStatic": false,
            "descriptionElements": [
                "<div class=\"block\">\n Whether this channel event happened in a <a href=\"../../entities/Guild.html\" title=\"interface in net.dv8tion.jda.api.entities\"><code>Guild</code></a>.\n <br>\n If this is <code>false</code> then <a href=\"#getGuild()\"><code>getGuild()</code></a> will throw an <a href=\"https://docs.oracle.com/javase/8/docs/api/java/lang/IllegalStateException.html\" title=\"class or interface in java.lang\" class=\"external-link\"><code>IllegalStateException</code></a>.\n</div>"
            ],
            "deprecationElement": null,
            "details": {
                "RETURNS": [
                    "<dd>\n True, if <a href=\"#getChannelType()\"><code>getChannelType()</code></a>.<a href=\"../../entities/channel/ChannelType.html#isGuild()\"><code>isGuild()</code></a> is true.\n</dd>"
                ]
            },
            "seeAlso": null
        },
        "getOldValue()": {
            "elementId": "getOldValue()",
            "methodAnnotations": "@Nullable",
            "methodName": "getOldValue",
            "methodSignature": "@Nullable public T getOldValue()",
            "parameters": [],
            "methodReturnType": "T",
            "isStatic": false,
            "descriptionElements": [
                "<div class=\"block\">\n The <a href=\"../../../entities/channel/Channel.html\" title=\"interface in net.dv8tion.jda.api.entities.channel\"><code>Channel's</code></a> old value of the just updated field.\n</div>"
            ],
            "deprecationElement": null,
            "details": {
                "RETURNS": [
                    "<dd>The old value of the just updated field.</dd>"
                ],
                "SPECIFIED_BY": [
                    "<dd>\n <code><a href=\"../../UpdateEvent.html#getOldValue()\">getOldValue</a></code>&nbsp;in interface&nbsp;<code><a href=\"../../UpdateEvent.html\" title=\"interface in net.dv8tion.jda.api.events\">UpdateEvent</a>&lt;<a href=\"../../../entities/channel/Channel.html\" title=\"interface in net.dv8tion.jda.api.entities.channel\">Channel</a>,<wbr><a href=\"#type-param-T\" title=\"type parameter in GenericChannelUpdateEvent\">T</a>&gt;</code>\n</dd>"
                ]
            },
            "seeAlso": null
        },
        "getEntity()": {
            "elementId": "getEntity()",
            "methodAnnotations": "@Nonnull",
            "methodName": "getEntity",
            "methodSignature": "@Nonnull public Channel getEntity()",
            "parameters": [],
            "methodReturnType": "Channel",
            "isStatic": false,
            "descriptionElements": [
                "<div class=\"block\">\n The <a href=\"../../../entities/channel/Channel.html\" title=\"interface in net.dv8tion.jda.api.entities.channel\"><code>Channel</code></a> entity affected by this update event.\n <br>\n Equivalent with <code>getChannel()</code>.\n</div>"
            ],
            "deprecationElement": null,
            "details": {
                "RETURNS": [
                    "<dd>\n The <a href=\"../../../entities/channel/Channel.html\" title=\"interface in net.dv8tion.jda.api.entities.channel\"><code>Channel</code></a> entity affected by this update event.\n</dd>"
                ],
                "SPECIFIED_BY": [
                    "<dd>\n <code><a href=\"../../UpdateEvent.html#getEntity()\">getEntity</a></code>&nbsp;in interface&nbsp;<code><a href=\"../../UpdateEvent.html\" title=\"interface in net.dv8tion.jda.api.events\">UpdateEvent</a>&lt;<a href=\"../../../entities/channel/Channel.html\" title=\"interface in net.dv8tion.jda.api.entities.channel\">Channel</a>,<wbr><a href=\"#type-param-T\" title=\"type parameter in GenericChannelUpdateEvent\">T</a>&gt;</code>\n</dd>"
                ]
            },
            "seeAlso": null
        },
        "<init>(net.dv8tion.jda.api.JDA,long,net.dv8tion.jda.api.entities.channel.Channel,java.lang.Integer,java.lang.Integer)": {
            "elementId": "<init>(net.dv8tion.jda.api.JDA,long,net.dv8tion.jda.api.entities.channel.Channel,java.lang.Integer,java.lang.Integer)",
            "methodAnnotations": null,
            "methodName": "ChannelUpdateSlowmodeEvent",
            "methodSignature": "public ChannelUpdateSlowmodeEvent(@Nonnull JDA api, long responseNumber, Channel channel, Integer oldValue, Integer newValue)",
            "parameters": [
                {
                    "annotations": [
                        "Nonnull"
                    ],
                    "type": "net.dv8tion.jda.api.JDA",
                    "simpleType": "JDA",
                    "name": "api"
                },
                {
                    "annotations": [],
                    "type": "long",
                    "simpleType": "long",
                    "name": "responseNumber"
                },
                {
                    "annotations": [],
                    "type": "net.dv8tion.jda.api.entities.channel.Channel",
                    "simpleType": "Channel",
                    "name": "channel"
                },
                {
                    "annotations": [],
                    "type": "java.lang.Integer",
                    "simpleType": "Integer",
                    "name": "oldValue"
                },
                {
                    "annotations": [],
                    "type": "java.lang.Integer",
                    "simpleType": "Integer",
                    "name": "newValue"
                }
            ],
            "methodReturnType": "ChannelUpdateSlowmodeEvent",
            "isStatic": false,
            "descriptionElements": [],
            "deprecationElement": null,
            "details": {},
            "seeAlso": null
        }
    },
    "fields": {
        "FIELD": {
            "elementId": "FIELD",
            "fieldName": "FIELD",
            "fieldType": "ChannelField",
            "fieldValue": null,
            "descriptionElements": [],
            "deprecationElement": null,
            "modifiers": "public static final"
        },
        "IDENTIFIER": {
            "elementId": "IDENTIFIER",
            "fieldName": "IDENTIFIER",
            "fieldType": "String",
            "fieldValue": null,
            "descriptionElements": [],
            "deprecationElement": null,
            "modifiers": "public static final"
        }
    }
}