{
    "classNameFqcn": "net.dv8tion.jda.annotations.ForRemoval",
    "descriptionElements": [
        "<div class=\"block\">\n Functionality annotated with ForRemoval will no longer be supported and should not be used anymore in new code.\n</div>"
    ],
    "deprecationElement": null,
    "details": {},
    "seeAlso": null,
    "methods": {
        "deadline()": {
            "elementId": "deadline()",
            "methodAnnotations": null,
            "methodName": "deadline",
            "methodSignature": "String deadline",
            "parameters": [],
            "methodReturnType": "String",
            "isStatic": false,
            "descriptionElements": [
                "<div class=\"block\">\n Version which will most likely remove this feature.\n</div>"
            ],
            "deprecationElement": null,
            "details": {
                "RETURNS": [
                    "<dd>\n The deadline version or N/A if this isn't known yet\n</dd>"
                ],
                "DEFAULT": [
                    "<dd>\n \"N/A\"\n</dd>"
                ]
            },
            "seeAlso": null
        }
    },
    "fields": {}
}