{
    "classNameFqcn": "net.dv8tion.jda.api.events.interaction.GenericAutoCompleteInteractionEvent",
    "descriptionElements": [
        "<div class=\"block\">\n Indicates that a user is typing in an auto-complete interactive field. \n <p><b>Requirements</b><br>\n   To receive these events, you must unset the <b>Interactions Endpoint URL</b> in your application dashboard. You can simply remove the URL for this endpoint in your settings at the <a href=\"https://discord.com/developers/applications\" target=\"_blank\">Discord Developers Portal</a>.</p>\n</div>"
    ],
    "deprecationElement": null,
    "details": {
        "SEE_ALSO": [
            "<dd>\n <ul class=\"see-list-long\">\n  <li><a href=\"../../interactions/callbacks/IAutoCompleteCallback.html\" title=\"interface in net.dv8tion.jda.api.interactions.callbacks\"><code>IAutoCompleteCallback</code></a></li>\n  <li><a href=\"../../interactions/commands/build/OptionData.html#setAutoComplete(boolean)\"><code>OptionData.setAutoComplete(boolean)</code></a></li>\n </ul>\n</dd>"
        ],
        "ALL_IMPLEMENTED_INTERFACES": [
            "<dd>\n <code><a href=\"../../entities/ISnowflake.html\" title=\"interface in net.dv8tion.jda.api.entities\">ISnowflake</a></code>, <code><a href=\"../GenericEvent.html\" title=\"interface in net.dv8tion.jda.api.events\">GenericEvent</a></code>, <code><a href=\"../../interactions/callbacks/IAutoCompleteCallback.html\" title=\"interface in net.dv8tion.jda.api.interactions.callbacks\">IAutoCompleteCallback</a></code>, <code><a href=\"../../interactions/Interaction.html\" title=\"interface in net.dv8tion.jda.api.interactions\">Interaction</a></code>\n</dd>"
        ],
        "DIRECT_KNOWN_SUBCLASSES": [
            "<dd>\n <code><a href=\"command/CommandAutoCompleteInteractionEvent.html\" title=\"class in net.dv8tion.jda.api.events.interaction.command\">CommandAutoCompleteInteractionEvent</a></code>\n</dd>"
        ]
    },
    "seeAlso": {
        "references": [
            {
                "text": "IAutoCompleteCallback",
                "link": "https://docs.jda.wiki/net/dv8tion/jda/api/interactions/callbacks/IAutoCompleteCallback.html",
                "targetType": "CLASS",
                "fullSignature": "IAutoCompleteCallback"
            },
            {
                "text": "OptionData#setAutoComplete(boolean)",
                "link": "https://docs.jda.wiki/net/dv8tion/jda/api/interactions/commands/build/OptionData.html#setAutoComplete(boolean)",
                "targetType": "METHOD",
                "fullSignature": "OptionData#setAutoComplete(boolean)"
            }
        ]
    },
    "methods": {
        "getUser()": {
            "elementId": "getUser()",
            "methodAnnotations": "@Nonnull",
            "methodName": "getUser",
            "methodSignature": "@Nonnull User getUser()",
            "parameters": [],
            "methodReturnType": "User",
            "isStatic": false,
            "descriptionElements": [
                "<div class=\"block\">\n The <a href=\"../entities/User.html\" title=\"interface in net.dv8tion.jda.api.entities\"><code>User</code></a> who caused this interaction.\n</div>"
            ],
            "deprecationElement": null,
            "details": {
                "RETURNS": [
                    "<dd>\n The <a href=\"../entities/User.html\" title=\"interface in net.dv8tion.jda.api.entities\"><code>User</code></a>\n</dd>"
                ]
            },
            "seeAlso": null
        },
        "isFromAttachedGuild()": {
            "elementId": "isFromAttachedGuild()",
            "methodAnnotations": null,
            "methodName": "isFromAttachedGuild",
            "methodSignature": "default boolean isFromAttachedGuild()",
            "parameters": [],
            "methodReturnType": "boolean",
            "isStatic": false,
            "descriptionElements": [
                "<div class=\"block\">\n Whether this interaction happened in an attached guild.\n</div>"
            ],
            "deprecationElement": null,
            "details": {
                "RETURNS": [
                    "<dd>\n <code>true</code>, if this interaction happened in an attached guild\n</dd>"
                ],
                "SEE_ALSO": [
                    "<dd>\n <ul class=\"see-list\">\n  <li><a href=\"../entities/detached/IDetachableEntity.html#isDetached()\"><code>IDetachableEntity.isDetached()</code></a></li>\n </ul>\n</dd>"
                ]
            },
            "seeAlso": {
                "references": [
                    {
                        "text": "IDetachableEntity#isDetached()",
                        "link": "https://docs.jda.wiki/net/dv8tion/jda/api/entities/detached/IDetachableEntity.html#isDetached()",
                        "targetType": "METHOD",
                        "fullSignature": "IDetachableEntity#isDetached()"
                    }
                ]
            }
        },
        "getChannel()": {
            "elementId": "getChannel()",
            "methodAnnotations": "@Nullable",
            "methodName": "getChannel",
            "methodSignature": "@Nullable Channel getChannel()",
            "parameters": [],
            "methodReturnType": "Channel",
            "isStatic": false,
            "descriptionElements": [
                "<div class=\"block\">\n The channel this interaction happened in.\n</div>"
            ],
            "deprecationElement": null,
            "details": {
                "RETURNS": [
                    "<dd>\n The channel or null if the channel is not provided\n</dd>"
                ]
            },
            "seeAlso": null
        },
        "getUserLocale()": {
            "elementId": "getUserLocale()",
            "methodAnnotations": "@Nonnull",
            "methodName": "getUserLocale",
            "methodSignature": "@Nonnull DiscordLocale getUserLocale()",
            "parameters": [],
            "methodReturnType": "DiscordLocale",
            "isStatic": false,
            "descriptionElements": [
                "<div class=\"block\">\n Returns the selected language of the invoking user.\n</div>"
            ],
            "deprecationElement": null,
            "details": {
                "RETURNS": [
                    "<dd>\n The language of the invoking user\n</dd>"
                ]
            },
            "seeAlso": null
        },
        "replyChoice(java.lang.String,double)": {
            "elementId": "replyChoice(java.lang.String,double)",
            "methodAnnotations": "@Nonnull @CheckReturnValue",
            "methodName": "replyChoice",
            "methodSignature": "@Nonnull @CheckReturnValue default AutoCompleteCallbackAction replyChoice(@Nonnull String name, double value)",
            "parameters": [
                {
                    "annotations": [
                        "Nonnull"
                    ],
                    "type": "java.lang.String",
                    "simpleType": "String",
                    "name": "name"
                },
                {
                    "annotations": [],
                    "type": "double",
                    "simpleType": "double",
                    "name": "value"
                }
            ],
            "methodReturnType": "AutoCompleteCallbackAction",
            "isStatic": false,
            "descriptionElements": [
                "<div class=\"block\">\n Reply with up to <a href=\"../commands/build/OptionData.html#MAX_CHOICES\">25</a> choices which can be picked from by the user. \n <br>\n The user may continue writing inputs instead of using one of your choices.\n</div>"
            ],
            "deprecationElement": null,
            "details": {
                "PARAMETERS": [
                    "<dd>\n <code>name</code> - The choice name to show to the user, 1-<a href=\"../commands/build/OptionData.html#MAX_CHOICE_NAME_LENGTH\">100</a> characters\n</dd>",
                    "<dd>\n <code>value</code> - The choice value, must be between <a href=\"../commands/build/OptionData.html#MIN_NEGATIVE_NUMBER\">-9.007199254740991E15</a> and <a href=\"../commands/build/OptionData.html#MAX_POSITIVE_NUMBER\">9.007199254740991E15</a>\n</dd>"
                ],
                "RETURNS": [
                    "<dd>\n <a href=\"../../requests/restaction/interactions/AutoCompleteCallbackAction.html\" title=\"interface in net.dv8tion.jda.api.requests.restaction.interactions\"><code>AutoCompleteCallbackAction</code></a>\n</dd>"
                ],
                "THROWS": [
                    "<dd>\n <code><a href=\"https://docs.oracle.com/javase/8/docs/api/java/lang/IllegalArgumentException.html\" title=\"class or interface in java.lang\" class=\"external-link\">IllegalArgumentException</a></code> - \n <ul>\n  <li>If <code>null</code> is provided</li>\n  <li>If more than <a href=\"../commands/build/OptionData.html#MAX_CHOICES\">25</a> choices are added</li>\n  <li>If the choice name is empty or longer than <a href=\"../commands/build/OptionData.html#MAX_CHOICE_NAME_LENGTH\">100</a></li>\n  <li>If the option type is incompatible with the choice type</li>\n  <li>If the value of is not between <a href=\"../commands/build/OptionData.html#MIN_NEGATIVE_NUMBER\">-9.007199254740991E15</a> and <a href=\"../commands/build/OptionData.html#MAX_POSITIVE_NUMBER\">9.007199254740991E15</a></li>\n </ul>\n</dd>"
                ]
            },
            "seeAlso": null
        },
        "getGuildLocale()": {
            "elementId": "getGuildLocale()",
            "methodAnnotations": "@Nonnull",
            "methodName": "getGuildLocale",
            "methodSignature": "@Nonnull default DiscordLocale getGuildLocale()",
            "parameters": [],
            "methodReturnType": "DiscordLocale",
            "isStatic": false,
            "descriptionElements": [
                "<div class=\"block\">\n Returns the preferred language of the Guild. \n <br>\n This is identical to <code>getGuild().getLocale()</code>.\n</div>"
            ],
            "deprecationElement": null,
            "details": {
                "RETURNS": [
                    "<dd>\n The preferred language of the Guild\n</dd>"
                ],
                "THROWS": [
                    "<dd>\n <code><a href=\"https://docs.oracle.com/javase/8/docs/api/java/lang/IllegalStateException.html\" title=\"class or interface in java.lang\" class=\"external-link\">IllegalStateException</a></code> - If this interaction is not from a guild. (See <a href=\"#isFromGuild()\"><code>isFromGuild()</code></a>)\n</dd>"
                ]
            },
            "seeAlso": null
        },
        "getIdLong()": {
            "elementId": "getIdLong()",
            "methodAnnotations": null,
            "methodName": "getIdLong",
            "methodSignature": "long getIdLong()",
            "parameters": [],
            "methodReturnType": "long",
            "isStatic": false,
            "descriptionElements": [
                "<div class=\"block\">\n The Snowflake id of this entity. This is unique to every entity and will never change.\n</div>"
            ],
            "deprecationElement": null,
            "details": {
                "RETURNS": [
                    "<dd>\n Long containing the Id.\n</dd>"
                ]
            },
            "seeAlso": null
        },
        "replyChoiceStrings(java.util.Collection)": {
            "elementId": "replyChoiceStrings(java.util.Collection)",
            "methodAnnotations": "@Nonnull @CheckReturnValue",
            "methodName": "replyChoiceStrings",
            "methodSignature": "@Nonnull @CheckReturnValue default AutoCompleteCallbackAction replyChoiceStrings(@Nonnull Collection<String> choices)",
            "parameters": [
                {
                    "annotations": [
                        "Nonnull"
                    ],
                    "type": "java.util.Collection",
                    "simpleType": "Collection",
                    "name": "choices"
                }
            ],
            "methodReturnType": "AutoCompleteCallbackAction",
            "isStatic": false,
            "descriptionElements": [
                "<div class=\"block\">\n Reply with up to <a href=\"../commands/build/OptionData.html#MAX_CHOICES\">25</a> choices which can be picked from by the user. \n <br>\n The user may continue writing inputs instead of using one of your choices. \n <p>The provided strings will be used as value and name for the <a href=\"../commands/Command.Choice.html\" title=\"class in net.dv8tion.jda.api.interactions.commands\"><code>Choices</code></a>.</p>\n</div>"
            ],
            "deprecationElement": null,
            "details": {
                "PARAMETERS": [
                    "<dd>\n <code>choices</code> - The choice suggestions to present to the user, each limited to <a href=\"../commands/build/OptionData.html#MAX_CHOICE_NAME_LENGTH\">100</a> characters\n</dd>"
                ],
                "RETURNS": [
                    "<dd>\n <a href=\"../../requests/restaction/interactions/AutoCompleteCallbackAction.html\" title=\"interface in net.dv8tion.jda.api.requests.restaction.interactions\"><code>AutoCompleteCallbackAction</code></a>\n</dd>"
                ],
                "THROWS": [
                    "<dd>\n <code><a href=\"https://docs.oracle.com/javase/8/docs/api/java/lang/IllegalArgumentException.html\" title=\"class or interface in java.lang\" class=\"external-link\">IllegalArgumentException</a></code> - \n <ul>\n  <li>If <code>null</code> is provided</li>\n  <li>If more than <a href=\"../commands/build/OptionData.html#MAX_CHOICES\">25</a> choices are added</li>\n  <li>If any of the choice names are empty or longer than <a href=\"../commands/build/OptionData.html#MAX_CHOICE_NAME_LENGTH\">100</a></li>\n  <li>If the string value of any of the choices is empty or longer than <a href=\"../commands/build/OptionData.html#MAX_CHOICE_VALUE_LENGTH\">100</a></li>\n </ul>\n</dd>"
                ]
            },
            "seeAlso": null
        },
        "getEntitlements()": {
            "elementId": "getEntitlements()",
            "methodAnnotations": "@Nonnull",
            "methodName": "getEntitlements",
            "methodSignature": "@Nonnull List<Entitlement> getEntitlements()",
            "parameters": [],
            "methodReturnType": "List<Entitlement>",
            "isStatic": false,
            "descriptionElements": [
                "<div class=\"block\">\n Returns the list of <a href=\"../entities/Entitlement.html\" title=\"interface in net.dv8tion.jda.api.entities\"><code>entitlements</code></a> for the current guild and user. \n <br>\n If this interaction is not from a guild, it will only contain entitlements of the user.\n</div>"
            ],
            "deprecationElement": null,
            "details": {
                "RETURNS": [
                    "<dd>\n The <a href=\"https://docs.oracle.com/javase/8/docs/api/java/util/List.html\" title=\"class or interface in java.util\" class=\"external-link\"><code>List</code></a> of <a href=\"../entities/Entitlement.html\" title=\"interface in net.dv8tion.jda.api.entities\"><code>Entitlement</code></a>\n</dd>"
                ]
            },
            "seeAlso": null
        },
        "getMessageChannel()": {
            "elementId": "getMessageChannel()",
            "methodAnnotations": "@Nonnull",
            "methodName": "getMessageChannel",
            "methodSignature": "@Nonnull default MessageChannel getMessageChannel()",
            "parameters": [],
            "methodReturnType": "MessageChannel",
            "isStatic": false,
            "descriptionElements": [
                "<div class=\"block\">\n The <a href=\"../entities/channel/middleman/MessageChannel.html\" title=\"interface in net.dv8tion.jda.api.entities.channel.middleman\"><code>MessageChannel</code></a> this interaction happened in. \n <br>\n If <a href=\"#getChannelType()\"><code>getChannelType()</code></a> is not a message channel type, this throws <a href=\"https://docs.oracle.com/javase/8/docs/api/java/lang/IllegalStateException.html\" title=\"class or interface in java.lang\" class=\"external-link\"><code>IllegalStateException</code></a>!\n</div>"
            ],
            "deprecationElement": null,
            "details": {
                "RETURNS": [
                    "<dd>\n The <a href=\"../entities/channel/middleman/MessageChannel.html\" title=\"interface in net.dv8tion.jda.api.entities.channel.middleman\"><code>MessageChannel</code></a>\n</dd>"
                ],
                "THROWS": [
                    "<dd>\n <code><a href=\"https://docs.oracle.com/javase/8/docs/api/java/lang/IllegalStateException.html\" title=\"class or interface in java.lang\" class=\"external-link\">IllegalStateException</a></code> - If <a href=\"#getChannel()\"><code>getChannel()</code></a> is not a message channel\n</dd>"
                ]
            },
            "seeAlso": null
        },
        "getId()": {
            "elementId": "getId()",
            "methodAnnotations": "@Nonnull",
            "methodName": "getId",
            "methodSignature": "@Nonnull default String getId()",
            "parameters": [],
            "methodReturnType": "String",
            "isStatic": false,
            "descriptionElements": [
                "<div class=\"block\">\n The Snowflake id of this entity. This is unique to every entity and will never change.\n</div>"
            ],
            "deprecationElement": null,
            "details": {
                "RETURNS": [
                    "<dd>\n Never-null String containing the Id.\n</dd>"
                ]
            },
            "seeAlso": null
        },
        "getInteraction()": {
            "elementId": "getInteraction()",
            "methodAnnotations": "@Nonnull",
            "methodName": "getInteraction",
            "methodSignature": "@Nonnull public IAutoCompleteCallback getInteraction()",
            "parameters": [],
            "methodReturnType": "IAutoCompleteCallback",
            "isStatic": false,
            "descriptionElements": [
                "<div class=\"block\">\n <span class=\"descfrm-type-label\">Description copied from class:&nbsp;<code><a href=\"GenericInteractionCreateEvent.html#getInteraction()\">GenericInteractionCreateEvent</a></code></span>\n</div>",
                "<div class=\"block\">\n The <a href=\"../../interactions/Interaction.html\" title=\"interface in net.dv8tion.jda.api.interactions\"><code>Interaction</code></a> instance. \n <br>\n Note that this event is a delegate which implements the same interface.\n</div>"
            ],
            "deprecationElement": null,
            "details": {
                "RETURNS": [
                    "<dd>\n The <a href=\"../../interactions/Interaction.html\" title=\"interface in net.dv8tion.jda.api.interactions\"><code>Interaction</code></a>\n</dd>"
                ],
                "OVERRIDES": [
                    "<dd>\n <code><a href=\"GenericInteractionCreateEvent.html#getInteraction()\">getInteraction</a></code>&nbsp;in class&nbsp;<code><a href=\"GenericInteractionCreateEvent.html\" title=\"class in net.dv8tion.jda.api.events.interaction\">GenericInteractionCreateEvent</a></code>\n</dd>"
                ]
            },
            "seeAlso": null
        },
        "getContext()": {
            "elementId": "getContext()",
            "methodAnnotations": "@Nonnull",
            "methodName": "getContext",
            "methodSignature": "@Nonnull InteractionContextType getContext()",
            "parameters": [],
            "methodReturnType": "InteractionContextType",
            "isStatic": false,
            "descriptionElements": [
                "<div class=\"block\">\n Gets the context in which this command was executed.\n</div>"
            ],
            "deprecationElement": null,
            "details": {
                "RETURNS": [
                    "<dd>\n The context in which this command was executed\n</dd>"
                ]
            },
            "seeAlso": null
        },
        "getGuildChannel()": {
            "elementId": "getGuildChannel()",
            "methodAnnotations": "@Nonnull",
            "methodName": "getGuildChannel",
            "methodSignature": "@Nonnull default GuildChannel getGuildChannel()",
            "parameters": [],
            "methodReturnType": "GuildChannel",
            "isStatic": false,
            "descriptionElements": [
                "<div class=\"block\">\n The <a href=\"../entities/channel/middleman/GuildChannel.html\" title=\"interface in net.dv8tion.jda.api.entities.channel.middleman\"><code>GuildChannel</code></a> this interaction happened in. \n <br>\n If <a href=\"#getChannelType()\"><code>getChannelType()</code></a> is not a guild type, this throws <a href=\"https://docs.oracle.com/javase/8/docs/api/java/lang/IllegalStateException.html\" title=\"class or interface in java.lang\" class=\"external-link\"><code>IllegalStateException</code></a>!\n</div>"
            ],
            "deprecationElement": null,
            "details": {
                "RETURNS": [
                    "<dd>\n The <a href=\"../entities/channel/middleman/GuildChannel.html\" title=\"interface in net.dv8tion.jda.api.entities.channel.middleman\"><code>GuildChannel</code></a>\n</dd>"
                ],
                "THROWS": [
                    "<dd>\n <code><a href=\"https://docs.oracle.com/javase/8/docs/api/java/lang/IllegalStateException.html\" title=\"class or interface in java.lang\" class=\"external-link\">IllegalStateException</a></code> - If <a href=\"#getChannel()\"><code>getChannel()</code></a> is not a guild channel\n</dd>"
                ]
            },
            "seeAlso": null
        },
        "getType()": {
            "elementId": "getType()",
            "methodAnnotations": "@Nonnull",
            "methodName": "getType",
            "methodSignature": "@Nonnull default InteractionType getType()",
            "parameters": [],
            "methodReturnType": "InteractionType",
            "isStatic": false,
            "descriptionElements": [
                "<div class=\"block\">\n The <a href=\"InteractionType.html\" title=\"enum in net.dv8tion.jda.api.interactions\"><code>InteractionType</code></a> for this interaction.\n</div>"
            ],
            "deprecationElement": null,
            "details": {
                "RETURNS": [
                    "<dd>\n The <a href=\"InteractionType.html\" title=\"enum in net.dv8tion.jda.api.interactions\"><code>InteractionType</code></a> or <a href=\"InteractionType.html#UNKNOWN\"><code>InteractionType.UNKNOWN</code></a>\n</dd>"
                ]
            },
            "seeAlso": null
        },
        "getToken()": {
            "elementId": "getToken()",
            "methodAnnotations": "@Nonnull",
            "methodName": "getToken",
            "methodSignature": "@Nonnull String getToken()",
            "parameters": [],
            "methodReturnType": "String",
            "isStatic": false,
            "descriptionElements": [
                "<div class=\"block\">\n The interaction token used for responding to an interaction.\n</div>"
            ],
            "deprecationElement": null,
            "details": {
                "RETURNS": [
                    "<dd>\n The interaction token\n</dd>"
                ]
            },
            "seeAlso": null
        },
        "getIntegrationOwners()": {
            "elementId": "getIntegrationOwners()",
            "methodAnnotations": "@Nonnull",
            "methodName": "getIntegrationOwners",
            "methodSignature": "@Nonnull IntegrationOwners getIntegrationOwners()",
            "parameters": [],
            "methodReturnType": "IntegrationOwners",
            "isStatic": false,
            "descriptionElements": [
                "<div class=\"block\">\n Returns the integration owners of this interaction, which depends on how the app was installed.\n</div>"
            ],
            "deprecationElement": null,
            "details": {
                "RETURNS": [
                    "<dd>\n The integration owners of this interaction\n</dd>"
                ]
            },
            "seeAlso": null
        },
        "getJDA()": {
            "elementId": "getJDA()",
            "methodAnnotations": "@Nonnull",
            "methodName": "getJDA",
            "methodSignature": "@Nonnull JDA getJDA()",
            "parameters": [],
            "methodReturnType": "JDA",
            "isStatic": false,
            "descriptionElements": [
                "<div class=\"block\">\n Returns the <a href=\"../JDA.html\" title=\"interface in net.dv8tion.jda.api\"><code>JDA</code></a> instance of this interaction\n</div>"
            ],
            "deprecationElement": null,
            "details": {
                "RETURNS": [
                    "<dd>\n the corresponding JDA instance\n</dd>"
                ]
            },
            "seeAlso": null
        },
        "replyChoiceLongs(java.util.Collection)": {
            "elementId": "replyChoiceLongs(java.util.Collection)",
            "methodAnnotations": "@Nonnull @CheckReturnValue",
            "methodName": "replyChoiceLongs",
            "methodSignature": "@Nonnull @CheckReturnValue default AutoCompleteCallbackAction replyChoiceLongs(@Nonnull Collection<Long> choices)",
            "parameters": [
                {
                    "annotations": [
                        "Nonnull"
                    ],
                    "type": "java.util.Collection",
                    "simpleType": "Collection",
                    "name": "choices"
                }
            ],
            "methodReturnType": "AutoCompleteCallbackAction",
            "isStatic": false,
            "descriptionElements": [
                "<div class=\"block\">\n Reply with up to <a href=\"../commands/build/OptionData.html#MAX_CHOICES\">25</a> choices which can be picked from by the user. \n <br>\n The user may continue writing inputs instead of using one of your choices. \n <p>The string values of the provided longs will be used as value and name for the <a href=\"../commands/Command.Choice.html\" title=\"class in net.dv8tion.jda.api.interactions.commands\"><code>Choices</code></a>.</p>\n</div>"
            ],
            "deprecationElement": null,
            "details": {
                "PARAMETERS": [
                    "<dd>\n <code>choices</code> - The choice suggestions to present to the user\n</dd>"
                ],
                "RETURNS": [
                    "<dd>\n <a href=\"../../requests/restaction/interactions/AutoCompleteCallbackAction.html\" title=\"interface in net.dv8tion.jda.api.requests.restaction.interactions\"><code>AutoCompleteCallbackAction</code></a>\n</dd>"
                ],
                "THROWS": [
                    "<dd>\n <code><a href=\"https://docs.oracle.com/javase/8/docs/api/java/lang/IllegalArgumentException.html\" title=\"class or interface in java.lang\" class=\"external-link\">IllegalArgumentException</a></code> - \n <ul>\n  <li>If <code>null</code> is provided</li>\n  <li>If more than <a href=\"../commands/build/OptionData.html#MAX_CHOICES\">25</a> choices are added</li>\n  <li>If the option type is incompatible with the choice type</li>\n  <li>If the numeric value of any of the choices is not between <a href=\"../commands/build/OptionData.html#MIN_NEGATIVE_NUMBER\">-9.007199254740991E15</a> and <a href=\"../commands/build/OptionData.html#MAX_POSITIVE_NUMBER\">9.007199254740991E15</a></li>\n </ul>\n</dd>"
                ]
            },
            "seeAlso": null
        },
        "getChannelId()": {
            "elementId": "getChannelId()",
            "methodAnnotations": "@Nullable",
            "methodName": "getChannelId",
            "methodSignature": "@Nullable default String getChannelId()",
            "parameters": [],
            "methodReturnType": "String",
            "isStatic": false,
            "descriptionElements": [
                "<div class=\"block\">\n The ID of the channel this interaction happened in. \n <br>\n This might be null if no channel context is provided in future interaction types.\n</div>"
            ],
            "deprecationElement": null,
            "details": {
                "RETURNS": [
                    "<dd>\n The channel ID, or null if no channel context is provided\n</dd>"
                ]
            },
            "seeAlso": null
        },
        "getResponseNumber()": {
            "elementId": "getResponseNumber()",
            "methodAnnotations": null,
            "methodName": "getResponseNumber",
            "methodSignature": "public long getResponseNumber()",
            "parameters": [],
            "methodReturnType": "long",
            "isStatic": false,
            "descriptionElements": [
                "<div class=\"block\">\n <span class=\"descfrm-type-label\">Description copied from interface:&nbsp;<code><a href=\"GenericEvent.html#getResponseNumber()\">GenericEvent</a></code></span>\n</div>",
                "<div class=\"block\">\n The current sequence for this event. \n <br>\n This can be used to keep events in order when making sequencing system.\n</div>"
            ],
            "deprecationElement": null,
            "details": {
                "RETURNS": [
                    "<dd>\n The current sequence number for this event\n</dd>"
                ],
                "SPECIFIED_BY": [
                    "<dd>\n <code><a href=\"GenericEvent.html#getResponseNumber()\">getResponseNumber</a></code>&nbsp;in interface&nbsp;<code><a href=\"GenericEvent.html\" title=\"interface in net.dv8tion.jda.api.events\">GenericEvent</a></code>\n</dd>"
                ]
            },
            "seeAlso": null
        },
        "replyChoice(java.lang.String,long)": {
            "elementId": "replyChoice(java.lang.String,long)",
            "methodAnnotations": "@Nonnull @CheckReturnValue",
            "methodName": "replyChoice",
            "methodSignature": "@Nonnull @CheckReturnValue default AutoCompleteCallbackAction replyChoice(@Nonnull String name, long value)",
            "parameters": [
                {
                    "annotations": [
                        "Nonnull"
                    ],
                    "type": "java.lang.String",
                    "simpleType": "String",
                    "name": "name"
                },
                {
                    "annotations": [],
                    "type": "long",
                    "simpleType": "long",
                    "name": "value"
                }
            ],
            "methodReturnType": "AutoCompleteCallbackAction",
            "isStatic": false,
            "descriptionElements": [
                "<div class=\"block\">\n Reply with up to <a href=\"../commands/build/OptionData.html#MAX_CHOICES\">25</a> choices which can be picked from by the user. \n <br>\n The user may continue writing inputs instead of using one of your choices.\n</div>"
            ],
            "deprecationElement": null,
            "details": {
                "PARAMETERS": [
                    "<dd>\n <code>name</code> - The choice name to show to the user, 1-<a href=\"../commands/build/OptionData.html#MAX_CHOICE_NAME_LENGTH\">100</a> characters\n</dd>",
                    "<dd>\n <code>value</code> - The choice value, must be between <a href=\"../commands/build/OptionData.html#MIN_NEGATIVE_NUMBER\">-9.007199254740991E15</a> and <a href=\"../commands/build/OptionData.html#MAX_POSITIVE_NUMBER\">9.007199254740991E15</a>\n</dd>"
                ],
                "RETURNS": [
                    "<dd>\n <a href=\"../../requests/restaction/interactions/AutoCompleteCallbackAction.html\" title=\"interface in net.dv8tion.jda.api.requests.restaction.interactions\"><code>AutoCompleteCallbackAction</code></a>\n</dd>"
                ],
                "THROWS": [
                    "<dd>\n <code><a href=\"https://docs.oracle.com/javase/8/docs/api/java/lang/IllegalArgumentException.html\" title=\"class or interface in java.lang\" class=\"external-link\">IllegalArgumentException</a></code> - \n <ul>\n  <li>If <code>null</code> is provided</li>\n  <li>If more than <a href=\"../commands/build/OptionData.html#MAX_CHOICES\">25</a> choices are added</li>\n  <li>If the choice name is empty or longer than <a href=\"../commands/build/OptionData.html#MAX_CHOICE_NAME_LENGTH\">100</a></li>\n  <li>If the option type is incompatible with the choice type</li>\n  <li>If the value of is not between <a href=\"../commands/build/OptionData.html#MIN_NEGATIVE_NUMBER\">-9.007199254740991E15</a> and <a href=\"../commands/build/OptionData.html#MAX_POSITIVE_NUMBER\">9.007199254740991E15</a></li>\n </ul>\n</dd>"
                ]
            },
            "seeAlso": null
        },
        "toString()": {
            "elementId": "toString()",
            "methodAnnotations": null,
            "methodName": "toString",
            "methodSignature": "public String toString()",
            "parameters": [],
            "methodReturnType": "String",
            "isStatic": false,
            "descriptionElements": [],
            "deprecationElement": null,
            "details": {
                "OVERRIDES": [
                    "<dd>\n <code><a href=\"https://docs.oracle.com/javase/8/docs/api/java/lang/Object.html#toString--\" title=\"class or interface in java.lang\" class=\"external-link\">toString</a></code>&nbsp;in class&nbsp;<code><a href=\"https://docs.oracle.com/javase/8/docs/api/java/lang/Object.html\" title=\"class or interface in java.lang\" class=\"external-link\">Object</a></code>\n</dd>"
                ]
            },
            "seeAlso": null
        },
        "replyChoices(java.util.Collection)": {
            "elementId": "replyChoices(java.util.Collection)",
            "methodAnnotations": "@Nonnull @CheckReturnValue",
            "methodName": "replyChoices",
            "methodSignature": "@Nonnull @CheckReturnValue public AutoCompleteCallbackAction replyChoices(@Nonnull Collection<Command.Choice> choices)",
            "parameters": [
                {
                    "annotations": [
                        "Nonnull"
                    ],
                    "type": "java.util.Collection",
                    "simpleType": "Collection",
                    "name": "choices"
                }
            ],
            "methodReturnType": "AutoCompleteCallbackAction",
            "isStatic": false,
            "descriptionElements": [
                "<div class=\"block\">\n <span class=\"descfrm-type-label\">Description copied from interface:&nbsp;<code><a href=\"../../interactions/callbacks/IAutoCompleteCallback.html#replyChoices(java.util.Collection)\">IAutoCompleteCallback</a></code></span>\n</div>",
                "<div class=\"block\">\n Reply with up to <a href=\"../../interactions/commands/build/OptionData.html#MAX_CHOICES\">25</a> choices which can be picked from by the user. \n <br>\n The user may continue writing inputs instead of using one of your choices.\n</div>"
            ],
            "deprecationElement": null,
            "details": {
                "PARAMETERS": [
                    "<dd>\n <code>choices</code> - The choice suggestions to present to the user, 0-<a href=\"../../interactions/commands/build/OptionData.html#MAX_CHOICES\">25</a> choices\n</dd>"
                ],
                "RETURNS": [
                    "<dd>\n <a href=\"../../requests/restaction/interactions/AutoCompleteCallbackAction.html\" title=\"interface in net.dv8tion.jda.api.requests.restaction.interactions\"><code>AutoCompleteCallbackAction</code></a>\n</dd>"
                ],
                "SPECIFIED_BY": [
                    "<dd>\n <code><a href=\"../../interactions/callbacks/IAutoCompleteCallback.html#replyChoices(java.util.Collection)\">replyChoices</a></code>&nbsp;in interface&nbsp;<code><a href=\"../../interactions/callbacks/IAutoCompleteCallback.html\" title=\"interface in net.dv8tion.jda.api.interactions.callbacks\">IAutoCompleteCallback</a></code>\n</dd>"
                ]
            },
            "seeAlso": null
        },
        "getRawData()": {
            "elementId": "getRawData()",
            "methodAnnotations": "@Nullable",
            "methodName": "getRawData",
            "methodSignature": "@Nullable public DataObject getRawData()",
            "parameters": [],
            "methodReturnType": "DataObject",
            "isStatic": false,
            "descriptionElements": [
                "<div class=\"block\">\n <span class=\"descfrm-type-label\">Description copied from interface:&nbsp;<code><a href=\"GenericEvent.html#getRawData()\">GenericEvent</a></code></span>\n</div>",
                "<div class=\"block\">\n The passthrough data that this event was serialized from. This data might be null in rare situations, for example, if the event came from a rest action. \n <br>\n This provides the full gateway message payload, including sequence, event name and dispatch type. For details, read the official <a href=\"https://discord.dev/topics/gateway\" target=\"_blank\">Discord Documentation</a>.\n</div>"
            ],
            "deprecationElement": null,
            "details": {
                "RETURNS": [
                    "<dd>\n The corresponding <a href=\"../utils/data/DataObject.html\" title=\"class in net.dv8tion.jda.api.utils.data\"><code>DataObject</code></a>\n</dd>"
                ],
                "SPECIFIED_BY": [
                    "<dd>\n <code><a href=\"GenericEvent.html#getRawData()\">getRawData</a></code>&nbsp;in interface&nbsp;<code><a href=\"GenericEvent.html\" title=\"interface in net.dv8tion.jda.api.events\">GenericEvent</a></code>\n</dd>"
                ]
            },
            "seeAlso": null
        },
        "replyChoice(java.lang.String,java.lang.String)": {
            "elementId": "replyChoice(java.lang.String,java.lang.String)",
            "methodAnnotations": "@Nonnull @CheckReturnValue",
            "methodName": "replyChoice",
            "methodSignature": "@Nonnull @CheckReturnValue default AutoCompleteCallbackAction replyChoice(@Nonnull String name, @Nonnull String value)",
            "parameters": [
                {
                    "annotations": [
                        "Nonnull"
                    ],
                    "type": "java.lang.String",
                    "simpleType": "String",
                    "name": "name"
                },
                {
                    "annotations": [
                        "Nonnull"
                    ],
                    "type": "java.lang.String",
                    "simpleType": "String",
                    "name": "value"
                }
            ],
            "methodReturnType": "AutoCompleteCallbackAction",
            "isStatic": false,
            "descriptionElements": [
                "<div class=\"block\">\n Reply with up to <a href=\"../commands/build/OptionData.html#MAX_CHOICES\">25</a> choices which can be picked from by the user. \n <br>\n The user may continue writing inputs instead of using one of your choices.\n</div>"
            ],
            "deprecationElement": null,
            "details": {
                "PARAMETERS": [
                    "<dd>\n <code>name</code> - The choice name to show to the user, 1-<a href=\"../commands/build/OptionData.html#MAX_CHOICE_NAME_LENGTH\">100</a> characters\n</dd>",
                    "<dd>\n <code>value</code> - The choice value, 1-<a href=\"../commands/build/OptionData.html#MAX_CHOICE_VALUE_LENGTH\">100</a> characters\n</dd>"
                ],
                "RETURNS": [
                    "<dd>\n <a href=\"../../requests/restaction/interactions/AutoCompleteCallbackAction.html\" title=\"interface in net.dv8tion.jda.api.requests.restaction.interactions\"><code>AutoCompleteCallbackAction</code></a>\n</dd>"
                ],
                "THROWS": [
                    "<dd>\n <code><a href=\"https://docs.oracle.com/javase/8/docs/api/java/lang/IllegalArgumentException.html\" title=\"class or interface in java.lang\" class=\"external-link\">IllegalArgumentException</a></code> - \n <ul>\n  <li>If <code>null</code> is provided</li>\n  <li>If more than <a href=\"../commands/build/OptionData.html#MAX_CHOICES\">25</a> choices are added</li>\n  <li>If the choice name is empty or longer than <a href=\"../commands/build/OptionData.html#MAX_CHOICE_NAME_LENGTH\">100</a></li>\n  <li>If the option type is not <a href=\"../commands/OptionType.html#STRING\"><code>OptionType.STRING</code></a></li>\n  <li>If the string value of any of the choices is empty or longer than <a href=\"../commands/build/OptionData.html#MAX_CHOICE_VALUE_LENGTH\">100</a></li>\n </ul>\n</dd>"
                ]
            },
            "seeAlso": null
        },
        "replyChoiceDoubles(java.util.Collection)": {
            "elementId": "replyChoiceDoubles(java.util.Collection)",
            "methodAnnotations": "@Nonnull @CheckReturnValue",
            "methodName": "replyChoiceDoubles",
            "methodSignature": "@Nonnull @CheckReturnValue default AutoCompleteCallbackAction replyChoiceDoubles(@Nonnull Collection<Double> choices)",
            "parameters": [
                {
                    "annotations": [
                        "Nonnull"
                    ],
                    "type": "java.util.Collection",
                    "simpleType": "Collection",
                    "name": "choices"
                }
            ],
            "methodReturnType": "AutoCompleteCallbackAction",
            "isStatic": false,
            "descriptionElements": [
                "<div class=\"block\">\n Reply with up to <a href=\"../commands/build/OptionData.html#MAX_CHOICES\">25</a> choices which can be picked from by the user. \n <br>\n The user may continue writing inputs instead of using one of your choices. \n <p>The string values of the provided doubles will be used as value and name for the <a href=\"../commands/Command.Choice.html\" title=\"class in net.dv8tion.jda.api.interactions.commands\"><code>Choices</code></a>.</p>\n</div>"
            ],
            "deprecationElement": null,
            "details": {
                "PARAMETERS": [
                    "<dd>\n <code>choices</code> - The choice suggestions to present to the user\n</dd>"
                ],
                "RETURNS": [
                    "<dd>\n <a href=\"../../requests/restaction/interactions/AutoCompleteCallbackAction.html\" title=\"interface in net.dv8tion.jda.api.requests.restaction.interactions\"><code>AutoCompleteCallbackAction</code></a>\n</dd>"
                ],
                "THROWS": [
                    "<dd>\n <code><a href=\"https://docs.oracle.com/javase/8/docs/api/java/lang/IllegalArgumentException.html\" title=\"class or interface in java.lang\" class=\"external-link\">IllegalArgumentException</a></code> - \n <ul>\n  <li>If <code>null</code> is provided</li>\n  <li>If more than <a href=\"../commands/build/OptionData.html#MAX_CHOICES\">25</a> choices are added</li>\n  <li>If the option type is incompatible with the choice type</li>\n  <li>If the numeric value of any of the choices is not between <a href=\"../commands/build/OptionData.html#MIN_NEGATIVE_NUMBER\">-9.007199254740991E15</a> and <a href=\"../commands/build/OptionData.html#MAX_POSITIVE_NUMBER\">9.007199254740991E15</a></li>\n </ul>\n</dd>"
                ]
            },
            "seeAlso": null
        },
        "replyChoiceLongs(long...)": {
            "elementId": "replyChoiceLongs(long...)",
            "methodAnnotations": "@Nonnull @CheckReturnValue",
            "methodName": "replyChoiceLongs",
            "methodSignature": "@Nonnull @CheckReturnValue default AutoCompleteCallbackAction replyChoiceLongs(@Nonnull long... choices)",
            "parameters": [
                {
                    "annotations": [
                        "Nonnull"
                    ],
                    "type": "long...",
                    "simpleType": "long...",
                    "name": "choices"
                }
            ],
            "methodReturnType": "AutoCompleteCallbackAction",
            "isStatic": false,
            "descriptionElements": [
                "<div class=\"block\">\n Reply with up to <a href=\"../commands/build/OptionData.html#MAX_CHOICES\">25</a> choices which can be picked from by the user. \n <br>\n The user may continue writing inputs instead of using one of your choices. \n <p>The string values of the provided longs will be used as value and name for the <a href=\"../commands/Command.Choice.html\" title=\"class in net.dv8tion.jda.api.interactions.commands\"><code>Choices</code></a>.</p>\n</div>"
            ],
            "deprecationElement": null,
            "details": {
                "PARAMETERS": [
                    "<dd>\n <code>choices</code> - The choice suggestions to present to the user\n</dd>"
                ],
                "RETURNS": [
                    "<dd>\n <a href=\"../../requests/restaction/interactions/AutoCompleteCallbackAction.html\" title=\"interface in net.dv8tion.jda.api.requests.restaction.interactions\"><code>AutoCompleteCallbackAction</code></a>\n</dd>"
                ],
                "THROWS": [
                    "<dd>\n <code><a href=\"https://docs.oracle.com/javase/8/docs/api/java/lang/IllegalArgumentException.html\" title=\"class or interface in java.lang\" class=\"external-link\">IllegalArgumentException</a></code> - \n <ul>\n  <li>If <code>null</code> is provided</li>\n  <li>If more than <a href=\"../commands/build/OptionData.html#MAX_CHOICES\">25</a> choices are added</li>\n  <li>If the option type is incompatible with the choice type</li>\n  <li>If the numeric value of any of the choices is not between <a href=\"../commands/build/OptionData.html#MIN_NEGATIVE_NUMBER\">-9.007199254740991E15</a> and <a href=\"../commands/build/OptionData.html#MAX_POSITIVE_NUMBER\">9.007199254740991E15</a></li>\n </ul>\n</dd>"
                ]
            },
            "seeAlso": null
        },
        "getChannelType()": {
            "elementId": "getChannelType()",
            "methodAnnotations": "@Nonnull",
            "methodName": "getChannelType",
            "methodSignature": "@Nonnull default ChannelType getChannelType()",
            "parameters": [],
            "methodReturnType": "ChannelType",
            "isStatic": false,
            "descriptionElements": [
                "<div class=\"block\">\n The <a href=\"../entities/channel/ChannelType.html\" title=\"enum in net.dv8tion.jda.api.entities.channel\"><code>ChannelType</code></a> for the channel this interaction came from. \n <br>\n If <a href=\"#getChannel()\"><code>getChannel()</code></a> is null, this returns <a href=\"../entities/channel/ChannelType.html#UNKNOWN\"><code>ChannelType.UNKNOWN</code></a>.\n</div>"
            ],
            "deprecationElement": null,
            "details": {
                "RETURNS": [
                    "<dd>\n The <a href=\"../entities/channel/ChannelType.html\" title=\"enum in net.dv8tion.jda.api.entities.channel\"><code>ChannelType</code></a>\n</dd>"
                ]
            },
            "seeAlso": null
        },
        "replyChoiceDoubles(double...)": {
            "elementId": "replyChoiceDoubles(double...)",
            "methodAnnotations": "@Nonnull @CheckReturnValue",
            "methodName": "replyChoiceDoubles",
            "methodSignature": "@Nonnull @CheckReturnValue default AutoCompleteCallbackAction replyChoiceDoubles(@Nonnull double... choices)",
            "parameters": [
                {
                    "annotations": [
                        "Nonnull"
                    ],
                    "type": "double...",
                    "simpleType": "double...",
                    "name": "choices"
                }
            ],
            "methodReturnType": "AutoCompleteCallbackAction",
            "isStatic": false,
            "descriptionElements": [
                "<div class=\"block\">\n Reply with up to <a href=\"../commands/build/OptionData.html#MAX_CHOICES\">25</a> choices which can be picked from by the user. \n <br>\n The user may continue writing inputs instead of using one of your choices. \n <p>The string values of the provided doubles will be used as value and name for the <a href=\"../commands/Command.Choice.html\" title=\"class in net.dv8tion.jda.api.interactions.commands\"><code>Choices</code></a>.</p>\n</div>"
            ],
            "deprecationElement": null,
            "details": {
                "PARAMETERS": [
                    "<dd>\n <code>choices</code> - The choice suggestions to present to the user\n</dd>"
                ],
                "RETURNS": [
                    "<dd>\n <a href=\"../../requests/restaction/interactions/AutoCompleteCallbackAction.html\" title=\"interface in net.dv8tion.jda.api.requests.restaction.interactions\"><code>AutoCompleteCallbackAction</code></a>\n</dd>"
                ],
                "THROWS": [
                    "<dd>\n <code><a href=\"https://docs.oracle.com/javase/8/docs/api/java/lang/IllegalArgumentException.html\" title=\"class or interface in java.lang\" class=\"external-link\">IllegalArgumentException</a></code> - \n <ul>\n  <li>If <code>null</code> is provided</li>\n  <li>If more than <a href=\"../commands/build/OptionData.html#MAX_CHOICES\">25</a> choices are added</li>\n  <li>If the option type is incompatible with the choice type</li>\n  <li>If the numeric value of any of the choices is not between <a href=\"../commands/build/OptionData.html#MIN_NEGATIVE_NUMBER\">-9.007199254740991E15</a> and <a href=\"../commands/build/OptionData.html#MAX_POSITIVE_NUMBER\">9.007199254740991E15</a></li>\n </ul>\n</dd>"
                ]
            },
            "seeAlso": null
        },
        "<init>(net.dv8tion.jda.api.JDA,long,net.dv8tion.jda.api.interactions.Interaction)": {
            "elementId": "<init>(net.dv8tion.jda.api.JDA,long,net.dv8tion.jda.api.interactions.Interaction)",
            "methodAnnotations": null,
            "methodName": "GenericAutoCompleteInteractionEvent",
            "methodSignature": "public GenericAutoCompleteInteractionEvent(@Nonnull JDA api, long responseNumber, @Nonnull Interaction interaction)",
            "parameters": [
                {
                    "annotations": [
                        "Nonnull"
                    ],
                    "type": "net.dv8tion.jda.api.JDA",
                    "simpleType": "JDA",
                    "name": "api"
                },
                {
                    "annotations": [],
                    "type": "long",
                    "simpleType": "long",
                    "name": "responseNumber"
                },
                {
                    "annotations": [
                        "Nonnull"
                    ],
                    "type": "net.dv8tion.jda.api.interactions.Interaction",
                    "simpleType": "Interaction",
                    "name": "interaction"
                }
            ],
            "methodReturnType": "GenericAutoCompleteInteractionEvent",
            "isStatic": false,
            "descriptionElements": [],
            "deprecationElement": null,
            "details": {},
            "seeAlso": null
        },
        "getGuild()": {
            "elementId": "getGuild()",
            "methodAnnotations": "@Nullable",
            "methodName": "getGuild",
            "methodSignature": "@Nullable Guild getGuild()",
            "parameters": [],
            "methodReturnType": "Guild",
            "isStatic": false,
            "descriptionElements": [
                "<div class=\"block\">\n The <a href=\"../entities/Guild.html\" title=\"interface in net.dv8tion.jda.api.entities\"><code>Guild</code></a> this interaction happened in. \n <br>\n This is null in direct messages.\n</div>"
            ],
            "deprecationElement": null,
            "details": {
                "RETURNS": [
                    "<dd>\n The <a href=\"../entities/Guild.html\" title=\"interface in net.dv8tion.jda.api.entities\"><code>Guild</code></a> or null\n</dd>"
                ]
            },
            "seeAlso": null
        },
        "replyChoiceStrings(java.lang.String...)": {
            "elementId": "replyChoiceStrings(java.lang.String...)",
            "methodAnnotations": "@Nonnull @CheckReturnValue",
            "methodName": "replyChoiceStrings",
            "methodSignature": "@Nonnull @CheckReturnValue default AutoCompleteCallbackAction replyChoiceStrings(@Nonnull String... choices)",
            "parameters": [
                {
                    "annotations": [
                        "Nonnull"
                    ],
                    "type": "java.lang.String...",
                    "simpleType": "String...",
                    "name": "choices"
                }
            ],
            "methodReturnType": "AutoCompleteCallbackAction",
            "isStatic": false,
            "descriptionElements": [
                "<div class=\"block\">\n Reply with up to <a href=\"../commands/build/OptionData.html#MAX_CHOICES\">25</a> choices which can be picked from by the user. \n <br>\n The user may continue writing inputs instead of using one of your choices. \n <p>The provided strings will be used as value and name for the <a href=\"../commands/Command.Choice.html\" title=\"class in net.dv8tion.jda.api.interactions.commands\"><code>Choices</code></a>.</p>\n</div>"
            ],
            "deprecationElement": null,
            "details": {
                "PARAMETERS": [
                    "<dd>\n <code>choices</code> - The choice suggestions to present to the user, each limited to <a href=\"../commands/build/OptionData.html#MAX_CHOICE_NAME_LENGTH\">100</a> characters\n</dd>"
                ],
                "RETURNS": [
                    "<dd>\n <a href=\"../../requests/restaction/interactions/AutoCompleteCallbackAction.html\" title=\"interface in net.dv8tion.jda.api.requests.restaction.interactions\"><code>AutoCompleteCallbackAction</code></a>\n</dd>"
                ],
                "THROWS": [
                    "<dd>\n <code><a href=\"https://docs.oracle.com/javase/8/docs/api/java/lang/IllegalArgumentException.html\" title=\"class or interface in java.lang\" class=\"external-link\">IllegalArgumentException</a></code> - \n <ul>\n  <li>If <code>null</code> is provided</li>\n  <li>If more than <a href=\"../commands/build/OptionData.html#MAX_CHOICES\">25</a> choices are added</li>\n  <li>If any of the choice names are empty or longer than <a href=\"../commands/build/OptionData.html#MAX_CHOICE_NAME_LENGTH\">100</a></li>\n  <li>If the string value of any of the choices is empty or longer than <a href=\"../commands/build/OptionData.html#MAX_CHOICE_VALUE_LENGTH\">100</a></li>\n </ul>\n</dd>"
                ]
            },
            "seeAlso": null
        },
        "isFromGuild()": {
            "elementId": "isFromGuild()",
            "methodAnnotations": null,
            "methodName": "isFromGuild",
            "methodSignature": "default boolean isFromGuild()",
            "parameters": [],
            "methodReturnType": "boolean",
            "isStatic": false,
            "descriptionElements": [
                "<div class=\"block\">\n Whether this interaction came from a <a href=\"../entities/Guild.html\" title=\"interface in net.dv8tion.jda.api.entities\"><code>Guild</code></a>. \n <br>\n This is identical to <code>getGuild() != null</code>\n</div>"
            ],
            "deprecationElement": null,
            "details": {
                "RETURNS": [
                    "<dd>\n True, if this interaction happened in a guild\n</dd>"
                ]
            },
            "seeAlso": null
        },
        "isAcknowledged()": {
            "elementId": "isAcknowledged()",
            "methodAnnotations": null,
            "methodName": "isAcknowledged",
            "methodSignature": "boolean isAcknowledged()",
            "parameters": [],
            "methodReturnType": "boolean",
            "isStatic": false,
            "descriptionElements": [
                "<div class=\"block\">\n Whether this interaction has already been acknowledged. \n <br><b>Each interaction can only be acknowledged once.</b>\n</div>"
            ],
            "deprecationElement": null,
            "details": {
                "RETURNS": [
                    "<dd>\n True, if this interaction has already been acknowledged\n</dd>"
                ]
            },
            "seeAlso": null
        },
        "getMember()": {
            "elementId": "getMember()",
            "methodAnnotations": "@Nullable",
            "methodName": "getMember",
            "methodSignature": "@Nullable Member getMember()",
            "parameters": [],
            "methodReturnType": "Member",
            "isStatic": false,
            "descriptionElements": [
                "<div class=\"block\">\n The <a href=\"../entities/Member.html\" title=\"interface in net.dv8tion.jda.api.entities\"><code>Member</code></a> who caused this interaction. \n <br>\n This is null if the interaction is not from a guild.\n</div>"
            ],
            "deprecationElement": null,
            "details": {
                "RETURNS": [
                    "<dd>\n The <a href=\"../entities/Member.html\" title=\"interface in net.dv8tion.jda.api.entities\"><code>Member</code></a>\n</dd>"
                ]
            },
            "seeAlso": null
        },
        "getChannelIdLong()": {
            "elementId": "getChannelIdLong()",
            "methodAnnotations": null,
            "methodName": "getChannelIdLong",
            "methodSignature": "long getChannelIdLong()",
            "parameters": [],
            "methodReturnType": "long",
            "isStatic": false,
            "descriptionElements": [
                "<div class=\"block\">\n The ID of the channel this interaction happened in. \n <br>\n This might be 0 if no channel context is provided in future interaction types.\n</div>"
            ],
            "deprecationElement": null,
            "details": {
                "RETURNS": [
                    "<dd>\n The channel ID, or 0 if no channel context is provided\n</dd>"
                ]
            },
            "seeAlso": null
        },
        "getTimeCreated()": {
            "elementId": "getTimeCreated()",
            "methodAnnotations": "@Nonnull",
            "methodName": "getTimeCreated",
            "methodSignature": "@Nonnull default OffsetDateTime getTimeCreated()",
            "parameters": [],
            "methodReturnType": "OffsetDateTime",
            "isStatic": false,
            "descriptionElements": [
                "<div class=\"block\">\n The time this entity was created. Calculated through the Snowflake in <a href=\"#getIdLong()\"><code>getIdLong()</code></a>.\n</div>"
            ],
            "deprecationElement": null,
            "details": {
                "RETURNS": [
                    "<dd>\n OffsetDateTime - Time this entity was created at.\n</dd>"
                ],
                "SEE_ALSO": [
                    "<dd>\n <ul class=\"see-list\">\n  <li><a href=\"../utils/TimeUtil.html#getTimeCreated(long)\"><code>TimeUtil.getTimeCreated(long)</code></a></li>\n </ul>\n</dd>"
                ]
            },
            "seeAlso": {
                "references": [
                    {
                        "text": "TimeUtil#getTimeCreated(long)",
                        "link": "https://docs.jda.wiki/net/dv8tion/jda/api/utils/TimeUtil.html#getTimeCreated(long)",
                        "targetType": "METHOD",
                        "fullSignature": "TimeUtil#getTimeCreated(long)"
                    }
                ]
            }
        },
        "replyChoices(net.dv8tion.jda.api.interactions.commands.Command.Choice...)": {
            "elementId": "replyChoices(net.dv8tion.jda.api.interactions.commands.Command.Choice...)",
            "methodAnnotations": "@Nonnull @CheckReturnValue",
            "methodName": "replyChoices",
            "methodSignature": "@Nonnull @CheckReturnValue default AutoCompleteCallbackAction replyChoices(@Nonnull Command.Choice... choices)",
            "parameters": [
                {
                    "annotations": [
                        "Nonnull"
                    ],
                    "type": "net.dv8tion.jda.api.interactions.commands.Command.Choice...",
                    "simpleType": "Command.Choice...",
                    "name": "choices"
                }
            ],
            "methodReturnType": "AutoCompleteCallbackAction",
            "isStatic": false,
            "descriptionElements": [
                "<div class=\"block\">\n Reply with up to <a href=\"../commands/build/OptionData.html#MAX_CHOICES\">25</a> choices which can be picked from by the user. \n <br>\n The user may continue writing inputs instead of using one of your choices.\n</div>"
            ],
            "deprecationElement": null,
            "details": {
                "PARAMETERS": [
                    "<dd>\n <code>choices</code> - The choice suggestions to present to the user, 0-<a href=\"../commands/build/OptionData.html#MAX_CHOICES\">25</a> choices\n</dd>"
                ],
                "RETURNS": [
                    "<dd>\n <a href=\"../../requests/restaction/interactions/AutoCompleteCallbackAction.html\" title=\"interface in net.dv8tion.jda.api.requests.restaction.interactions\"><code>AutoCompleteCallbackAction</code></a>\n</dd>"
                ],
                "THROWS": [
                    "<dd>\n <code><a href=\"https://docs.oracle.com/javase/8/docs/api/java/lang/IllegalArgumentException.html\" title=\"class or interface in java.lang\" class=\"external-link\">IllegalArgumentException</a></code> - \n <ul>\n  <li>If <code>null</code> is provided</li>\n  <li>If more than <a href=\"../commands/build/OptionData.html#MAX_CHOICES\">25</a> choices are added</li>\n  <li>If any of the choice names are empty or longer than <a href=\"../commands/build/OptionData.html#MAX_CHOICE_NAME_LENGTH\">100</a></li>\n  <li>If the option type is incompatible with the choice type</li>\n  <li>If the numeric value of any of the choices is not between <a href=\"../commands/build/OptionData.html#MIN_NEGATIVE_NUMBER\">-9.007199254740991E15</a> and <a href=\"../commands/build/OptionData.html#MAX_POSITIVE_NUMBER\">9.007199254740991E15</a></li>\n  <li>If the string value of any of the choices is empty or longer than <a href=\"../commands/build/OptionData.html#MAX_CHOICE_VALUE_LENGTH\">100</a></li>\n </ul>\n</dd>"
                ]
            },
            "seeAlso": null
        },
        "getTypeRaw()": {
            "elementId": "getTypeRaw()",
            "methodAnnotations": null,
            "methodName": "getTypeRaw",
            "methodSignature": "int getTypeRaw()",
            "parameters": [],
            "methodReturnType": "int",
            "isStatic": false,
            "descriptionElements": [
                "<div class=\"block\">\n The raw interaction type. \n <br>\n It is recommended to use <a href=\"#getType()\"><code>getType()</code></a> instead.\n</div>"
            ],
            "deprecationElement": null,
            "details": {
                "RETURNS": [
                    "<dd>\n The raw interaction type\n</dd>"
                ]
            },
            "seeAlso": null
        }
    },
    "fields": {}
}