{
    "classNameFqcn": "net.dv8tion.jda.api.events.interaction.GenericInteractionCreateEvent",
    "descriptionElements": [
        "<div class=\"block\">\n Indicates that an <a href=\"../../interactions/Interaction.html\" title=\"interface in net.dv8tion.jda.api.interactions\"><code>Interaction</code></a> was created. \n <br>\n Every interaction event is derived from this event. \n <p><b>Requirements</b><br>\n   To receive these events, you must unset the <b>Interactions Endpoint URL</b> in your application dashboard. You can simply remove the URL for this endpoint in your settings at the <a href=\"https://discord.com/developers/applications\" target=\"_blank\">Discord Developers Portal</a>.</p>\n</div>"
    ],
    "deprecationElement": null,
    "details": {
        "SEE_ALSO": [
            "<dd>\n <ul class=\"see-list\">\n  <li><a href=\"../../interactions/Interaction.html\" title=\"interface in net.dv8tion.jda.api.interactions\"><code>Interaction</code></a></li>\n </ul>\n</dd>"
        ],
        "ALL_IMPLEMENTED_INTERFACES": [
            "<dd>\n <code><a href=\"../../entities/ISnowflake.html\" title=\"interface in net.dv8tion.jda.api.entities\">ISnowflake</a></code>, <code><a href=\"../GenericEvent.html\" title=\"interface in net.dv8tion.jda.api.events\">GenericEvent</a></code>, <code><a href=\"../../interactions/Interaction.html\" title=\"interface in net.dv8tion.jda.api.interactions\">Interaction</a></code>\n</dd>"
        ],
        "DIRECT_KNOWN_SUBCLASSES": [
            "<dd>\n <code><a href=\"GenericAutoCompleteInteractionEvent.html\" title=\"class in net.dv8tion.jda.api.events.interaction\">GenericAutoCompleteInteractionEvent</a></code>, <code><a href=\"command/GenericCommandInteractionEvent.html\" title=\"class in net.dv8tion.jda.api.events.interaction.command\">GenericCommandInteractionEvent</a></code>, <code><a href=\"component/GenericComponentInteractionCreateEvent.html\" title=\"class in net.dv8tion.jda.api.events.interaction.component\">GenericComponentInteractionCreateEvent</a></code>, <code><a href=\"ModalInteractionEvent.html\" title=\"class in net.dv8tion.jda.api.events.interaction\">ModalInteractionEvent</a></code>\n</dd>"
        ]
    },
    "seeAlso": {
        "references": [
            {
                "text": "Interaction",
                "link": "https://docs.jda.wiki/net/dv8tion/jda/api/interactions/Interaction.html",
                "targetType": "CLASS",
                "fullSignature": "Interaction"
            }
        ]
    },
    "methods": {
        "isFromAttachedGuild()": {
            "elementId": "isFromAttachedGuild()",
            "methodAnnotations": null,
            "methodName": "isFromAttachedGuild",
            "methodSignature": "default boolean isFromAttachedGuild()",
            "methodParameters": null,
            "methodReturnType": "boolean",
            "isStatic": false,
            "descriptionElements": [
                "<div class=\"block\">\n Whether this interaction happened in an attached guild.\n</div>"
            ],
            "deprecationElement": null,
            "details": {
                "RETURNS": [
                    "<dd>\n <code>true</code>, if this interaction happened in an attached guild\n</dd>"
                ],
                "SEE_ALSO": [
                    "<dd>\n <ul class=\"see-list\">\n  <li><a href=\"../entities/detached/IDetachableEntity.html#isDetached()\"><code>IDetachableEntity.isDetached()</code></a></li>\n </ul>\n</dd>"
                ]
            },
            "seeAlso": {
                "references": [
                    {
                        "text": "IDetachableEntity#isDetached()",
                        "link": "https://docs.jda.wiki/net/dv8tion/jda/api/entities/detached/IDetachableEntity.html#isDetached()",
                        "targetType": "METHOD",
                        "fullSignature": "IDetachableEntity#isDetached()"
                    }
                ]
            }
        },
        "getUser()": {
            "elementId": "getUser()",
            "methodAnnotations": "@Nonnull",
            "methodName": "getUser",
            "methodSignature": "@Nonnull public User getUser()",
            "methodParameters": null,
            "methodReturnType": "User",
            "isStatic": false,
            "descriptionElements": [
                "<div class=\"block\">\n <span class=\"descfrm-type-label\">Description copied from interface:&nbsp;<code><a href=\"../../interactions/Interaction.html#getUser()\">Interaction</a></code></span>\n</div>",
                "<div class=\"block\">\n The <a href=\"../../entities/User.html\" title=\"interface in net.dv8tion.jda.api.entities\"><code>User</code></a> who caused this interaction.\n</div>"
            ],
            "deprecationElement": null,
            "details": {
                "RETURNS": [
                    "<dd>\n The <a href=\"../../entities/User.html\" title=\"interface in net.dv8tion.jda.api.entities\"><code>User</code></a>\n</dd>"
                ],
                "SPECIFIED_BY": [
                    "<dd>\n <code><a href=\"../../interactions/Interaction.html#getUser()\">getUser</a></code>&nbsp;in interface&nbsp;<code><a href=\"../../interactions/Interaction.html\" title=\"interface in net.dv8tion.jda.api.interactions\">Interaction</a></code>\n</dd>"
                ]
            },
            "seeAlso": null
        },
        "getChannel()": {
            "elementId": "getChannel()",
            "methodAnnotations": "@Nullable",
            "methodName": "getChannel",
            "methodSignature": "@Nullable public Channel getChannel()",
            "methodParameters": null,
            "methodReturnType": "Channel",
            "isStatic": false,
            "descriptionElements": [
                "<div class=\"block\">\n <span class=\"descfrm-type-label\">Description copied from interface:&nbsp;<code><a href=\"../../interactions/Interaction.html#getChannel()\">Interaction</a></code></span>\n</div>",
                "<div class=\"block\">\n The channel this interaction happened in.\n</div>"
            ],
            "deprecationElement": null,
            "details": {
                "RETURNS": [
                    "<dd>\n The channel or null if the channel is not provided\n</dd>"
                ],
                "SPECIFIED_BY": [
                    "<dd>\n <code><a href=\"../../interactions/Interaction.html#getChannel()\">getChannel</a></code>&nbsp;in interface&nbsp;<code><a href=\"../../interactions/Interaction.html\" title=\"interface in net.dv8tion.jda.api.interactions\">Interaction</a></code>\n</dd>"
                ]
            },
            "seeAlso": null
        },
        "getUserLocale()": {
            "elementId": "getUserLocale()",
            "methodAnnotations": "@Nonnull",
            "methodName": "getUserLocale",
            "methodSignature": "@Nonnull public DiscordLocale getUserLocale()",
            "methodParameters": null,
            "methodReturnType": "DiscordLocale",
            "isStatic": false,
            "descriptionElements": [
                "<div class=\"block\">\n <span class=\"descfrm-type-label\">Description copied from interface:&nbsp;<code><a href=\"../../interactions/Interaction.html#getUserLocale()\">Interaction</a></code></span>\n</div>",
                "<div class=\"block\">\n Returns the selected language of the invoking user.\n</div>"
            ],
            "deprecationElement": null,
            "details": {
                "RETURNS": [
                    "<dd>\n The language of the invoking user\n</dd>"
                ],
                "SPECIFIED_BY": [
                    "<dd>\n <code><a href=\"../../interactions/Interaction.html#getUserLocale()\">getUserLocale</a></code>&nbsp;in interface&nbsp;<code><a href=\"../../interactions/Interaction.html\" title=\"interface in net.dv8tion.jda.api.interactions\">Interaction</a></code>\n</dd>"
                ]
            },
            "seeAlso": null
        },
        "getGuildLocale()": {
            "elementId": "getGuildLocale()",
            "methodAnnotations": "@Nonnull",
            "methodName": "getGuildLocale",
            "methodSignature": "@Nonnull public DiscordLocale getGuildLocale()",
            "methodParameters": null,
            "methodReturnType": "DiscordLocale",
            "isStatic": false,
            "descriptionElements": [
                "<div class=\"block\">\n <span class=\"descfrm-type-label\">Description copied from interface:&nbsp;<code><a href=\"../../interactions/Interaction.html#getGuildLocale()\">Interaction</a></code></span>\n</div>",
                "<div class=\"block\">\n Returns the preferred language of the Guild. \n <br>\n This is identical to <code>getGuild().getLocale()</code>.\n</div>"
            ],
            "deprecationElement": null,
            "details": {
                "RETURNS": [
                    "<dd>\n The preferred language of the Guild\n</dd>"
                ],
                "SPECIFIED_BY": [
                    "<dd>\n <code><a href=\"../../interactions/Interaction.html#getGuildLocale()\">getGuildLocale</a></code>&nbsp;in interface&nbsp;<code><a href=\"../../interactions/Interaction.html\" title=\"interface in net.dv8tion.jda.api.interactions\">Interaction</a></code>\n</dd>"
                ]
            },
            "seeAlso": null
        },
        "getIdLong()": {
            "elementId": "getIdLong()",
            "methodAnnotations": null,
            "methodName": "getIdLong",
            "methodSignature": "public long getIdLong()",
            "methodParameters": null,
            "methodReturnType": "long",
            "isStatic": false,
            "descriptionElements": [
                "<div class=\"block\">\n <span class=\"descfrm-type-label\">Description copied from interface:&nbsp;<code><a href=\"../../entities/ISnowflake.html#getIdLong()\">ISnowflake</a></code></span>\n</div>",
                "<div class=\"block\">\n The Snowflake id of this entity. This is unique to every entity and will never change.\n</div>"
            ],
            "deprecationElement": null,
            "details": {
                "RETURNS": [
                    "<dd>\n Long containing the Id.\n</dd>"
                ],
                "SPECIFIED_BY": [
                    "<dd>\n <code><a href=\"../../entities/ISnowflake.html#getIdLong()\">getIdLong</a></code>&nbsp;in interface&nbsp;<code><a href=\"../../entities/ISnowflake.html\" title=\"interface in net.dv8tion.jda.api.entities\">ISnowflake</a></code>\n</dd>"
                ]
            },
            "seeAlso": null
        },
        "getEntitlements()": {
            "elementId": "getEntitlements()",
            "methodAnnotations": "@Nonnull",
            "methodName": "getEntitlements",
            "methodSignature": "@Nonnull public List<Entitlement> getEntitlements()",
            "methodParameters": null,
            "methodReturnType": "List<Entitlement>",
            "isStatic": false,
            "descriptionElements": [
                "<div class=\"block\">\n <span class=\"descfrm-type-label\">Description copied from interface:&nbsp;<code><a href=\"../../interactions/Interaction.html#getEntitlements()\">Interaction</a></code></span>\n</div>",
                "<div class=\"block\">\n Returns the list of <a href=\"../../entities/Entitlement.html\" title=\"interface in net.dv8tion.jda.api.entities\"><code>entitlements</code></a> for the current guild and user. \n <br>\n If this interaction is not from a guild, it will only contain entitlements of the user.\n</div>"
            ],
            "deprecationElement": null,
            "details": {
                "RETURNS": [
                    "<dd>\n The <a href=\"https://docs.oracle.com/javase/8/docs/api/java/util/List.html\" title=\"class or interface in java.util\" class=\"external-link\"><code>List</code></a> of <a href=\"../../entities/Entitlement.html\" title=\"interface in net.dv8tion.jda.api.entities\"><code>Entitlement</code></a>\n</dd>"
                ],
                "SPECIFIED_BY": [
                    "<dd>\n <code><a href=\"../../interactions/Interaction.html#getEntitlements()\">getEntitlements</a></code>&nbsp;in interface&nbsp;<code><a href=\"../../interactions/Interaction.html\" title=\"interface in net.dv8tion.jda.api.interactions\">Interaction</a></code>\n</dd>"
                ]
            },
            "seeAlso": null
        },
        "getMessageChannel()": {
            "elementId": "getMessageChannel()",
            "methodAnnotations": "@Nonnull",
            "methodName": "getMessageChannel",
            "methodSignature": "@Nonnull default MessageChannel getMessageChannel()",
            "methodParameters": null,
            "methodReturnType": "MessageChannel",
            "isStatic": false,
            "descriptionElements": [
                "<div class=\"block\">\n The <a href=\"../entities/channel/middleman/MessageChannel.html\" title=\"interface in net.dv8tion.jda.api.entities.channel.middleman\"><code>MessageChannel</code></a> this interaction happened in. \n <br>\n If <a href=\"#getChannelType()\"><code>getChannelType()</code></a> is not a message channel type, this throws <a href=\"https://docs.oracle.com/javase/8/docs/api/java/lang/IllegalStateException.html\" title=\"class or interface in java.lang\" class=\"external-link\"><code>IllegalStateException</code></a>!\n</div>"
            ],
            "deprecationElement": null,
            "details": {
                "RETURNS": [
                    "<dd>\n The <a href=\"../entities/channel/middleman/MessageChannel.html\" title=\"interface in net.dv8tion.jda.api.entities.channel.middleman\"><code>MessageChannel</code></a>\n</dd>"
                ],
                "THROWS": [
                    "<dd>\n <code><a href=\"https://docs.oracle.com/javase/8/docs/api/java/lang/IllegalStateException.html\" title=\"class or interface in java.lang\" class=\"external-link\">IllegalStateException</a></code> - If <a href=\"#getChannel()\"><code>getChannel()</code></a> is not a message channel\n</dd>"
                ]
            },
            "seeAlso": null
        },
        "getId()": {
            "elementId": "getId()",
            "methodAnnotations": "@Nonnull",
            "methodName": "getId",
            "methodSignature": "@Nonnull default String getId()",
            "methodParameters": null,
            "methodReturnType": "String",
            "isStatic": false,
            "descriptionElements": [
                "<div class=\"block\">\n The Snowflake id of this entity. This is unique to every entity and will never change.\n</div>"
            ],
            "deprecationElement": null,
            "details": {
                "RETURNS": [
                    "<dd>\n Never-null String containing the Id.\n</dd>"
                ]
            },
            "seeAlso": null
        },
        "getInteraction()": {
            "elementId": "getInteraction()",
            "methodAnnotations": "@Nonnull",
            "methodName": "getInteraction",
            "methodSignature": "@Nonnull public Interaction getInteraction()",
            "methodParameters": null,
            "methodReturnType": "Interaction",
            "isStatic": false,
            "descriptionElements": [
                "<div class=\"block\">\n The <a href=\"../../interactions/Interaction.html\" title=\"interface in net.dv8tion.jda.api.interactions\"><code>Interaction</code></a> instance. \n <br>\n Note that this event is a delegate which implements the same interface.\n</div>"
            ],
            "deprecationElement": null,
            "details": {
                "RETURNS": [
                    "<dd>\n The <a href=\"../../interactions/Interaction.html\" title=\"interface in net.dv8tion.jda.api.interactions\"><code>Interaction</code></a>\n</dd>"
                ]
            },
            "seeAlso": null
        },
        "getGuildChannel()": {
            "elementId": "getGuildChannel()",
            "methodAnnotations": "@Nonnull",
            "methodName": "getGuildChannel",
            "methodSignature": "@Nonnull default GuildChannel getGuildChannel()",
            "methodParameters": null,
            "methodReturnType": "GuildChannel",
            "isStatic": false,
            "descriptionElements": [
                "<div class=\"block\">\n The <a href=\"../entities/channel/middleman/GuildChannel.html\" title=\"interface in net.dv8tion.jda.api.entities.channel.middleman\"><code>GuildChannel</code></a> this interaction happened in. \n <br>\n If <a href=\"#getChannelType()\"><code>getChannelType()</code></a> is not a guild type, this throws <a href=\"https://docs.oracle.com/javase/8/docs/api/java/lang/IllegalStateException.html\" title=\"class or interface in java.lang\" class=\"external-link\"><code>IllegalStateException</code></a>!\n</div>"
            ],
            "deprecationElement": null,
            "details": {
                "RETURNS": [
                    "<dd>\n The <a href=\"../entities/channel/middleman/GuildChannel.html\" title=\"interface in net.dv8tion.jda.api.entities.channel.middleman\"><code>GuildChannel</code></a>\n</dd>"
                ],
                "THROWS": [
                    "<dd>\n <code><a href=\"https://docs.oracle.com/javase/8/docs/api/java/lang/IllegalStateException.html\" title=\"class or interface in java.lang\" class=\"external-link\">IllegalStateException</a></code> - If <a href=\"#getChannel()\"><code>getChannel()</code></a> is not a guild channel\n</dd>"
                ]
            },
            "seeAlso": null
        },
        "getType()": {
            "elementId": "getType()",
            "methodAnnotations": "@Nonnull",
            "methodName": "getType",
            "methodSignature": "@Nonnull default InteractionType getType()",
            "methodParameters": null,
            "methodReturnType": "InteractionType",
            "isStatic": false,
            "descriptionElements": [
                "<div class=\"block\">\n The <a href=\"InteractionType.html\" title=\"enum in net.dv8tion.jda.api.interactions\"><code>InteractionType</code></a> for this interaction.\n</div>"
            ],
            "deprecationElement": null,
            "details": {
                "RETURNS": [
                    "<dd>\n The <a href=\"InteractionType.html\" title=\"enum in net.dv8tion.jda.api.interactions\"><code>InteractionType</code></a> or <a href=\"InteractionType.html#UNKNOWN\"><code>InteractionType.UNKNOWN</code></a>\n</dd>"
                ]
            },
            "seeAlso": null
        },
        "getContext()": {
            "elementId": "getContext()",
            "methodAnnotations": "@Nonnull",
            "methodName": "getContext",
            "methodSignature": "@Nonnull public InteractionContextType getContext()",
            "methodParameters": null,
            "methodReturnType": "InteractionContextType",
            "isStatic": false,
            "descriptionElements": [
                "<div class=\"block\">\n <span class=\"descfrm-type-label\">Description copied from interface:&nbsp;<code><a href=\"../../interactions/Interaction.html#getContext()\">Interaction</a></code></span>\n</div>",
                "<div class=\"block\">\n Gets the context in which this command was executed.\n</div>"
            ],
            "deprecationElement": null,
            "details": {
                "RETURNS": [
                    "<dd>\n The context in which this command was executed\n</dd>"
                ],
                "SPECIFIED_BY": [
                    "<dd>\n <code><a href=\"../../interactions/Interaction.html#getContext()\">getContext</a></code>&nbsp;in interface&nbsp;<code><a href=\"../../interactions/Interaction.html\" title=\"interface in net.dv8tion.jda.api.interactions\">Interaction</a></code>\n</dd>"
                ]
            },
            "seeAlso": null
        },
        "getToken()": {
            "elementId": "getToken()",
            "methodAnnotations": "@Nonnull",
            "methodName": "getToken",
            "methodSignature": "@Nonnull public String getToken()",
            "methodParameters": null,
            "methodReturnType": "String",
            "isStatic": false,
            "descriptionElements": [
                "<div class=\"block\">\n <span class=\"descfrm-type-label\">Description copied from interface:&nbsp;<code><a href=\"../../interactions/Interaction.html#getToken()\">Interaction</a></code></span>\n</div>",
                "<div class=\"block\">\n The interaction token used for responding to an interaction.\n</div>"
            ],
            "deprecationElement": null,
            "details": {
                "RETURNS": [
                    "<dd>\n The interaction token\n</dd>"
                ],
                "SPECIFIED_BY": [
                    "<dd>\n <code><a href=\"../../interactions/Interaction.html#getToken()\">getToken</a></code>&nbsp;in interface&nbsp;<code><a href=\"../../interactions/Interaction.html\" title=\"interface in net.dv8tion.jda.api.interactions\">Interaction</a></code>\n</dd>"
                ]
            },
            "seeAlso": null
        },
        "getIntegrationOwners()": {
            "elementId": "getIntegrationOwners()",
            "methodAnnotations": "@Nonnull",
            "methodName": "getIntegrationOwners",
            "methodSignature": "@Nonnull public IntegrationOwners getIntegrationOwners()",
            "methodParameters": null,
            "methodReturnType": "IntegrationOwners",
            "isStatic": false,
            "descriptionElements": [
                "<div class=\"block\">\n <span class=\"descfrm-type-label\">Description copied from interface:&nbsp;<code><a href=\"../../interactions/Interaction.html#getIntegrationOwners()\">Interaction</a></code></span>\n</div>",
                "<div class=\"block\">\n Returns the integration owners of this interaction, which depends on how the app was installed.\n</div>"
            ],
            "deprecationElement": null,
            "details": {
                "RETURNS": [
                    "<dd>\n The integration owners of this interaction\n</dd>"
                ],
                "SPECIFIED_BY": [
                    "<dd>\n <code><a href=\"../../interactions/Interaction.html#getIntegrationOwners()\">getIntegrationOwners</a></code>&nbsp;in interface&nbsp;<code><a href=\"../../interactions/Interaction.html\" title=\"interface in net.dv8tion.jda.api.interactions\">Interaction</a></code>\n</dd>"
                ]
            },
            "seeAlso": null
        },
        "getJDA()": {
            "elementId": "getJDA()",
            "methodAnnotations": "@Nonnull",
            "methodName": "getJDA",
            "methodSignature": "@Nonnull JDA getJDA()",
            "methodParameters": null,
            "methodReturnType": "JDA",
            "isStatic": false,
            "descriptionElements": [
                "<div class=\"block\">\n Returns the <a href=\"../JDA.html\" title=\"interface in net.dv8tion.jda.api\"><code>JDA</code></a> instance of this interaction\n</div>"
            ],
            "deprecationElement": null,
            "details": {
                "RETURNS": [
                    "<dd>\n the corresponding JDA instance\n</dd>"
                ]
            },
            "seeAlso": null
        },
        "getChannelId()": {
            "elementId": "getChannelId()",
            "methodAnnotations": "@Nullable",
            "methodName": "getChannelId",
            "methodSignature": "@Nullable default String getChannelId()",
            "methodParameters": null,
            "methodReturnType": "String",
            "isStatic": false,
            "descriptionElements": [
                "<div class=\"block\">\n The ID of the channel this interaction happened in. \n <br>\n This might be null if no channel context is provided in future interaction types.\n</div>"
            ],
            "deprecationElement": null,
            "details": {
                "RETURNS": [
                    "<dd>\n The channel ID, or null if no channel context is provided\n</dd>"
                ]
            },
            "seeAlso": null
        },
        "getResponseNumber()": {
            "elementId": "getResponseNumber()",
            "methodAnnotations": null,
            "methodName": "getResponseNumber",
            "methodSignature": "public long getResponseNumber()",
            "methodParameters": null,
            "methodReturnType": "long",
            "isStatic": false,
            "descriptionElements": [
                "<div class=\"block\">\n <span class=\"descfrm-type-label\">Description copied from interface:&nbsp;<code><a href=\"GenericEvent.html#getResponseNumber()\">GenericEvent</a></code></span>\n</div>",
                "<div class=\"block\">\n The current sequence for this event. \n <br>\n This can be used to keep events in order when making sequencing system.\n</div>"
            ],
            "deprecationElement": null,
            "details": {
                "RETURNS": [
                    "<dd>\n The current sequence number for this event\n</dd>"
                ],
                "SPECIFIED_BY": [
                    "<dd>\n <code><a href=\"GenericEvent.html#getResponseNumber()\">getResponseNumber</a></code>&nbsp;in interface&nbsp;<code><a href=\"GenericEvent.html\" title=\"interface in net.dv8tion.jda.api.events\">GenericEvent</a></code>\n</dd>"
                ]
            },
            "seeAlso": null
        },
        "toString()": {
            "elementId": "toString()",
            "methodAnnotations": null,
            "methodName": "toString",
            "methodSignature": "public String toString()",
            "methodParameters": null,
            "methodReturnType": "String",
            "isStatic": false,
            "descriptionElements": [],
            "deprecationElement": null,
            "details": {
                "OVERRIDES": [
                    "<dd>\n <code><a href=\"https://docs.oracle.com/javase/8/docs/api/java/lang/Object.html#toString--\" title=\"class or interface in java.lang\" class=\"external-link\">toString</a></code>&nbsp;in class&nbsp;<code><a href=\"https://docs.oracle.com/javase/8/docs/api/java/lang/Object.html\" title=\"class or interface in java.lang\" class=\"external-link\">Object</a></code>\n</dd>"
                ]
            },
            "seeAlso": null
        },
        "getRawData()": {
            "elementId": "getRawData()",
            "methodAnnotations": "@Nullable",
            "methodName": "getRawData",
            "methodSignature": "@Nullable public DataObject getRawData()",
            "methodParameters": null,
            "methodReturnType": "DataObject",
            "isStatic": false,
            "descriptionElements": [
                "<div class=\"block\">\n <span class=\"descfrm-type-label\">Description copied from interface:&nbsp;<code><a href=\"GenericEvent.html#getRawData()\">GenericEvent</a></code></span>\n</div>",
                "<div class=\"block\">\n The passthrough data that this event was serialized from. This data might be null in rare situations, for example, if the event came from a rest action. \n <br>\n This provides the full gateway message payload, including sequence, event name and dispatch type. For details, read the official <a href=\"https://discord.dev/topics/gateway\" target=\"_blank\">Discord Documentation</a>.\n</div>"
            ],
            "deprecationElement": null,
            "details": {
                "RETURNS": [
                    "<dd>\n The corresponding <a href=\"../utils/data/DataObject.html\" title=\"class in net.dv8tion.jda.api.utils.data\"><code>DataObject</code></a>\n</dd>"
                ],
                "SPECIFIED_BY": [
                    "<dd>\n <code><a href=\"GenericEvent.html#getRawData()\">getRawData</a></code>&nbsp;in interface&nbsp;<code><a href=\"GenericEvent.html\" title=\"interface in net.dv8tion.jda.api.events\">GenericEvent</a></code>\n</dd>"
                ]
            },
            "seeAlso": null
        },
        "getChannelType()": {
            "elementId": "getChannelType()",
            "methodAnnotations": "@Nonnull",
            "methodName": "getChannelType",
            "methodSignature": "@Nonnull default ChannelType getChannelType()",
            "methodParameters": null,
            "methodReturnType": "ChannelType",
            "isStatic": false,
            "descriptionElements": [
                "<div class=\"block\">\n The <a href=\"../entities/channel/ChannelType.html\" title=\"enum in net.dv8tion.jda.api.entities.channel\"><code>ChannelType</code></a> for the channel this interaction came from. \n <br>\n If <a href=\"#getChannel()\"><code>getChannel()</code></a> is null, this returns <a href=\"../entities/channel/ChannelType.html#UNKNOWN\"><code>ChannelType.UNKNOWN</code></a>.\n</div>"
            ],
            "deprecationElement": null,
            "details": {
                "RETURNS": [
                    "<dd>\n The <a href=\"../entities/channel/ChannelType.html\" title=\"enum in net.dv8tion.jda.api.entities.channel\"><code>ChannelType</code></a>\n</dd>"
                ]
            },
            "seeAlso": null
        },
        "<init>(net.dv8tion.jda.api.JDA,long,net.dv8tion.jda.api.interactions.Interaction)": {
            "elementId": "<init>(net.dv8tion.jda.api.JDA,long,net.dv8tion.jda.api.interactions.Interaction)",
            "methodAnnotations": null,
            "methodName": "GenericInteractionCreateEvent",
            "methodSignature": "public GenericInteractionCreateEvent(@Nonnull JDA api, long responseNumber, @Nonnull Interaction interaction)",
            "methodParameters": {
                "originalText": "(@Nonnull JDA api, long responseNumber, @Nonnull Interaction interaction)",
                "parameters": [
                    {
                        "annotations": [
                            "Nonnull"
                        ],
                        "type": "net.dv8tion.jda.api.JDA",
                        "simpleType": "JDA",
                        "name": "api"
                    },
                    {
                        "annotations": [],
                        "type": "long",
                        "simpleType": "long",
                        "name": "responseNumber"
                    },
                    {
                        "annotations": [
                            "Nonnull"
                        ],
                        "type": "net.dv8tion.jda.api.interactions.Interaction",
                        "simpleType": "Interaction",
                        "name": "interaction"
                    }
                ]
            },
            "methodReturnType": "GenericInteractionCreateEvent",
            "isStatic": false,
            "descriptionElements": [],
            "deprecationElement": null,
            "details": {},
            "seeAlso": null
        },
        "getGuild()": {
            "elementId": "getGuild()",
            "methodAnnotations": "@Nullable",
            "methodName": "getGuild",
            "methodSignature": "@Nullable public Guild getGuild()",
            "methodParameters": null,
            "methodReturnType": "Guild",
            "isStatic": false,
            "descriptionElements": [
                "<div class=\"block\">\n <span class=\"descfrm-type-label\">Description copied from interface:&nbsp;<code><a href=\"../../interactions/Interaction.html#getGuild()\">Interaction</a></code></span>\n</div>",
                "<div class=\"block\">\n The <a href=\"../../entities/Guild.html\" title=\"interface in net.dv8tion.jda.api.entities\"><code>Guild</code></a> this interaction happened in. \n <br>\n This is null in direct messages.\n</div>"
            ],
            "deprecationElement": null,
            "details": {
                "RETURNS": [
                    "<dd>\n The <a href=\"../../entities/Guild.html\" title=\"interface in net.dv8tion.jda.api.entities\"><code>Guild</code></a> or null\n</dd>"
                ],
                "SPECIFIED_BY": [
                    "<dd>\n <code><a href=\"../../interactions/Interaction.html#getGuild()\">getGuild</a></code>&nbsp;in interface&nbsp;<code><a href=\"../../interactions/Interaction.html\" title=\"interface in net.dv8tion.jda.api.interactions\">Interaction</a></code>\n</dd>"
                ]
            },
            "seeAlso": null
        },
        "isFromGuild()": {
            "elementId": "isFromGuild()",
            "methodAnnotations": null,
            "methodName": "isFromGuild",
            "methodSignature": "default boolean isFromGuild()",
            "methodParameters": null,
            "methodReturnType": "boolean",
            "isStatic": false,
            "descriptionElements": [
                "<div class=\"block\">\n Whether this interaction came from a <a href=\"../entities/Guild.html\" title=\"interface in net.dv8tion.jda.api.entities\"><code>Guild</code></a>. \n <br>\n This is identical to <code>getGuild() != null</code>\n</div>"
            ],
            "deprecationElement": null,
            "details": {
                "RETURNS": [
                    "<dd>\n True, if this interaction happened in a guild\n</dd>"
                ]
            },
            "seeAlso": null
        },
        "isAcknowledged()": {
            "elementId": "isAcknowledged()",
            "methodAnnotations": null,
            "methodName": "isAcknowledged",
            "methodSignature": "public boolean isAcknowledged()",
            "methodParameters": null,
            "methodReturnType": "boolean",
            "isStatic": false,
            "descriptionElements": [
                "<div class=\"block\">\n <span class=\"descfrm-type-label\">Description copied from interface:&nbsp;<code><a href=\"../../interactions/Interaction.html#isAcknowledged()\">Interaction</a></code></span>\n</div>",
                "<div class=\"block\">\n Whether this interaction has already been acknowledged. \n <br><b>Each interaction can only be acknowledged once.</b>\n</div>"
            ],
            "deprecationElement": null,
            "details": {
                "RETURNS": [
                    "<dd>\n True, if this interaction has already been acknowledged\n</dd>"
                ],
                "SPECIFIED_BY": [
                    "<dd>\n <code><a href=\"../../interactions/Interaction.html#isAcknowledged()\">isAcknowledged</a></code>&nbsp;in interface&nbsp;<code><a href=\"../../interactions/Interaction.html\" title=\"interface in net.dv8tion.jda.api.interactions\">Interaction</a></code>\n</dd>"
                ]
            },
            "seeAlso": null
        },
        "getMember()": {
            "elementId": "getMember()",
            "methodAnnotations": "@Nullable",
            "methodName": "getMember",
            "methodSignature": "@Nullable public Member getMember()",
            "methodParameters": null,
            "methodReturnType": "Member",
            "isStatic": false,
            "descriptionElements": [
                "<div class=\"block\">\n <span class=\"descfrm-type-label\">Description copied from interface:&nbsp;<code><a href=\"../../interactions/Interaction.html#getMember()\">Interaction</a></code></span>\n</div>",
                "<div class=\"block\">\n The <a href=\"../../entities/Member.html\" title=\"interface in net.dv8tion.jda.api.entities\"><code>Member</code></a> who caused this interaction. \n <br>\n This is null if the interaction is not from a guild.\n</div>"
            ],
            "deprecationElement": null,
            "details": {
                "RETURNS": [
                    "<dd>\n The <a href=\"../../entities/Member.html\" title=\"interface in net.dv8tion.jda.api.entities\"><code>Member</code></a>\n</dd>"
                ],
                "SPECIFIED_BY": [
                    "<dd>\n <code><a href=\"../../interactions/Interaction.html#getMember()\">getMember</a></code>&nbsp;in interface&nbsp;<code><a href=\"../../interactions/Interaction.html\" title=\"interface in net.dv8tion.jda.api.interactions\">Interaction</a></code>\n</dd>"
                ]
            },
            "seeAlso": null
        },
        "getTimeCreated()": {
            "elementId": "getTimeCreated()",
            "methodAnnotations": "@Nonnull",
            "methodName": "getTimeCreated",
            "methodSignature": "@Nonnull default OffsetDateTime getTimeCreated()",
            "methodParameters": null,
            "methodReturnType": "OffsetDateTime",
            "isStatic": false,
            "descriptionElements": [
                "<div class=\"block\">\n The time this entity was created. Calculated through the Snowflake in <a href=\"#getIdLong()\"><code>getIdLong()</code></a>.\n</div>"
            ],
            "deprecationElement": null,
            "details": {
                "RETURNS": [
                    "<dd>\n OffsetDateTime - Time this entity was created at.\n</dd>"
                ],
                "SEE_ALSO": [
                    "<dd>\n <ul class=\"see-list\">\n  <li><a href=\"../utils/TimeUtil.html#getTimeCreated(long)\"><code>TimeUtil.getTimeCreated(long)</code></a></li>\n </ul>\n</dd>"
                ]
            },
            "seeAlso": {
                "references": [
                    {
                        "text": "TimeUtil#getTimeCreated(long)",
                        "link": "https://docs.jda.wiki/net/dv8tion/jda/api/utils/TimeUtil.html#getTimeCreated(long)",
                        "targetType": "METHOD",
                        "fullSignature": "TimeUtil#getTimeCreated(long)"
                    }
                ]
            }
        },
        "getChannelIdLong()": {
            "elementId": "getChannelIdLong()",
            "methodAnnotations": null,
            "methodName": "getChannelIdLong",
            "methodSignature": "public long getChannelIdLong()",
            "methodParameters": null,
            "methodReturnType": "long",
            "isStatic": false,
            "descriptionElements": [
                "<div class=\"block\">\n <span class=\"descfrm-type-label\">Description copied from interface:&nbsp;<code><a href=\"../../interactions/Interaction.html#getChannelIdLong()\">Interaction</a></code></span>\n</div>",
                "<div class=\"block\">\n The ID of the channel this interaction happened in. \n <br>\n This might be 0 if no channel context is provided in future interaction types.\n</div>"
            ],
            "deprecationElement": null,
            "details": {
                "RETURNS": [
                    "<dd>\n The channel ID, or 0 if no channel context is provided\n</dd>"
                ],
                "SPECIFIED_BY": [
                    "<dd>\n <code><a href=\"../../interactions/Interaction.html#getChannelIdLong()\">getChannelIdLong</a></code>&nbsp;in interface&nbsp;<code><a href=\"../../interactions/Interaction.html\" title=\"interface in net.dv8tion.jda.api.interactions\">Interaction</a></code>\n</dd>"
                ]
            },
            "seeAlso": null
        },
        "getTypeRaw()": {
            "elementId": "getTypeRaw()",
            "methodAnnotations": null,
            "methodName": "getTypeRaw",
            "methodSignature": "public int getTypeRaw()",
            "methodParameters": null,
            "methodReturnType": "int",
            "isStatic": false,
            "descriptionElements": [
                "<div class=\"block\">\n <span class=\"descfrm-type-label\">Description copied from interface:&nbsp;<code><a href=\"../../interactions/Interaction.html#getTypeRaw()\">Interaction</a></code></span>\n</div>",
                "<div class=\"block\">\n The raw interaction type. \n <br>\n It is recommended to use <a href=\"../../interactions/Interaction.html#getType()\"><code>Interaction.getType()</code></a> instead.\n</div>"
            ],
            "deprecationElement": null,
            "details": {
                "RETURNS": [
                    "<dd>\n The raw interaction type\n</dd>"
                ],
                "SPECIFIED_BY": [
                    "<dd>\n <code><a href=\"../../interactions/Interaction.html#getTypeRaw()\">getTypeRaw</a></code>&nbsp;in interface&nbsp;<code><a href=\"../../interactions/Interaction.html\" title=\"interface in net.dv8tion.jda.api.interactions\">Interaction</a></code>\n</dd>"
                ]
            },
            "seeAlso": null
        }
    },
    "fields": {}
}