{
    "classNameFqcn": "net.dv8tion.jda.api.exceptions.ErrorResponseException",
    "descriptionElements": [
        "<div class=\"block\">\n Indicates an unhandled error that is returned by Discord API Request using <a href=\"../requests/RestAction.html\" title=\"interface in net.dv8tion.jda.api.requests\"><code>RestAction</code></a>\n <br>\n It holds an <a href=\"../requests/ErrorResponse.html\" title=\"enum in net.dv8tion.jda.api.requests\"><code>ErrorResponse</code></a>\n</div>"
    ],
    "deprecationElement": null,
    "details": {
        "SEE_ALSO": [
            "<dd>\n <ul class=\"see-list\">\n  <li><a href=\"ErrorHandler.html\" title=\"class in net.dv8tion.jda.api.exceptions\"><code>ErrorHandler</code></a></li>\n  <li><a href=\"../../../../../serialized-form.html#net.dv8tion.jda.api.exceptions.ErrorResponseException\">Serialized Form</a></li>\n </ul>\n</dd>"
        ],
        "ALL_IMPLEMENTED_INTERFACES": [
            "<dd>\n <code><a href=\"https://docs.oracle.com/javase/8/docs/api/java/io/Serializable.html\" title=\"class or interface in java.io\" class=\"external-link\">Serializable</a></code>\n</dd>"
        ]
    },
    "seeAlso": {
        "references": [
            {
                "text": "ErrorHandler",
                "link": "https://docs.jda.wiki/net/dv8tion/jda/api/exceptions/ErrorHandler.html",
                "targetType": "CLASS",
                "fullSignature": "ErrorHandler"
            },
            {
                "text": "Serialized Form",
                "link": "https://docs.jda.wiki/serialized-form.html#net.dv8tion.jda.api.exceptions.ErrorResponseException",
                "targetType": "UNKNOWN",
                "fullSignature": null
            }
        ]
    },
    "methods": {
        "create(java.lang.String,net.dv8tion.jda.api.exceptions.ErrorResponseException)": {
            "elementId": "create(java.lang.String,net.dv8tion.jda.api.exceptions.ErrorResponseException)",
            "methodAnnotations": "@Nonnull",
            "methodName": "create",
            "methodSignature": "@Nonnull public static ErrorResponseException create(@Nonnull String message, @Nonnull ErrorResponseException cause)",
            "parameters": [
                {
                    "annotations": [
                        "Nonnull"
                    ],
                    "type": "java.lang.String",
                    "simpleType": "String",
                    "name": "message"
                },
                {
                    "annotations": [
                        "Nonnull"
                    ],
                    "type": "net.dv8tion.jda.api.exceptions.ErrorResponseException",
                    "simpleType": "ErrorResponseException",
                    "name": "cause"
                }
            ],
            "methodReturnType": "ErrorResponseException",
            "isStatic": true,
            "descriptionElements": [],
            "deprecationElement": null,
            "details": {},
            "seeAlso": null
        },
        "ignore(java.util.function.Consumer,net.dv8tion.jda.api.requests.ErrorResponse,net.dv8tion.jda.api.requests.ErrorResponse...)": {
            "elementId": "ignore(java.util.function.Consumer,net.dv8tion.jda.api.requests.ErrorResponse,net.dv8tion.jda.api.requests.ErrorResponse...)",
            "methodAnnotations": "@Nonnull",
            "methodName": "ignore",
            "methodSignature": "@Nonnull public static Consumer<Throwable> ignore(@Nonnull Consumer<? super Throwable> orElse, @Nonnull ErrorResponse ignored, @Nonnull ErrorResponse... errorResponses)",
            "parameters": [
                {
                    "annotations": [
                        "Nonnull"
                    ],
                    "type": "java.util.function.Consumer",
                    "simpleType": "Consumer",
                    "name": "orElse"
                },
                {
                    "annotations": [
                        "Nonnull"
                    ],
                    "type": "net.dv8tion.jda.api.requests.ErrorResponse",
                    "simpleType": "ErrorResponse",
                    "name": "ignored"
                },
                {
                    "annotations": [
                        "Nonnull"
                    ],
                    "type": "net.dv8tion.jda.api.requests.ErrorResponse...",
                    "simpleType": "ErrorResponse...",
                    "name": "errorResponses"
                }
            ],
            "methodReturnType": "Consumer<Throwable>",
            "isStatic": true,
            "descriptionElements": [
                "<div class=\"block\">\n Ignore the specified set of error responses. \n <p><b>Example</b><br></p>\n <pre><code>\n // Creates a message with the provided content and deletes it 30 seconds later\n public static void selfDestruct(MessageChannel channel, String content) {\n     channel.sendMessage(content).queue((message) -&gt;\n         message.delete().queueAfter(30, SECONDS, null, ignore(Throwable::printStackTrace, UNKNOWN_MESSAGE))\n     );\n }\n </code></pre>\n</div>"
            ],
            "deprecationElement": null,
            "details": {
                "PARAMETERS": [
                    "<dd>\n <code>orElse</code> - Behavior to default to if the error response is not ignored\n</dd>",
                    "<dd>\n <code>ignored</code> - Ignored error response\n</dd>",
                    "<dd>\n <code>errorResponses</code> - Additional error responses to ignore\n</dd>"
                ],
                "RETURNS": [
                    "<dd>\n <a href=\"https://docs.oracle.com/javase/8/docs/api/java/util/function/Consumer.html\" title=\"class or interface in java.util.function\" class=\"external-link\"><code>Consumer</code></a> decorator for the provided callback which ignores the specified <a href=\"../requests/ErrorResponse.html\" title=\"enum in net.dv8tion.jda.api.requests\"><code>ErrorResponses</code></a>\n</dd>"
                ],
                "THROWS": [
                    "<dd>\n <code><a href=\"https://docs.oracle.com/javase/8/docs/api/java/lang/IllegalArgumentException.html\" title=\"class or interface in java.lang\" class=\"external-link\">IllegalArgumentException</a></code> - If provided with null\n</dd>"
                ]
            },
            "seeAlso": null
        },
        "isServerError()": {
            "elementId": "isServerError()",
            "methodAnnotations": null,
            "methodName": "isServerError",
            "methodSignature": "public boolean isServerError()",
            "parameters": [],
            "methodReturnType": "boolean",
            "isStatic": false,
            "descriptionElements": [
                "<div class=\"block\">\n Whether this is an internal server error from discord (status 500)\n</div>"
            ],
            "deprecationElement": null,
            "details": {
                "RETURNS": [
                    "<dd>\n True, if this is an internal server error <a href=\"../requests/ErrorResponse.html#SERVER_ERROR\"><code>ErrorResponse.SERVER_ERROR</code></a>\n</dd>"
                ]
            },
            "seeAlso": null
        },
        "getErrorResponse()": {
            "elementId": "getErrorResponse()",
            "methodAnnotations": "@Nonnull",
            "methodName": "getErrorResponse",
            "methodSignature": "@Nonnull public ErrorResponse getErrorResponse()",
            "parameters": [],
            "methodReturnType": "ErrorResponse",
            "isStatic": false,
            "descriptionElements": [
                "<div class=\"block\">\n The <a href=\"../requests/ErrorResponse.html\" title=\"enum in net.dv8tion.jda.api.requests\"><code>ErrorResponse</code></a> corresponding for the received error response from Discord\n</div>"
            ],
            "deprecationElement": null,
            "details": {
                "RETURNS": [
                    "<dd>\n <a href=\"../requests/ErrorResponse.html\" title=\"enum in net.dv8tion.jda.api.requests\"><code>ErrorResponse</code></a>\n</dd>"
                ]
            },
            "seeAlso": null
        },
        "ignore(net.dv8tion.jda.api.requests.ErrorResponse,net.dv8tion.jda.api.requests.ErrorResponse...)": {
            "elementId": "ignore(net.dv8tion.jda.api.requests.ErrorResponse,net.dv8tion.jda.api.requests.ErrorResponse...)",
            "methodAnnotations": "@Nonnull",
            "methodName": "ignore",
            "methodSignature": "@Nonnull public static Consumer<Throwable> ignore(@Nonnull ErrorResponse ignored, @Nonnull ErrorResponse... errorResponses)",
            "parameters": [
                {
                    "annotations": [
                        "Nonnull"
                    ],
                    "type": "net.dv8tion.jda.api.requests.ErrorResponse",
                    "simpleType": "ErrorResponse",
                    "name": "ignored"
                },
                {
                    "annotations": [
                        "Nonnull"
                    ],
                    "type": "net.dv8tion.jda.api.requests.ErrorResponse...",
                    "simpleType": "ErrorResponse...",
                    "name": "errorResponses"
                }
            ],
            "methodReturnType": "Consumer<Throwable>",
            "isStatic": true,
            "descriptionElements": [
                "<div class=\"block\">\n Ignore the specified set of error responses. \n <p><b>Example</b><br></p>\n <pre><code>\n // Creates a message with the provided content and deletes it 30 seconds later\n public static void selfDestruct(MessageChannel channel, String content) {\n     channel.sendMessage(content).queue((message) -&gt;\n         message.delete().queueAfter(30, SECONDS, null, ignore(UNKNOWN_MESSAGE))\n     );\n }\n </code></pre>\n</div>"
            ],
            "deprecationElement": null,
            "details": {
                "PARAMETERS": [
                    "<dd>\n <code>ignored</code> - Ignored error response\n</dd>",
                    "<dd>\n <code>errorResponses</code> - Additional error responses to ignore\n</dd>"
                ],
                "RETURNS": [
                    "<dd>\n <a href=\"https://docs.oracle.com/javase/8/docs/api/java/util/function/Consumer.html\" title=\"class or interface in java.util.function\" class=\"external-link\"><code>Consumer</code></a> decorator for <a href=\"../requests/RestAction.html#getDefaultFailure()\"><code>RestAction.getDefaultFailure()</code></a> which ignores the specified <a href=\"../requests/ErrorResponse.html\" title=\"enum in net.dv8tion.jda.api.requests\"><code>ErrorResponses</code></a>\n</dd>"
                ],
                "THROWS": [
                    "<dd>\n <code><a href=\"https://docs.oracle.com/javase/8/docs/api/java/lang/IllegalArgumentException.html\" title=\"class or interface in java.lang\" class=\"external-link\">IllegalArgumentException</a></code> - If provided with null\n</dd>"
                ]
            },
            "seeAlso": null
        },
        "getErrorCode()": {
            "elementId": "getErrorCode()",
            "methodAnnotations": null,
            "methodName": "getErrorCode",
            "methodSignature": "public int getErrorCode()",
            "parameters": [],
            "methodReturnType": "int",
            "isStatic": false,
            "descriptionElements": [
                "<div class=\"block\">\n The discord error code for this error response.\n</div>"
            ],
            "deprecationElement": null,
            "details": {
                "RETURNS": [
                    "<dd>\n The discord error code.\n</dd>"
                ],
                "SEE_ALSO": [
                    "<dd>\n <ul class=\"see-list\">\n  <li><a href=\"https://discord.com/developers/docs/topics/opcodes-and-status-codes#json-json-error-codes\" target=\"_blank\">Discord Error Codes</a></li>\n </ul>\n</dd>"
                ]
            },
            "seeAlso": {
                "references": [
                    {
                        "text": "Discord Error Codes",
                        "link": "https://discord.com/developers/docs/topics/opcodes-and-status-codes#json-json-error-codes",
                        "targetType": "UNKNOWN",
                        "fullSignature": null
                    }
                ]
            }
        },
        "ignore(java.util.function.Consumer,java.util.Collection)": {
            "elementId": "ignore(java.util.function.Consumer,java.util.Collection)",
            "methodAnnotations": "@Nonnull",
            "methodName": "ignore",
            "methodSignature": "@Nonnull public static Consumer<Throwable> ignore(@Nonnull Consumer<? super Throwable> orElse, @Nonnull Collection<ErrorResponse> set)",
            "parameters": [
                {
                    "annotations": [
                        "Nonnull"
                    ],
                    "type": "java.util.function.Consumer",
                    "simpleType": "Consumer",
                    "name": "orElse"
                },
                {
                    "annotations": [
                        "Nonnull"
                    ],
                    "type": "java.util.Collection",
                    "simpleType": "Collection",
                    "name": "set"
                }
            ],
            "methodReturnType": "Consumer<Throwable>",
            "isStatic": true,
            "descriptionElements": [
                "<div class=\"block\">\n Ignore the specified set of error responses. \n <p><b>Example</b><br></p>\n <pre><code>\n // Creates a message with the provided content and deletes it 30 seconds later\n public static void selfDestruct(MessageChannel channel, String content) {\n     channel.sendMessage(content).queue((message) -&gt;\n         message.delete().queueAfter(30, SECONDS, null, ignore(Throwable::printStackTrace, EnumSet.of(UNKNOWN_MESSAGE)))\n     );\n }\n </code></pre>\n</div>"
            ],
            "deprecationElement": null,
            "details": {
                "PARAMETERS": [
                    "<dd>\n <code>orElse</code> - Behavior to default to if the error response is not ignored\n</dd>",
                    "<dd>\n <code>set</code> - Set of ignored error responses\n</dd>"
                ],
                "RETURNS": [
                    "<dd>\n <a href=\"https://docs.oracle.com/javase/8/docs/api/java/util/function/Consumer.html\" title=\"class or interface in java.util.function\" class=\"external-link\"><code>Consumer</code></a> decorator for the provided callback which ignores the specified <a href=\"../requests/ErrorResponse.html\" title=\"enum in net.dv8tion.jda.api.requests\"><code>ErrorResponses</code></a>\n</dd>"
                ],
                "THROWS": [
                    "<dd>\n <code><a href=\"https://docs.oracle.com/javase/8/docs/api/java/lang/IllegalArgumentException.html\" title=\"class or interface in java.lang\" class=\"external-link\">IllegalArgumentException</a></code> - If provided with null or an empty collection\n</dd>"
                ]
            },
            "seeAlso": null
        },
        "create(net.dv8tion.jda.api.requests.ErrorResponse,net.dv8tion.jda.api.requests.Response)": {
            "elementId": "create(net.dv8tion.jda.api.requests.ErrorResponse,net.dv8tion.jda.api.requests.Response)",
            "methodAnnotations": "@Nonnull",
            "methodName": "create",
            "methodSignature": "@Nonnull public static ErrorResponseException create(@Nonnull ErrorResponse errorResponse, @Nonnull Response response)",
            "parameters": [
                {
                    "annotations": [
                        "Nonnull"
                    ],
                    "type": "net.dv8tion.jda.api.requests.ErrorResponse",
                    "simpleType": "ErrorResponse",
                    "name": "errorResponse"
                },
                {
                    "annotations": [
                        "Nonnull"
                    ],
                    "type": "net.dv8tion.jda.api.requests.Response",
                    "simpleType": "Response",
                    "name": "response"
                }
            ],
            "methodReturnType": "ErrorResponseException",
            "isStatic": true,
            "descriptionElements": [],
            "deprecationElement": null,
            "details": {},
            "seeAlso": null
        },
        "ignore(java.util.Collection)": {
            "elementId": "ignore(java.util.Collection)",
            "methodAnnotations": "@Nonnull",
            "methodName": "ignore",
            "methodSignature": "@Nonnull public static Consumer<Throwable> ignore(@Nonnull Collection<ErrorResponse> set)",
            "parameters": [
                {
                    "annotations": [
                        "Nonnull"
                    ],
                    "type": "java.util.Collection",
                    "simpleType": "Collection",
                    "name": "set"
                }
            ],
            "methodReturnType": "Consumer<Throwable>",
            "isStatic": true,
            "descriptionElements": [
                "<div class=\"block\">\n Ignore the specified set of error responses. \n <p><b>Example</b><br></p>\n <pre><code>\n // Creates a message with the provided content and deletes it 30 seconds later\n public static void selfDestruct(MessageChannel channel, String content) {\n     channel.sendMessage(content).queue((message) -&gt;\n         message.delete().queueAfter(30, SECONDS, null, ignore(EnumSet.of(UNKNOWN_MESSAGE)))\n     );\n }\n </code></pre>\n</div>"
            ],
            "deprecationElement": null,
            "details": {
                "PARAMETERS": [
                    "<dd>\n <code>set</code> - Set of ignored error responses\n</dd>"
                ],
                "RETURNS": [
                    "<dd>\n <a href=\"https://docs.oracle.com/javase/8/docs/api/java/util/function/Consumer.html\" title=\"class or interface in java.util.function\" class=\"external-link\"><code>Consumer</code></a> decorator for <a href=\"../requests/RestAction.html#getDefaultFailure()\"><code>RestAction.getDefaultFailure()</code></a> which ignores the specified <a href=\"../requests/ErrorResponse.html\" title=\"enum in net.dv8tion.jda.api.requests\"><code>ErrorResponses</code></a>\n</dd>"
                ],
                "THROWS": [
                    "<dd>\n <code><a href=\"https://docs.oracle.com/javase/8/docs/api/java/lang/IllegalArgumentException.html\" title=\"class or interface in java.lang\" class=\"external-link\">IllegalArgumentException</a></code> - If provided with null or an empty collection\n</dd>"
                ]
            },
            "seeAlso": null
        },
        "getResponse()": {
            "elementId": "getResponse()",
            "methodAnnotations": "@Nonnull",
            "methodName": "getResponse",
            "methodSignature": "@Nonnull public Response getResponse()",
            "parameters": [],
            "methodReturnType": "Response",
            "isStatic": false,
            "descriptionElements": [
                "<div class=\"block\">\n The Discord Response causing the ErrorResponse\n</div>"
            ],
            "deprecationElement": null,
            "details": {
                "RETURNS": [
                    "<dd>\n <a href=\"../requests/Response.html\" title=\"class in net.dv8tion.jda.api.requests\"><code>Response</code></a>\n</dd>"
                ]
            },
            "seeAlso": null
        },
        "getMeaning()": {
            "elementId": "getMeaning()",
            "methodAnnotations": "@Nonnull",
            "methodName": "getMeaning",
            "methodSignature": "@Nonnull public String getMeaning()",
            "parameters": [],
            "methodReturnType": "String",
            "isStatic": false,
            "descriptionElements": [
                "<div class=\"block\">\n The meaning for this error. \n <br>\n It is possible that the value from this method is different for <a href=\"#isServerError()\"><code>server errors</code></a>\n</div>"
            ],
            "deprecationElement": null,
            "details": {
                "RETURNS": [
                    "<dd>\n Never-null meaning of this error.\n</dd>"
                ]
            },
            "seeAlso": null
        },
        "getSchemaErrors()": {
            "elementId": "getSchemaErrors()",
            "methodAnnotations": "@Nonnull",
            "methodName": "getSchemaErrors",
            "methodSignature": "@Nonnull public List<ErrorResponseException.SchemaError> getSchemaErrors()",
            "parameters": [],
            "methodReturnType": "List<ErrorResponseException.SchemaError>",
            "isStatic": false,
            "descriptionElements": [
                "<div class=\"block\">\n The <a href=\"ErrorResponseException.SchemaError.html\" title=\"class in net.dv8tion.jda.api.exceptions\"><code>SchemaErrors</code></a> for this error response. \n <br>\n These errors provide more context of what part in the body caused the error, and more explanation for the error itself.\n</div>"
            ],
            "deprecationElement": null,
            "details": {
                "RETURNS": [
                    "<dd>\n Possibly-empty list of <a href=\"ErrorResponseException.SchemaError.html\" title=\"class in net.dv8tion.jda.api.exceptions\"><code>SchemaError</code></a>\n</dd>"
                ]
            },
            "seeAlso": null
        }
    },
    "fields": {}
}