{
    "classNameFqcn": "net.dv8tion.jda.api.exceptions.InvalidTokenException",
    "descriptionElements": [
        "<div class=\"block\">\n Indicates that an invalid token was given when trying to login the Discord API\n</div>"
    ],
    "deprecationElement": null,
    "details": {
        "SEE_ALSO": [
            "<dd>\n <ul class=\"see-list\">\n  <li><a href=\"../../../../../serialized-form.html#net.dv8tion.jda.api.exceptions.InvalidTokenException\">Serialized Form</a></li>\n </ul>\n</dd>"
        ],
        "ALL_IMPLEMENTED_INTERFACES": [
            "<dd>\n <code><a href=\"https://docs.oracle.com/javase/8/docs/api/java/io/Serializable.html\" title=\"class or interface in java.io\" class=\"external-link\">Serializable</a></code>\n</dd>"
        ]
    },
    "seeAlso": {
        "references": [
            {
                "text": "Serialized Form",
                "link": "https://docs.jda.wiki/serialized-form.html#net.dv8tion.jda.api.exceptions.InvalidTokenException",
                "targetType": "UNKNOWN",
                "fullSignature": null
            }
        ]
    },
    "methods": {
        "<init>()": {
            "elementId": "<init>()",
            "methodAnnotations": null,
            "methodName": "InvalidTokenException",
            "methodSignature": "public InvalidTokenException()",
            "methodParameters": null,
            "methodReturnType": "InvalidTokenException",
            "isStatic": false,
            "descriptionElements": [
                "<div class=\"block\">\n Constructs an <code>InvalidTokenException</code> with no detail message.\n</div>"
            ],
            "deprecationElement": null,
            "details": {},
            "seeAlso": null
        }
    },
    "fields": {}
}