{
    "classNameFqcn": "net.dv8tion.jda.api.exceptions.MissingAccessException",
    "descriptionElements": [
        "<div class=\"block\">\n Indicates that the user is missing the <a href=\"../Permission.html#VIEW_CHANNEL\"><code>VIEW_CHANNEL</code></a>, in addition to <a href=\"../Permission.html#VOICE_CONNECT\"><code>VOICE_CONNECT</code></a> permission if <a href=\"../entities/channel/Channel.html#getType()\"><code>Channel.getType()</code></a> is an <a href=\"../entities/channel/ChannelType.html#isAudio()\"><code>audio</code></a> type.\n</div>"
    ],
    "deprecationElement": null,
    "details": {
        "SEE_ALSO": [
            "<dd>\n <ul class=\"see-list-long\">\n  <li><a href=\"../entities/IPermissionHolder.html#hasAccess(net.dv8tion.jda.api.entities.channel.middleman.GuildChannel)\"><code>IPermissionHolder.hasAccess(GuildChannel)</code></a></li>\n  <li><a href=\"../../../../../serialized-form.html#net.dv8tion.jda.api.exceptions.MissingAccessException\">Serialized Form</a></li>\n </ul>\n</dd>"
        ],
        "SINCE": [
            "<dd>\n 4.2.1\n</dd>"
        ],
        "ALL_IMPLEMENTED_INTERFACES": [
            "<dd>\n <code><a href=\"https://docs.oracle.com/javase/8/docs/api/java/io/Serializable.html\" title=\"class or interface in java.io\" class=\"external-link\">Serializable</a></code>\n</dd>"
        ]
    },
    "seeAlso": {
        "references": [
            {
                "text": "IPermissionHolder#hasAccess(GuildChannel)",
                "link": "https://docs.jda.wiki/net/dv8tion/jda/api/entities/IPermissionHolder.html#hasAccess(net.dv8tion.jda.api.entities.channel.middleman.GuildChannel)",
                "targetType": "METHOD",
                "fullSignature": "IPermissionHolder#hasAccess(GuildChannel)"
            },
            {
                "text": "Serialized Form",
                "link": "https://docs.jda.wiki/serialized-form.html#net.dv8tion.jda.api.exceptions.MissingAccessException",
                "targetType": "UNKNOWN",
                "fullSignature": null
            }
        ]
    },
    "methods": {
        "<init>(net.dv8tion.jda.api.entities.channel.middleman.GuildChannel,net.dv8tion.jda.api.Permission)": {
            "elementId": "<init>(net.dv8tion.jda.api.entities.channel.middleman.GuildChannel,net.dv8tion.jda.api.Permission)",
            "methodAnnotations": null,
            "methodName": "MissingAccessException",
            "methodSignature": "public MissingAccessException(@Nonnull GuildChannel channel, @Nonnull Permission permission)",
            "methodParameters": {
                "originalText": "(@Nonnull GuildChannel channel, @Nonnull Permission permission)",
                "parameters": [
                    {
                        "annotations": [
                            "Nonnull"
                        ],
                        "type": "net.dv8tion.jda.api.entities.channel.middleman.GuildChannel",
                        "simpleType": "GuildChannel",
                        "name": "channel"
                    },
                    {
                        "annotations": [
                            "Nonnull"
                        ],
                        "type": "net.dv8tion.jda.api.Permission",
                        "simpleType": "Permission",
                        "name": "permission"
                    }
                ]
            },
            "methodReturnType": "MissingAccessException",
            "isStatic": false,
            "descriptionElements": [],
            "deprecationElement": null,
            "details": {},
            "seeAlso": null
        },
        "getChannelId()": {
            "elementId": "getChannelId()",
            "methodAnnotations": null,
            "methodName": "getChannelId",
            "methodSignature": "public long getChannelId()",
            "methodParameters": null,
            "methodReturnType": "long",
            "isStatic": false,
            "descriptionElements": [
                "<div class=\"block\">\n The id for the responsible <a href=\"../entities/channel/middleman/GuildChannel.html\" title=\"interface in net.dv8tion.jda.api.entities.channel.middleman\"><code>GuildChannel</code></a> instance.\n</div>"
            ],
            "deprecationElement": null,
            "details": {
                "RETURNS": [
                    "<dd>\n The ID as a long or 0\n</dd>"
                ],
                "SEE_ALSO": [
                    "<dd>\n <ul class=\"see-list-long\">\n  <li><a href=\"#getChannel(net.dv8tion.jda.api.JDA)\"><code>getChannel(net.dv8tion.jda.api.JDA)</code></a></li>\n </ul>\n</dd>"
                ],
                "SINCE": [
                    "<dd>\n 4.0.0\n</dd>"
                ]
            },
            "seeAlso": {
                "references": [
                    {
                        "text": "getChannel(net.dv8tion.jda.api.JDA)",
                        "link": "https://docs.jda.wiki/net/dv8tion/jda/api/exceptions/InsufficientPermissionException.html#getChannel(net.dv8tion.jda.api.JDA)",
                        "targetType": "METHOD",
                        "fullSignature": "InsufficientPermissionException#getChannel(JDA)"
                    }
                ]
            }
        },
        "getGuildId()": {
            "elementId": "getGuildId()",
            "methodAnnotations": null,
            "methodName": "getGuildId",
            "methodSignature": "public long getGuildId()",
            "methodParameters": null,
            "methodReturnType": "long",
            "isStatic": false,
            "descriptionElements": [
                "<div class=\"block\">\n The id for the responsible <a href=\"../entities/Guild.html\" title=\"interface in net.dv8tion.jda.api.entities\"><code>Guild</code></a> instance.\n</div>"
            ],
            "deprecationElement": null,
            "details": {
                "RETURNS": [
                    "<dd>\n The ID as a long\n</dd>"
                ],
                "SEE_ALSO": [
                    "<dd>\n <ul class=\"see-list\">\n  <li><a href=\"../JDA.html#getGuildById(long)\"><code>JDA.getGuildById(long)</code></a></li>\n </ul>\n</dd>"
                ],
                "SINCE": [
                    "<dd>\n 4.0.0\n</dd>"
                ]
            },
            "seeAlso": {
                "references": [
                    {
                        "text": "JDA#getGuildById(long)",
                        "link": "https://docs.jda.wiki/net/dv8tion/jda/api/JDA.html#getGuildById(long)",
                        "targetType": "METHOD",
                        "fullSignature": "JDA#getGuildById(long)"
                    }
                ]
            }
        },
        "getChannelType()": {
            "elementId": "getChannelType()",
            "methodAnnotations": "@Nonnull",
            "methodName": "getChannelType",
            "methodSignature": "@Nonnull public ChannelType getChannelType()",
            "methodParameters": null,
            "methodReturnType": "ChannelType",
            "isStatic": false,
            "descriptionElements": [
                "<div class=\"block\">\n The <a href=\"../entities/channel/ChannelType.html\" title=\"enum in net.dv8tion.jda.api.entities.channel\"><code>ChannelType</code></a> for the <a href=\"#getChannelId()\"><code>channel id</code></a>.\n</div>"
            ],
            "deprecationElement": null,
            "details": {
                "RETURNS": [
                    "<dd>\n The channel type or <a href=\"../entities/channel/ChannelType.html#UNKNOWN\"><code>ChannelType.UNKNOWN</code></a>.\n</dd>"
                ],
                "SINCE": [
                    "<dd>\n 4.0.0\n</dd>"
                ]
            },
            "seeAlso": null
        },
        "getPermission()": {
            "elementId": "getPermission()",
            "methodAnnotations": "@Nonnull",
            "methodName": "getPermission",
            "methodSignature": "@Nonnull public Permission getPermission()",
            "methodParameters": null,
            "methodReturnType": "Permission",
            "isStatic": false,
            "descriptionElements": [
                "<div class=\"block\">\n The <a href=\"../Permission.html\" title=\"enum in net.dv8tion.jda.api\"><code>Permission</code></a> that is required for the operation \n <p><b>If this is a <a href=\"HierarchyException.html\" title=\"class in net.dv8tion.jda.api.exceptions\"><code>HierarchyException</code></a> this will always be <a href=\"../Permission.html#UNKNOWN\"><code>Permission.UNKNOWN</code></a>!</b></p>\n</div>"
            ],
            "deprecationElement": null,
            "details": {
                "RETURNS": [
                    "<dd>\n The required <a href=\"../Permission.html\" title=\"enum in net.dv8tion.jda.api\"><code>Permission</code></a>\n</dd>"
                ]
            },
            "seeAlso": null
        },
        "getChannel(net.dv8tion.jda.api.JDA)": {
            "elementId": "getChannel(net.dv8tion.jda.api.JDA)",
            "methodAnnotations": "@Nullable",
            "methodName": "getChannel",
            "methodSignature": "@Nullable public GuildChannel getChannel(@Nonnull JDA api)",
            "methodParameters": {
                "originalText": "(@Nonnull JDA api)",
                "parameters": [
                    {
                        "annotations": [
                            "Nonnull"
                        ],
                        "type": "net.dv8tion.jda.api.JDA",
                        "simpleType": "JDA",
                        "name": "api"
                    }
                ]
            },
            "methodReturnType": "GuildChannel",
            "isStatic": false,
            "descriptionElements": [
                "<div class=\"block\">\n The <a href=\"../entities/channel/middleman/GuildChannel.html\" title=\"interface in net.dv8tion.jda.api.entities.channel.middleman\"><code>GuildChannel</code></a> instance for the <a href=\"#getChannelId()\"><code>channel id</code></a>.\n</div>"
            ],
            "deprecationElement": null,
            "details": {
                "PARAMETERS": [
                    "<dd>\n <code>api</code> - The shard to perform the lookup in\n</dd>"
                ],
                "RETURNS": [
                    "<dd>\n The GuildChannel instance or null\n</dd>"
                ],
                "SINCE": [
                    "<dd>\n 4.0.0\n</dd>"
                ],
                "THROWS": [
                    "<dd>\n <code><a href=\"https://docs.oracle.com/javase/8/docs/api/java/lang/IllegalArgumentException.html\" title=\"class or interface in java.lang\" class=\"external-link\">IllegalArgumentException</a></code> - If the provided JDA instance is null\n</dd>"
                ]
            },
            "seeAlso": null
        },
        "<init>(net.dv8tion.jda.api.entities.channel.middleman.GuildChannel,net.dv8tion.jda.api.Permission,java.lang.String)": {
            "elementId": "<init>(net.dv8tion.jda.api.entities.channel.middleman.GuildChannel,net.dv8tion.jda.api.Permission,java.lang.String)",
            "methodAnnotations": null,
            "methodName": "MissingAccessException",
            "methodSignature": "public MissingAccessException(@Nonnull GuildChannel channel, @Nonnull Permission permission, @Nonnull String reason)",
            "methodParameters": {
                "originalText": "(@Nonnull GuildChannel channel, @Nonnull Permission permission, @Nonnull String reason)",
                "parameters": [
                    {
                        "annotations": [
                            "Nonnull"
                        ],
                        "type": "net.dv8tion.jda.api.entities.channel.middleman.GuildChannel",
                        "simpleType": "GuildChannel",
                        "name": "channel"
                    },
                    {
                        "annotations": [
                            "Nonnull"
                        ],
                        "type": "net.dv8tion.jda.api.Permission",
                        "simpleType": "Permission",
                        "name": "permission"
                    },
                    {
                        "annotations": [
                            "Nonnull"
                        ],
                        "type": "java.lang.String",
                        "simpleType": "String",
                        "name": "reason"
                    }
                ]
            },
            "methodReturnType": "MissingAccessException",
            "isStatic": false,
            "descriptionElements": [],
            "deprecationElement": null,
            "details": {},
            "seeAlso": null
        },
        "getGuild(net.dv8tion.jda.api.JDA)": {
            "elementId": "getGuild(net.dv8tion.jda.api.JDA)",
            "methodAnnotations": "@Nullable",
            "methodName": "getGuild",
            "methodSignature": "@Nullable public Guild getGuild(@Nonnull JDA api)",
            "methodParameters": {
                "originalText": "(@Nonnull JDA api)",
                "parameters": [
                    {
                        "annotations": [
                            "Nonnull"
                        ],
                        "type": "net.dv8tion.jda.api.JDA",
                        "simpleType": "JDA",
                        "name": "api"
                    }
                ]
            },
            "methodReturnType": "Guild",
            "isStatic": false,
            "descriptionElements": [
                "<div class=\"block\">\n The <a href=\"../entities/Guild.html\" title=\"interface in net.dv8tion.jda.api.entities\"><code>Guild</code></a> instance for the <a href=\"#getGuildId()\"><code>guild id</code></a>.\n</div>"
            ],
            "deprecationElement": null,
            "details": {
                "PARAMETERS": [
                    "<dd>\n <code>api</code> - The shard to perform the lookup in\n</dd>"
                ],
                "RETURNS": [
                    "<dd>\n The Guild instance or null\n</dd>"
                ],
                "SINCE": [
                    "<dd>\n 4.0.0\n</dd>"
                ],
                "THROWS": [
                    "<dd>\n <code><a href=\"https://docs.oracle.com/javase/8/docs/api/java/lang/IllegalArgumentException.html\" title=\"class or interface in java.lang\" class=\"external-link\">IllegalArgumentException</a></code> - If the provided JDA instance is null\n</dd>"
                ]
            },
            "seeAlso": null
        }
    },
    "fields": {}
}