{
    "classNameFqcn": "net.dv8tion.jda.api.entities.channel.forums.BaseForumTag",
    "descriptionElements": [
        "<div class=\"block\">\n Information describing a forum tag.\n <br>\n This is an abstraction used to simplify managing tags.\n</div>"
    ],
    "deprecationElement": null,
    "details": {
        "SEE_ALSO": [
            "<dd>\n <ul class=\"see-list\">\n  <li><a href=\"ForumTag.html\" title=\"interface in net.dv8tion.jda.api.entities.channel.forums\"><code>ForumTag</code></a></li>\n  <li><a href=\"ForumTagData.html\" title=\"class in net.dv8tion.jda.api.entities.channel.forums\"><code>ForumTagData</code></a></li>\n  <li><a href=\"ForumTagSnowflake.html\" title=\"interface in net.dv8tion.jda.api.entities.channel.forums\"><code>ForumTagSnowflake</code></a></li>\n </ul>\n</dd>"
        ],
        "ALL_KNOWN_IMPLEMENTING_CLASSES": [
            "<dd>\n <code><a href=\"ForumTagData.html\" title=\"class in net.dv8tion.jda.api.entities.channel.forums\">ForumTagData</a></code>\n</dd>"
        ],
        "ALL_KNOWN_SUBINTERFACES": [
            "<dd>\n <code><a href=\"ForumTag.html\" title=\"interface in net.dv8tion.jda.api.entities.channel.forums\">ForumTag</a></code>\n</dd>"
        ],
        "SUPER_INTERFACES": [
            "<dd>\n <code><a href=\"../../../utils/data/SerializableData.html\" title=\"interface in net.dv8tion.jda.api.utils.data\">SerializableData</a></code>\n</dd>"
        ]
    },
    "seeAlso": {
        "references": [
            {
                "text": "ForumTag",
                "link": "https://docs.jda.wiki/net/dv8tion/jda/api/entities/channel/forums/ForumTag.html",
                "targetType": "CLASS",
                "fullSignature": "ForumTag"
            },
            {
                "text": "ForumTagData",
                "link": "https://docs.jda.wiki/net/dv8tion/jda/api/entities/channel/forums/ForumTagData.html",
                "targetType": "CLASS",
                "fullSignature": "ForumTagData"
            },
            {
                "text": "ForumTagSnowflake",
                "link": "https://docs.jda.wiki/net/dv8tion/jda/api/entities/channel/forums/ForumTagSnowflake.html",
                "targetType": "CLASS",
                "fullSignature": "ForumTagSnowflake"
            }
        ]
    },
    "methods": {
        "getEmoji()": {
            "elementId": "getEmoji()",
            "methodAnnotations": "@Nullable",
            "methodName": "getEmoji",
            "methodSignature": "@Nullable EmojiUnion getEmoji()",
            "parameters": [],
            "methodReturnType": "EmojiUnion",
            "isStatic": false,
            "descriptionElements": [
                "<div class=\"block\">\n The emoji used as the tag icon.\n <br>\n <b>For custom emoji, this will have an empty name and <a href=\"../../emoji/CustomEmoji.html#isAnimated()\"><code>CustomEmoji.isAnimated()</code></a> is always <code>false</code>, due to discord chicanery.</b>\n</div>"
            ],
            "deprecationElement": null,
            "details": {
                "RETURNS": [
                    "<dd>\n <a href=\"../../emoji/EmojiUnion.html\" title=\"interface in net.dv8tion.jda.api.entities.emoji\"><code>EmojiUnion</code></a> representing the tag emoji, or null if no emoji is applied.\n</dd>"
                ]
            },
            "seeAlso": null
        },
        "getName()": {
            "elementId": "getName()",
            "methodAnnotations": "@Nonnull",
            "methodName": "getName",
            "methodSignature": "@Nonnull String getName()",
            "parameters": [],
            "methodReturnType": "String",
            "isStatic": false,
            "descriptionElements": [
                "<div class=\"block\">The name of the tag.</div>"
            ],
            "deprecationElement": null,
            "details": {
                "RETURNS": [
                    "<dd>The name</dd>"
                ]
            },
            "seeAlso": null
        },
        "toData()": {
            "elementId": "toData()",
            "methodAnnotations": "@Nonnull",
            "methodName": "toData",
            "methodSignature": "@Nonnull default DataObject toData()",
            "parameters": [],
            "methodReturnType": "DataObject",
            "isStatic": false,
            "descriptionElements": [
                "<div class=\"block\">\n <span class=\"descfrm-type-label\">Description copied from interface:&nbsp;<code><a href=\"../../../utils/data/SerializableData.html#toData()\">SerializableData</a></code></span>\n</div>",
                "<div class=\"block\">\n Serialized <a href=\"../../../utils/data/DataObject.html\" title=\"class in net.dv8tion.jda.api.utils.data\"><code>DataObject</code></a> for this object.\n</div>"
            ],
            "deprecationElement": null,
            "details": {
                "RETURNS": [
                    "<dd>\n <a href=\"../../../utils/data/DataObject.html\" title=\"class in net.dv8tion.jda.api.utils.data\"><code>DataObject</code></a>\n</dd>"
                ],
                "SPECIFIED_BY": [
                    "<dd>\n <code><a href=\"../../../utils/data/SerializableData.html#toData()\">toData</a></code>&nbsp;in interface&nbsp;<code><a href=\"../../../utils/data/SerializableData.html\" title=\"interface in net.dv8tion.jda.api.utils.data\">SerializableData</a></code>\n</dd>"
                ]
            },
            "seeAlso": null
        },
        "isModerated()": {
            "elementId": "isModerated()",
            "methodAnnotations": null,
            "methodName": "isModerated",
            "methodSignature": "boolean isModerated()",
            "parameters": [],
            "methodReturnType": "boolean",
            "isStatic": false,
            "descriptionElements": [
                "<div class=\"block\">\n Whether this tag can only be applied by moderators with the <a href=\"../../../Permission.html#MANAGE_THREADS\"><code>MANAGE_THREADS</code></a> permission (aka Manage Posts).\n</div>"
            ],
            "deprecationElement": null,
            "details": {
                "RETURNS": [
                    "<dd>True, if this tag can only be applied by moderators with the required permission</dd>"
                ]
            },
            "seeAlso": null
        }
    },
    "fields": {}
}