{
    "classNameFqcn": "net.dv8tion.jda.api.entities.channel.forums.ForumTagSnowflake",
    "descriptionElements": [
        "<div class=\"block\">\n Minimal representation for a forum tag. \n <br>\n This is primarily useful for creating posts with <a href=\"../../../requests/restaction/ForumPostAction.html#setTags(java.util.Collection)\"><code>ForumPostAction.setTags(Collection)</code></a>.\n</div>"
    ],
    "deprecationElement": null,
    "details": {
        "ALL_KNOWN_SUBINTERFACES": [
            "<dd>\n <code><a href=\"ForumTag.html\" title=\"interface in net.dv8tion.jda.api.entities.channel.forums\">ForumTag</a></code>\n</dd>"
        ],
        "SUPER_INTERFACES": [
            "<dd>\n <code><a href=\"../../ISnowflake.html\" title=\"interface in net.dv8tion.jda.api.entities\">ISnowflake</a></code>\n</dd>"
        ]
    },
    "seeAlso": null,
    "methods": {
        "getId()": {
            "elementId": "getId()",
            "methodAnnotations": "@Nonnull",
            "methodName": "getId",
            "methodSignature": "@Nonnull default String getId()",
            "methodParameters": null,
            "methodReturnType": "String",
            "isStatic": false,
            "descriptionElements": [
                "<div class=\"block\">\n The Snowflake id of this entity. This is unique to every entity and will never change.\n</div>"
            ],
            "deprecationElement": null,
            "details": {
                "RETURNS": [
                    "<dd>\n Never-null String containing the Id.\n</dd>"
                ]
            },
            "seeAlso": null
        },
        "getTimeCreated()": {
            "elementId": "getTimeCreated()",
            "methodAnnotations": "@Nonnull",
            "methodName": "getTimeCreated",
            "methodSignature": "@Nonnull default OffsetDateTime getTimeCreated()",
            "methodParameters": null,
            "methodReturnType": "OffsetDateTime",
            "isStatic": false,
            "descriptionElements": [
                "<div class=\"block\">\n The time this entity was created. Calculated through the Snowflake in <a href=\"#getIdLong()\"><code>getIdLong()</code></a>.\n</div>"
            ],
            "deprecationElement": null,
            "details": {
                "RETURNS": [
                    "<dd>\n OffsetDateTime - Time this entity was created at.\n</dd>"
                ],
                "SEE_ALSO": [
                    "<dd>\n <ul class=\"see-list\">\n  <li><a href=\"../utils/TimeUtil.html#getTimeCreated(long)\"><code>TimeUtil.getTimeCreated(long)</code></a></li>\n </ul>\n</dd>"
                ]
            },
            "seeAlso": {
                "references": [
                    {
                        "text": "TimeUtil#getTimeCreated(long)",
                        "link": "https://docs.jda.wiki/net/dv8tion/jda/api/utils/TimeUtil.html#getTimeCreated(long)",
                        "targetType": "METHOD",
                        "fullSignature": "TimeUtil#getTimeCreated(long)"
                    }
                ]
            }
        },
        "fromId(java.lang.String)": {
            "elementId": "fromId(java.lang.String)",
            "methodAnnotations": "@Nonnull",
            "methodName": "fromId",
            "methodSignature": "@Nonnull static ForumTagSnowflake fromId(@Nonnull String id)",
            "methodParameters": {
                "originalText": "(@Nonnull String id)",
                "parameters": [
                    {
                        "annotations": [
                            "Nonnull"
                        ],
                        "type": "String",
                        "simpleType": "String",
                        "name": "id"
                    }
                ]
            },
            "methodReturnType": "ForumTagSnowflake",
            "isStatic": true,
            "descriptionElements": [
                "<div class=\"block\">\n Wraps the provided id into a ForumTagSnowflake instance.\n</div>"
            ],
            "deprecationElement": null,
            "details": {
                "PARAMETERS": [
                    "<dd>\n <code>id</code> - The id of an existing forum tag\n</dd>"
                ],
                "RETURNS": [
                    "<dd>\n ForumTagSnowflake instance for the provided id\n</dd>"
                ],
                "THROWS": [
                    "<dd>\n <code><a href=\"https://docs.oracle.com/javase/8/docs/api/java/lang/IllegalArgumentException.html\" title=\"class or interface in java.lang\" class=\"external-link\">IllegalArgumentException</a></code> - If the provided id is not a valid snowflake\n</dd>"
                ]
            },
            "seeAlso": null
        },
        "getIdLong()": {
            "elementId": "getIdLong()",
            "methodAnnotations": null,
            "methodName": "getIdLong",
            "methodSignature": "long getIdLong()",
            "methodParameters": null,
            "methodReturnType": "long",
            "isStatic": false,
            "descriptionElements": [
                "<div class=\"block\">\n The Snowflake id of this entity. This is unique to every entity and will never change.\n</div>"
            ],
            "deprecationElement": null,
            "details": {
                "RETURNS": [
                    "<dd>\n Long containing the Id.\n</dd>"
                ]
            },
            "seeAlso": null
        },
        "fromId(long)": {
            "elementId": "fromId(long)",
            "methodAnnotations": "@Nonnull",
            "methodName": "fromId",
            "methodSignature": "@Nonnull static ForumTagSnowflake fromId(long id)",
            "methodParameters": {
                "originalText": "(long id)",
                "parameters": [
                    {
                        "annotations": [],
                        "type": "long",
                        "simpleType": "long",
                        "name": "id"
                    }
                ]
            },
            "methodReturnType": "ForumTagSnowflake",
            "isStatic": true,
            "descriptionElements": [
                "<div class=\"block\">\n Wraps the provided id into a ForumTagSnowflake instance.\n</div>"
            ],
            "deprecationElement": null,
            "details": {
                "PARAMETERS": [
                    "<dd>\n <code>id</code> - The id of an existing forum tag\n</dd>"
                ],
                "RETURNS": [
                    "<dd>\n ForumTagSnowflake instance for the provided id\n</dd>"
                ]
            },
            "seeAlso": null
        }
    },
    "fields": {}
}