{
    "classNameFqcn": "net.dv8tion.jda.api.entities.automod.AutoModRule.KeywordPreset",
    "descriptionElements": [
        "<div class=\"block\">\n Keyword presets that can be used in <a href=\"AutoModRule.html#getFilteredPresets()\"><code>AutoModRule.getFilteredPresets()</code></a>.\n</div>"
    ],
    "deprecationElement": null,
    "details": {
        "ALL_IMPLEMENTED_INTERFACES": [
            "<dd>\n <code><a href=\"https://docs.oracle.com/javase/8/docs/api/java/io/Serializable.html\" title=\"class or interface in java.io\" class=\"external-link\">Serializable</a></code>, <code><a href=\"https://docs.oracle.com/javase/8/docs/api/java/lang/Comparable.html\" title=\"class or interface in java.lang\" class=\"external-link\">Comparable</a>&lt;<a href=\"AutoModRule.KeywordPreset.html\" title=\"enum in net.dv8tion.jda.api.entities.automod\">AutoModRule.KeywordPreset</a>&gt;</code>\n</dd>"
        ],
        "ENCLOSING_INTERFACE": [
            "<dd>\n <a href=\"AutoModRule.html\" title=\"interface in net.dv8tion.jda.api.entities.automod\">AutoModRule</a>\n</dd>"
        ]
    },
    "seeAlso": null,
    "methods": {
        "values()": {
            "elementId": "values()",
            "methodAnnotations": null,
            "methodName": "values",
            "methodSignature": "public static AutoModRule.KeywordPreset[] values()",
            "parameters": [],
            "methodReturnType": "AutoModRule.KeywordPreset[]",
            "isStatic": true,
            "descriptionElements": [
                "<div class=\"block\">Returns an array containing the constants of this enum type, in the order they are declared.</div>"
            ],
            "deprecationElement": null,
            "details": {
                "RETURNS": [
                    "<dd>an array containing the constants of this enum type, in the order they are declared</dd>"
                ]
            },
            "seeAlso": null
        },
        "valueOf(java.lang.String)": {
            "elementId": "valueOf(java.lang.String)",
            "methodAnnotations": null,
            "methodName": "valueOf",
            "methodSignature": "public static AutoModRule.KeywordPreset valueOf(String name)",
            "parameters": [
                {
                    "annotations": [],
                    "type": "java.lang.String",
                    "simpleType": "String",
                    "name": "name"
                }
            ],
            "methodReturnType": "AutoModRule.KeywordPreset",
            "isStatic": true,
            "descriptionElements": [
                "<div class=\"block\">\n Returns the enum constant of this type with the specified name. The string must match <i>exactly</i> an identifier used to declare an enum constant in this type. (Extraneous whitespace characters are not permitted.)\n</div>"
            ],
            "deprecationElement": null,
            "details": {
                "PARAMETERS": [
                    "<dd>\n <code>name</code> - the name of the enum constant to be returned.\n</dd>"
                ],
                "RETURNS": [
                    "<dd>the enum constant with the specified name</dd>"
                ],
                "THROWS": [
                    "<dd>\n <code><a href=\"https://docs.oracle.com/javase/8/docs/api/java/lang/IllegalArgumentException.html\" title=\"class or interface in java.lang\" class=\"external-link\">IllegalArgumentException</a></code> - if this enum type has no constant with the specified name\n</dd>",
                    "<dd>\n <code><a href=\"https://docs.oracle.com/javase/8/docs/api/java/lang/NullPointerException.html\" title=\"class or interface in java.lang\" class=\"external-link\">NullPointerException</a></code> - if the argument is null\n</dd>"
                ]
            },
            "seeAlso": null
        },
        "fromKey(int)": {
            "elementId": "fromKey(int)",
            "methodAnnotations": "@Nonnull",
            "methodName": "fromKey",
            "methodSignature": "@Nonnull public static AutoModRule.KeywordPreset fromKey(int key)",
            "parameters": [
                {
                    "annotations": [],
                    "type": "int",
                    "simpleType": "int",
                    "name": "key"
                }
            ],
            "methodReturnType": "AutoModRule.KeywordPreset",
            "isStatic": true,
            "descriptionElements": [
                "<div class=\"block\">\n The <a href=\"AutoModRule.KeywordPreset.html\" title=\"enum in net.dv8tion.jda.api.entities.automod\"><code>AutoModRule.KeywordPreset</code></a> represented by the provided key.\n</div>"
            ],
            "deprecationElement": null,
            "details": {
                "PARAMETERS": [
                    "<dd>\n <code>key</code> - The raw key\n</dd>"
                ],
                "RETURNS": [
                    "<dd>\n The <a href=\"AutoModRule.KeywordPreset.html\" title=\"enum in net.dv8tion.jda.api.entities.automod\"><code>AutoModRule.KeywordPreset</code></a> or <a href=\"#UNKNOWN\"><code>UNKNOWN</code></a>\n</dd>"
                ]
            },
            "seeAlso": null
        },
        "getKey()": {
            "elementId": "getKey()",
            "methodAnnotations": null,
            "methodName": "getKey",
            "methodSignature": "public int getKey()",
            "parameters": [],
            "methodReturnType": "int",
            "isStatic": false,
            "descriptionElements": [
                "<div class=\"block\">The raw value used by Discord to represent this preset.</div>"
            ],
            "deprecationElement": null,
            "details": {
                "RETURNS": [
                    "<dd>The raw value</dd>"
                ]
            },
            "seeAlso": null
        }
    },
    "fields": {
        "PROFANITY": {
            "elementId": "PROFANITY",
            "fieldName": "PROFANITY",
            "fieldType": "AutoModRule.KeywordPreset",
            "fieldValue": null,
            "descriptionElements": [
                "<div class=\"block\">Words that can be considered as swearing or cursing.</div>"
            ],
            "deprecationElement": null,
            "modifiers": "public static final"
        },
        "SEXUAL_CONTENT": {
            "elementId": "SEXUAL_CONTENT",
            "fieldName": "SEXUAL_CONTENT",
            "fieldType": "AutoModRule.KeywordPreset",
            "fieldValue": null,
            "descriptionElements": [
                "<div class=\"block\">Words that can be considered as sexual in nature.</div>"
            ],
            "deprecationElement": null,
            "modifiers": "public static final"
        },
        "SLURS": {
            "elementId": "SLURS",
            "fieldName": "SLURS",
            "fieldType": "AutoModRule.KeywordPreset",
            "fieldValue": null,
            "descriptionElements": [
                "<div class=\"block\">Words that can be considered as slurs or insults.</div>"
            ],
            "deprecationElement": null,
            "modifiers": "public static final"
        },
        "UNKNOWN": {
            "elementId": "UNKNOWN",
            "fieldName": "UNKNOWN",
            "fieldType": "AutoModRule.KeywordPreset",
            "fieldValue": null,
            "descriptionElements": [
                "<div class=\"block\">Placeholder for unknown values.</div>"
            ],
            "deprecationElement": null,
            "modifiers": "public static final"
        }
    }
}