{
    "classNameFqcn": "net.dv8tion.jda.api.entities.automod.AutoModTriggerType",
    "descriptionElements": [
        "<div class=\"block\">\n The type which defines what triggers an <a href=\"AutoModRule.html\" title=\"interface in net.dv8tion.jda.api.entities.automod\"><code>AutoModRule</code></a>.\n</div>"
    ],
    "deprecationElement": null,
    "details": {
        "ALL_IMPLEMENTED_INTERFACES": [
            "<dd>\n <code><a href=\"https://docs.oracle.com/javase/8/docs/api/java/io/Serializable.html\" title=\"class or interface in java.io\" class=\"external-link\">Serializable</a>, <a href=\"https://docs.oracle.com/javase/8/docs/api/java/lang/Comparable.html\" title=\"class or interface in java.lang\" class=\"external-link\">Comparable</a>&lt;<a href=\"AutoModTriggerType.html\" title=\"enum in net.dv8tion.jda.api.entities.automod\">AutoModTriggerType</a>&gt;</code>\n</dd>"
        ]
    },
    "seeAlso": null,
    "methods": {
        "values()": {
            "elementId": "values()",
            "methodAnnotations": null,
            "methodName": "values",
            "methodSignature": "public static AutoModTriggerType[] values()",
            "parameters": [],
            "methodReturnType": "AutoModTriggerType[]",
            "isStatic": true,
            "descriptionElements": [
                "<div class=\"block\">Returns an array containing the constants of this enum type, in the order they are declared.</div>"
            ],
            "deprecationElement": null,
            "details": {
                "RETURNS": [
                    "<dd>an array containing the constants of this enum type, in the order they are declared</dd>"
                ]
            },
            "seeAlso": null
        },
        "valueOf(java.lang.String)": {
            "elementId": "valueOf(java.lang.String)",
            "methodAnnotations": null,
            "methodName": "valueOf",
            "methodSignature": "public static AutoModTriggerType valueOf(String name)",
            "parameters": [
                {
                    "annotations": [],
                    "type": "java.lang.String",
                    "simpleType": "String",
                    "name": "name"
                }
            ],
            "methodReturnType": "AutoModTriggerType",
            "isStatic": true,
            "descriptionElements": [
                "<div class=\"block\">\n Returns the enum constant of this type with the specified name. The string must match <i>exactly</i> an identifier used to declare an enum constant in this type. (Extraneous whitespace characters are not permitted.)\n</div>"
            ],
            "deprecationElement": null,
            "details": {
                "PARAMETERS": [
                    "<dd>\n <code>name</code> - the name of the enum constant to be returned.\n</dd>"
                ],
                "RETURNS": [
                    "<dd>the enum constant with the specified name</dd>"
                ],
                "THROWS": [
                    "<dd>\n <code><a href=\"https://docs.oracle.com/javase/8/docs/api/java/lang/IllegalArgumentException.html\" title=\"class or interface in java.lang\" class=\"external-link\">IllegalArgumentException</a></code> - if this enum type has no constant with the specified name\n</dd>",
                    "<dd>\n <code><a href=\"https://docs.oracle.com/javase/8/docs/api/java/lang/NullPointerException.html\" title=\"class or interface in java.lang\" class=\"external-link\">NullPointerException</a></code> - if the argument is null\n</dd>"
                ]
            },
            "seeAlso": null
        },
        "getMaxPerGuild()": {
            "elementId": "getMaxPerGuild()",
            "methodAnnotations": null,
            "methodName": "getMaxPerGuild",
            "methodSignature": "public int getMaxPerGuild()",
            "parameters": [],
            "methodReturnType": "int",
            "isStatic": false,
            "descriptionElements": [
                "<div class=\"block\">The maximum number of rules that can use this trigger type in a guild.</div>"
            ],
            "deprecationElement": null,
            "details": {
                "RETURNS": [
                    "<dd>The maximum number of rules</dd>"
                ]
            },
            "seeAlso": null
        },
        "isEventTypeSupported(net.dv8tion.jda.api.entities.automod.AutoModEventType)": {
            "elementId": "isEventTypeSupported(net.dv8tion.jda.api.entities.automod.AutoModEventType)",
            "methodAnnotations": null,
            "methodName": "isEventTypeSupported",
            "methodSignature": "public boolean isEventTypeSupported(@Nonnull AutoModEventType type)",
            "parameters": [
                {
                    "annotations": [
                        "Nonnull"
                    ],
                    "type": "net.dv8tion.jda.api.entities.automod.AutoModEventType",
                    "simpleType": "AutoModEventType",
                    "name": "type"
                }
            ],
            "methodReturnType": "boolean",
            "isStatic": false,
            "descriptionElements": [
                "<div class=\"block\">\n Whether the provided <a href=\"AutoModEventType.html\" title=\"enum in net.dv8tion.jda.api.entities.automod\"><code>AutoModEventType</code></a> is supported by this trigger type.\n</div>"
            ],
            "deprecationElement": null,
            "details": {
                "PARAMETERS": [
                    "<dd>\n <code>type</code> - The event type to check\n</dd>"
                ],
                "RETURNS": [
                    "<dd>True, if the event type is supported</dd>"
                ]
            },
            "seeAlso": null
        },
        "fromKey(int)": {
            "elementId": "fromKey(int)",
            "methodAnnotations": "@Nonnull",
            "methodName": "fromKey",
            "methodSignature": "@Nonnull public static AutoModTriggerType fromKey(int key)",
            "parameters": [
                {
                    "annotations": [],
                    "type": "int",
                    "simpleType": "int",
                    "name": "key"
                }
            ],
            "methodReturnType": "AutoModTriggerType",
            "isStatic": true,
            "descriptionElements": [
                "<div class=\"block\">\n The <a href=\"AutoModTriggerType.html\" title=\"enum in net.dv8tion.jda.api.entities.automod\"><code>AutoModTriggerType</code></a> that matches the provided key.\n</div>"
            ],
            "deprecationElement": null,
            "details": {
                "PARAMETERS": [
                    "<dd>\n <code>key</code> - The key to match\n</dd>"
                ],
                "RETURNS": [
                    "<dd>\n The matching <a href=\"AutoModTriggerType.html\" title=\"enum in net.dv8tion.jda.api.entities.automod\"><code>AutoModTriggerType</code></a> or <a href=\"#UNKNOWN\"><code>UNKNOWN</code></a>\n</dd>"
                ]
            },
            "seeAlso": null
        },
        "getKey()": {
            "elementId": "getKey()",
            "methodAnnotations": null,
            "methodName": "getKey",
            "methodSignature": "public int getKey()",
            "parameters": [],
            "methodReturnType": "int",
            "isStatic": false,
            "descriptionElements": [
                "<div class=\"block\">The raw API key used to indicate this type.</div>"
            ],
            "deprecationElement": null,
            "details": {
                "RETURNS": [
                    "<dd>The int key</dd>"
                ]
            },
            "seeAlso": null
        },
        "getSupportedEventTypes()": {
            "elementId": "getSupportedEventTypes()",
            "methodAnnotations": "@Nonnull",
            "methodName": "getSupportedEventTypes",
            "methodSignature": "@Nonnull public EnumSet<AutoModEventType> getSupportedEventTypes()",
            "parameters": [],
            "methodReturnType": "EnumSet<AutoModEventType>",
            "isStatic": false,
            "descriptionElements": [
                "<div class=\"block\">\n The <a href=\"AutoModEventType.html\" title=\"enum in net.dv8tion.jda.api.entities.automod\"><code>AutoModEventTypes</code></a> that support this trigger type.\n</div>"
            ],
            "deprecationElement": null,
            "details": {
                "RETURNS": [
                    "<dd>The supported event types</dd>"
                ]
            },
            "seeAlso": null
        }
    },
    "fields": {
        "MEMBER_PROFILE_KEYWORD": {
            "elementId": "MEMBER_PROFILE_KEYWORD",
            "fieldName": "MEMBER_PROFILE_KEYWORD",
            "fieldType": "AutoModTriggerType",
            "fieldValue": null,
            "descriptionElements": [
                "<div class=\"block\">The rule is triggered by a member profile containing specific keywords or phrases.</div>"
            ],
            "deprecationElement": null,
            "modifiers": "public static final"
        },
        "KEYWORD_PRESET": {
            "elementId": "KEYWORD_PRESET",
            "fieldName": "KEYWORD_PRESET",
            "fieldType": "AutoModTriggerType",
            "fieldValue": null,
            "descriptionElements": [
                "<div class=\"block\">\n The rule is triggered by user message content containing keywords from a predefined list (such as <a href=\"AutoModRule.KeywordPreset.html#SLURS\"><code>slurs</code></a>).\n</div>"
            ],
            "deprecationElement": null,
            "modifiers": "public static final"
        },
        "KEYWORD": {
            "elementId": "KEYWORD",
            "fieldName": "KEYWORD",
            "fieldType": "AutoModTriggerType",
            "fieldValue": null,
            "descriptionElements": [
                "<div class=\"block\">The rule is triggered by user message content containing specific keywords or phrases.</div>"
            ],
            "deprecationElement": null,
            "modifiers": "public static final"
        },
        "MENTION_SPAM": {
            "elementId": "MENTION_SPAM",
            "fieldName": "MENTION_SPAM",
            "fieldType": "AutoModTriggerType",
            "fieldValue": null,
            "descriptionElements": [
                "<div class=\"block\">The rule is triggered by user message content containing more than the allowed number of mentions.</div>"
            ],
            "deprecationElement": null,
            "modifiers": "public static final"
        },
        "UNKNOWN": {
            "elementId": "UNKNOWN",
            "fieldName": "UNKNOWN",
            "fieldType": "AutoModTriggerType",
            "fieldValue": null,
            "descriptionElements": [
                "<div class=\"block\">Placeholder for unknown trigger types that haven't been added yet.</div>"
            ],
            "deprecationElement": null,
            "modifiers": "public static final"
        },
        "SPAM": {
            "elementId": "SPAM",
            "fieldName": "SPAM",
            "fieldType": "AutoModTriggerType",
            "fieldValue": null,
            "descriptionElements": [
                "<div class=\"block\">The rule is triggered by user message content containing classified spam content.</div>"
            ],
            "deprecationElement": null,
            "modifiers": "public static final"
        }
    }
}