{
    "classNameFqcn": "net.dv8tion.jda.api.events.GenericEvent",
    "descriptionElements": [
        "<div class=\"block\">\n Interface for events supported by <a href=\"../hooks/IEventManager.html\" title=\"interface in net.dv8tion.jda.api.hooks\"><code>EventManagers</code></a>.\n</div>"
    ],
    "deprecationElement": null,
    "details": {
        "SEE_ALSO": [
            "<dd>\n <ul class=\"see-list-long\">\n  <li><a href=\"../hooks/EventListener.html#onEvent(net.dv8tion.jda.api.events.GenericEvent)\"><code>EventListener.onEvent(GenericEvent)</code></a></li>\n </ul>\n</dd>"
        ],
        "ALL_KNOWN_IMPLEMENTING_CLASSES": [
            "<dd>\n <code><a href=\"interaction/command/ApplicationCommandUpdatePrivilegesEvent.html\" title=\"class in net.dv8tion.jda.api.events.interaction.command\">ApplicationCommandUpdatePrivilegesEvent</a></code>, <code><a href=\"interaction/command/ApplicationUpdatePrivilegesEvent.html\" title=\"class in net.dv8tion.jda.api.events.interaction.command\">ApplicationUpdatePrivilegesEvent</a></code>, <code><a href=\"automod/AutoModExecutionEvent.html\" title=\"class in net.dv8tion.jda.api.events.automod\">AutoModExecutionEvent</a></code>, <code><a href=\"automod/AutoModRuleCreateEvent.html\" title=\"class in net.dv8tion.jda.api.events.automod\">AutoModRuleCreateEvent</a></code>, <code><a href=\"automod/AutoModRuleDeleteEvent.html\" title=\"class in net.dv8tion.jda.api.events.automod\">AutoModRuleDeleteEvent</a></code>, <code><a href=\"automod/AutoModRuleUpdateEvent.html\" title=\"class in net.dv8tion.jda.api.events.automod\">AutoModRuleUpdateEvent</a></code>, <code><a href=\"interaction/component/ButtonInteractionEvent.html\" title=\"class in net.dv8tion.jda.api.events.interaction.component\">ButtonInteractionEvent</a></code>, <code><a href=\"channel/ChannelCreateEvent.html\" title=\"class in net.dv8tion.jda.api.events.channel\">ChannelCreateEvent</a></code>, <code><a href=\"channel/ChannelDeleteEvent.html\" title=\"class in net.dv8tion.jda.api.events.channel\">ChannelDeleteEvent</a></code>, <code><a href=\"channel/update/ChannelUpdateAppliedTagsEvent.html\" title=\"class in net.dv8tion.jda.api.events.channel.update\">ChannelUpdateAppliedTagsEvent</a></code>, <code><a href=\"channel/update/ChannelUpdateArchivedEvent.html\" title=\"class in net.dv8tion.jda.api.events.channel.update\">ChannelUpdateArchivedEvent</a></code>, <code><a href=\"channel/update/ChannelUpdateArchiveTimestampEvent.html\" title=\"class in net.dv8tion.jda.api.events.channel.update\">ChannelUpdateArchiveTimestampEvent</a></code>, <code><a href=\"channel/update/ChannelUpdateAutoArchiveDurationEvent.html\" title=\"class in net.dv8tion.jda.api.events.channel.update\">ChannelUpdateAutoArchiveDurationEvent</a></code>, <code><a href=\"channel/update/ChannelUpdateBitrateEvent.html\" title=\"class in net.dv8tion.jda.api.events.channel.update\">ChannelUpdateBitrateEvent</a></code>, <code><a href=\"channel/update/ChannelUpdateDefaultLayoutEvent.html\" title=\"class in net.dv8tion.jda.api.events.channel.update\">ChannelUpdateDefaultLayoutEvent</a></code>, <code><a href=\"channel/update/ChannelUpdateDefaultReactionEvent.html\" title=\"class in net.dv8tion.jda.api.events.channel.update\">ChannelUpdateDefaultReactionEvent</a></code>, <code><a href=\"channel/update/ChannelUpdateDefaultSortOrderEvent.html\" title=\"class in net.dv8tion.jda.api.events.channel.update\">ChannelUpdateDefaultSortOrderEvent</a></code>, <code><a href=\"channel/update/ChannelUpdateDefaultThreadSlowmodeEvent.html\" title=\"class in net.dv8tion.jda.api.events.channel.update\">ChannelUpdateDefaultThreadSlowmodeEvent</a></code>, <code><a href=\"channel/update/ChannelUpdateFlagsEvent.html\" title=\"class in net.dv8tion.jda.api.events.channel.update\">ChannelUpdateFlagsEvent</a></code>, <code><a href=\"channel/update/ChannelUpdateInvitableEvent.html\" title=\"class in net.dv8tion.jda.api.events.channel.update\">ChannelUpdateInvitableEvent</a></code>, <code><a href=\"channel/update/ChannelUpdateLockedEvent.html\" title=\"class in net.dv8tion.jda.api.events.channel.update\">ChannelUpdateLockedEvent</a></code>, <code><a href=\"channel/update/ChannelUpdateNameEvent.html\" title=\"class in net.dv8tion.jda.api.events.channel.update\">ChannelUpdateNameEvent</a></code>, <code><a href=\"channel/update/ChannelUpdateNSFWEvent.html\" title=\"class in net.dv8tion.jda.api.events.channel.update\">ChannelUpdateNSFWEvent</a></code>, <code><a href=\"channel/update/ChannelUpdateParentEvent.html\" title=\"class in net.dv8tion.jda.api.events.channel.update\">ChannelUpdateParentEvent</a></code>, <code><a href=\"channel/update/ChannelUpdatePositionEvent.html\" title=\"class in net.dv8tion.jda.api.events.channel.update\">ChannelUpdatePositionEvent</a></code>, <code><a href=\"channel/update/ChannelUpdateRegionEvent.html\" title=\"class in net.dv8tion.jda.api.events.channel.update\">ChannelUpdateRegionEvent</a></code>, <code><a href=\"channel/update/ChannelUpdateSlowmodeEvent.html\" title=\"class in net.dv8tion.jda.api.events.channel.update\">ChannelUpdateSlowmodeEvent</a></code>, <code><a href=\"channel/update/ChannelUpdateTopicEvent.html\" title=\"class in net.dv8tion.jda.api.events.channel.update\">ChannelUpdateTopicEvent</a></code>, <code><a href=\"channel/update/ChannelUpdateTypeEvent.html\" title=\"class in net.dv8tion.jda.api.events.channel.update\">ChannelUpdateTypeEvent</a></code>, <code><a href=\"channel/update/ChannelUpdateUserLimitEvent.html\" title=\"class in net.dv8tion.jda.api.events.channel.update\">ChannelUpdateUserLimitEvent</a></code>, <code><a href=\"channel/update/ChannelUpdateVoiceStatusEvent.html\" title=\"class in net.dv8tion.jda.api.events.channel.update\">ChannelUpdateVoiceStatusEvent</a></code>, <code><a href=\"interaction/command/CommandAutoCompleteInteractionEvent.html\" title=\"class in net.dv8tion.jda.api.events.interaction.command\">CommandAutoCompleteInteractionEvent</a></code>, <code><a href=\"emoji/EmojiAddedEvent.html\" title=\"class in net.dv8tion.jda.api.events.emoji\">EmojiAddedEvent</a></code>, <code><a href=\"emoji/EmojiRemovedEvent.html\" title=\"class in net.dv8tion.jda.api.events.emoji\">EmojiRemovedEvent</a></code>, <code><a href=\"emoji/update/EmojiUpdateNameEvent.html\" title=\"class in net.dv8tion.jda.api.events.emoji.update\">EmojiUpdateNameEvent</a></code>, <code><a href=\"emoji/update/EmojiUpdateRolesEvent.html\" title=\"class in net.dv8tion.jda.api.events.emoji.update\">EmojiUpdateRolesEvent</a></code>, <code><a href=\"entitlement/EntitlementCreateEvent.html\" title=\"class in net.dv8tion.jda.api.events.entitlement\">EntitlementCreateEvent</a></code>, <code><a href=\"entitlement/EntitlementDeleteEvent.html\" title=\"class in net.dv8tion.jda.api.events.entitlement\">EntitlementDeleteEvent</a></code>, <code><a href=\"entitlement/EntitlementUpdateEvent.html\" title=\"class in net.dv8tion.jda.api.events.entitlement\">EntitlementUpdateEvent</a></code>, <code><a href=\"interaction/component/EntitySelectInteractionEvent.html\" title=\"class in net.dv8tion.jda.api.events.interaction.component\">EntitySelectInteractionEvent</a></code>, <code><a href=\"Event.html\" title=\"class in net.dv8tion.jda.api.events\">Event</a></code>, <code><a href=\"ExceptionEvent.html\" title=\"class in net.dv8tion.jda.api.events\">ExceptionEvent</a></code>, <code><a href=\"channel/forum/ForumTagAddEvent.html\" title=\"class in net.dv8tion.jda.api.events.channel.forum\">ForumTagAddEvent</a></code>, <code><a href=\"channel/forum/ForumTagRemoveEvent.html\" title=\"class in net.dv8tion.jda.api.events.channel.forum\">ForumTagRemoveEvent</a></code>, <code><a href=\"channel/forum/update/ForumTagUpdateEmojiEvent.html\" title=\"class in net.dv8tion.jda.api.events.channel.forum.update\">ForumTagUpdateEmojiEvent</a></code>, <code><a href=\"channel/forum/update/ForumTagUpdateModeratedEvent.html\" title=\"class in net.dv8tion.jda.api.events.channel.forum.update\">ForumTagUpdateModeratedEvent</a></code>, <code><a href=\"channel/forum/update/ForumTagUpdateNameEvent.html\" title=\"class in net.dv8tion.jda.api.events.channel.forum.update\">ForumTagUpdateNameEvent</a></code>, <code><a href=\"GatewayPingEvent.html\" title=\"class in net.dv8tion.jda.api.events\">GatewayPingEvent</a></code>, <code><a href=\"interaction/GenericAutoCompleteInteractionEvent.html\" title=\"class in net.dv8tion.jda.api.events.interaction\">GenericAutoCompleteInteractionEvent</a></code>, <code><a href=\"automod/GenericAutoModRuleEvent.html\" title=\"class in net.dv8tion.jda.api.events.automod\">GenericAutoModRuleEvent</a></code>, <code><a href=\"channel/GenericChannelEvent.html\" title=\"class in net.dv8tion.jda.api.events.channel\">GenericChannelEvent</a></code>, <code><a href=\"channel/update/GenericChannelUpdateEvent.html\" title=\"class in net.dv8tion.jda.api.events.channel.update\">GenericChannelUpdateEvent</a></code>, <code><a href=\"interaction/command/GenericCommandInteractionEvent.html\" title=\"class in net.dv8tion.jda.api.events.interaction.command\">GenericCommandInteractionEvent</a></code>, <code><a href=\"interaction/component/GenericComponentInteractionCreateEvent.html\" title=\"class in net.dv8tion.jda.api.events.interaction.component\">GenericComponentInteractionCreateEvent</a></code>, <code><a href=\"interaction/command/GenericContextInteractionEvent.html\" title=\"class in net.dv8tion.jda.api.events.interaction.command\">GenericContextInteractionEvent</a></code>, <code><a href=\"emoji/GenericEmojiEvent.html\" title=\"class in net.dv8tion.jda.api.events.emoji\">GenericEmojiEvent</a></code>, <code><a href=\"emoji/update/GenericEmojiUpdateEvent.html\" title=\"class in net.dv8tion.jda.api.events.emoji.update\">GenericEmojiUpdateEvent</a></code>, <code><a href=\"entitlement/GenericEntitlementEvent.html\" title=\"class in net.dv8tion.jda.api.events.entitlement\">GenericEntitlementEvent</a></code>, <code><a href=\"channel/forum/GenericForumTagEvent.html\" title=\"class in net.dv8tion.jda.api.events.channel.forum\">GenericForumTagEvent</a></code>, <code><a href=\"channel/forum/update/GenericForumTagUpdateEvent.html\" title=\"class in net.dv8tion.jda.api.events.channel.forum.update\">GenericForumTagUpdateEvent</a></code>, <code><a href=\"guild/GenericGuildEvent.html\" title=\"class in net.dv8tion.jda.api.events.guild\">GenericGuildEvent</a></code>, <code><a href=\"guild/invite/GenericGuildInviteEvent.html\" title=\"class in net.dv8tion.jda.api.events.guild.invite\">GenericGuildInviteEvent</a></code>, <code><a href=\"guild/member/GenericGuildMemberEvent.html\" title=\"class in net.dv8tion.jda.api.events.guild.member\">GenericGuildMemberEvent</a></code>, <code><a href=\"guild/member/update/GenericGuildMemberUpdateEvent.html\" title=\"class in net.dv8tion.jda.api.events.guild.member.update\">GenericGuildMemberUpdateEvent</a></code>, <code><a href=\"sticker/GenericGuildStickerEvent.html\" title=\"class in net.dv8tion.jda.api.events.sticker\">GenericGuildStickerEvent</a></code>, <code><a href=\"sticker/update/GenericGuildStickerUpdateEvent.html\" title=\"class in net.dv8tion.jda.api.events.sticker.update\">GenericGuildStickerUpdateEvent</a></code>, <code><a href=\"guild/update/GenericGuildUpdateEvent.html\" title=\"class in net.dv8tion.jda.api.events.guild.update\">GenericGuildUpdateEvent</a></code>, <code><a href=\"guild/voice/GenericGuildVoiceEvent.html\" title=\"class in net.dv8tion.jda.api.events.guild.voice\">GenericGuildVoiceEvent</a></code>, <code><a href=\"interaction/GenericInteractionCreateEvent.html\" title=\"class in net.dv8tion.jda.api.events.interaction\">GenericInteractionCreateEvent</a></code>, <code><a href=\"message/GenericMessageEvent.html\" title=\"class in net.dv8tion.jda.api.events.message\">GenericMessageEvent</a></code>, <code><a href=\"message/poll/GenericMessagePollVoteEvent.html\" title=\"class in net.dv8tion.jda.api.events.message.poll\">GenericMessagePollVoteEvent</a></code>, <code><a href=\"message/react/GenericMessageReactionEvent.html\" title=\"class in net.dv8tion.jda.api.events.message.react\">GenericMessageReactionEvent</a></code>, <code><a href=\"guild/override/GenericPermissionOverrideEvent.html\" title=\"class in net.dv8tion.jda.api.events.guild.override\">GenericPermissionOverrideEvent</a></code>, <code><a href=\"interaction/command/GenericPrivilegeUpdateEvent.html\" title=\"class in net.dv8tion.jda.api.events.interaction.command\">GenericPrivilegeUpdateEvent</a></code>, <code><a href=\"role/GenericRoleEvent.html\" title=\"class in net.dv8tion.jda.api.events.role\">GenericRoleEvent</a></code>, <code><a href=\"role/update/GenericRoleUpdateEvent.html\" title=\"class in net.dv8tion.jda.api.events.role.update\">GenericRoleUpdateEvent</a></code>, <code><a href=\"guild/scheduledevent/GenericScheduledEventGatewayEvent.html\" title=\"class in net.dv8tion.jda.api.events.guild.scheduledevent\">GenericScheduledEventGatewayEvent</a></code>, <code><a href=\"guild/scheduledevent/update/GenericScheduledEventUpdateEvent.html\" title=\"class in net.dv8tion.jda.api.events.guild.scheduledevent.update\">GenericScheduledEventUpdateEvent</a></code>, <code><a href=\"guild/scheduledevent/GenericScheduledEventUserEvent.html\" title=\"class in net.dv8tion.jda.api.events.guild.scheduledevent\">GenericScheduledEventUserEvent</a></code>, <code><a href=\"interaction/component/GenericSelectMenuInteractionEvent.html\" title=\"class in net.dv8tion.jda.api.events.interaction.component\">GenericSelectMenuInteractionEvent</a></code>, <code><a href=\"self/GenericSelfUpdateEvent.html\" title=\"class in net.dv8tion.jda.api.events.self\">GenericSelfUpdateEvent</a></code>, <code><a href=\"session/GenericSessionEvent.html\" title=\"class in net.dv8tion.jda.api.events.session\">GenericSessionEvent</a></code>, <code><a href=\"stage/GenericStageInstanceEvent.html\" title=\"class in net.dv8tion.jda.api.events.stage\">GenericStageInstanceEvent</a></code>, <code><a href=\"stage/update/GenericStageInstanceUpdateEvent.html\" title=\"class in net.dv8tion.jda.api.events.stage.update\">GenericStageInstanceUpdateEvent</a></code>, <code><a href=\"thread/GenericThreadEvent.html\" title=\"class in net.dv8tion.jda.api.events.thread\">GenericThreadEvent</a></code>, <code><a href=\"thread/member/GenericThreadMemberEvent.html\" title=\"class in net.dv8tion.jda.api.events.thread.member\">GenericThreadMemberEvent</a></code>, <code><a href=\"user/GenericUserEvent.html\" title=\"class in net.dv8tion.jda.api.events.user\">GenericUserEvent</a></code>, <code><a href=\"user/update/GenericUserUpdateEvent.html\" title=\"class in net.dv8tion.jda.api.events.user.update\">GenericUserUpdateEvent</a></code>, <code><a href=\"guild/GuildAuditLogEntryCreateEvent.html\" title=\"class in net.dv8tion.jda.api.events.guild\">GuildAuditLogEntryCreateEvent</a></code>, <code><a href=\"guild/GuildAvailableEvent.html\" title=\"class in net.dv8tion.jda.api.events.guild\">GuildAvailableEvent</a></code>, <code><a href=\"guild/GuildBanEvent.html\" title=\"class in net.dv8tion.jda.api.events.guild\">GuildBanEvent</a></code>, <code><a href=\"guild/invite/GuildInviteCreateEvent.html\" title=\"class in net.dv8tion.jda.api.events.guild.invite\">GuildInviteCreateEvent</a></code>, <code><a href=\"guild/invite/GuildInviteDeleteEvent.html\" title=\"class in net.dv8tion.jda.api.events.guild.invite\">GuildInviteDeleteEvent</a></code>, <code><a href=\"guild/GuildJoinEvent.html\" title=\"class in net.dv8tion.jda.api.events.guild\">GuildJoinEvent</a></code>, <code><a href=\"guild/GuildLeaveEvent.html\" title=\"class in net.dv8tion.jda.api.events.guild\">GuildLeaveEvent</a></code>, <code><a href=\"guild/member/GuildMemberJoinEvent.html\" title=\"class in net.dv8tion.jda.api.events.guild.member\">GuildMemberJoinEvent</a></code>, <code><a href=\"guild/member/GuildMemberRemoveEvent.html\" title=\"class in net.dv8tion.jda.api.events.guild.member\">GuildMemberRemoveEvent</a></code>, <code><a href=\"guild/member/GuildMemberRoleAddEvent.html\" title=\"class in net.dv8tion.jda.api.events.guild.member\">GuildMemberRoleAddEvent</a></code>, <code><a href=\"guild/member/GuildMemberRoleRemoveEvent.html\" title=\"class in net.dv8tion.jda.api.events.guild.member\">GuildMemberRoleRemoveEvent</a></code>, <code><a href=\"guild/member/update/GuildMemberUpdateAvatarEvent.html\" title=\"class in net.dv8tion.jda.api.events.guild.member.update\">GuildMemberUpdateAvatarEvent</a></code>, <code><a href=\"guild/member/update/GuildMemberUpdateBoostTimeEvent.html\" title=\"class in net.dv8tion.jda.api.events.guild.member.update\">GuildMemberUpdateBoostTimeEvent</a></code>, <code><a href=\"guild/member/GuildMemberUpdateEvent.html\" title=\"class in net.dv8tion.jda.api.events.guild.member\">GuildMemberUpdateEvent</a></code>, <code><a href=\"guild/member/update/GuildMemberUpdateFlagsEvent.html\" title=\"class in net.dv8tion.jda.api.events.guild.member.update\">GuildMemberUpdateFlagsEvent</a></code>, <code><a href=\"guild/member/update/GuildMemberUpdateNicknameEvent.html\" title=\"class in net.dv8tion.jda.api.events.guild.member.update\">GuildMemberUpdateNicknameEvent</a></code>, <code><a href=\"guild/member/update/GuildMemberUpdatePendingEvent.html\" title=\"class in net.dv8tion.jda.api.events.guild.member.update\">GuildMemberUpdatePendingEvent</a></code>, <code><a href=\"guild/member/update/GuildMemberUpdateTimeOutEvent.html\" title=\"class in net.dv8tion.jda.api.events.guild.member.update\">GuildMemberUpdateTimeOutEvent</a></code>, <code><a href=\"guild/GuildReadyEvent.html\" title=\"class in net.dv8tion.jda.api.events.guild\">GuildReadyEvent</a></code>, <code><a href=\"sticker/GuildStickerAddedEvent.html\" title=\"class in net.dv8tion.jda.api.events.sticker\">GuildStickerAddedEvent</a></code>, <code><a href=\"sticker/GuildStickerRemovedEvent.html\" title=\"class in net.dv8tion.jda.api.events.sticker\">GuildStickerRemovedEvent</a></code>, <code><a href=\"sticker/update/GuildStickerUpdateAvailableEvent.html\" title=\"class in net.dv8tion.jda.api.events.sticker.update\">GuildStickerUpdateAvailableEvent</a></code>, <code><a href=\"sticker/update/GuildStickerUpdateDescriptionEvent.html\" title=\"class in net.dv8tion.jda.api.events.sticker.update\">GuildStickerUpdateDescriptionEvent</a></code>, <code><a href=\"sticker/update/GuildStickerUpdateNameEvent.html\" title=\"class in net.dv8tion.jda.api.events.sticker.update\">GuildStickerUpdateNameEvent</a></code>, <code><a href=\"sticker/update/GuildStickerUpdateTagsEvent.html\" title=\"class in net.dv8tion.jda.api.events.sticker.update\">GuildStickerUpdateTagsEvent</a></code>, <code><a href=\"guild/GuildTimeoutEvent.html\" title=\"class in net.dv8tion.jda.api.events.guild\">GuildTimeoutEvent</a></code>, <code><a href=\"guild/GuildUnavailableEvent.html\" title=\"class in net.dv8tion.jda.api.events.guild\">GuildUnavailableEvent</a></code>, <code><a href=\"guild/GuildUnbanEvent.html\" title=\"class in net.dv8tion.jda.api.events.guild\">GuildUnbanEvent</a></code>, <code><a href=\"guild/update/GuildUpdateAfkChannelEvent.html\" title=\"class in net.dv8tion.jda.api.events.guild.update\">GuildUpdateAfkChannelEvent</a></code>, <code><a href=\"guild/update/GuildUpdateAfkTimeoutEvent.html\" title=\"class in net.dv8tion.jda.api.events.guild.update\">GuildUpdateAfkTimeoutEvent</a></code>, <code><a href=\"guild/update/GuildUpdateBannerEvent.html\" title=\"class in net.dv8tion.jda.api.events.guild.update\">GuildUpdateBannerEvent</a></code>, <code><a href=\"guild/update/GuildUpdateBoostCountEvent.html\" title=\"class in net.dv8tion.jda.api.events.guild.update\">GuildUpdateBoostCountEvent</a></code>, <code><a href=\"guild/update/GuildUpdateBoostTierEvent.html\" title=\"class in net.dv8tion.jda.api.events.guild.update\">GuildUpdateBoostTierEvent</a></code>, <code><a href=\"guild/update/GuildUpdateCommunityUpdatesChannelEvent.html\" title=\"class in net.dv8tion.jda.api.events.guild.update\">GuildUpdateCommunityUpdatesChannelEvent</a></code>, <code><a href=\"guild/update/GuildUpdateDescriptionEvent.html\" title=\"class in net.dv8tion.jda.api.events.guild.update\">GuildUpdateDescriptionEvent</a></code>, <code><a href=\"guild/update/GuildUpdateExplicitContentLevelEvent.html\" title=\"class in net.dv8tion.jda.api.events.guild.update\">GuildUpdateExplicitContentLevelEvent</a></code>, <code><a href=\"guild/update/GuildUpdateFeaturesEvent.html\" title=\"class in net.dv8tion.jda.api.events.guild.update\">GuildUpdateFeaturesEvent</a></code>, <code><a href=\"guild/update/GuildUpdateIconEvent.html\" title=\"class in net.dv8tion.jda.api.events.guild.update\">GuildUpdateIconEvent</a></code>, <code><a href=\"guild/update/GuildUpdateLocaleEvent.html\" title=\"class in net.dv8tion.jda.api.events.guild.update\">GuildUpdateLocaleEvent</a></code>, <code><a href=\"guild/update/GuildUpdateMaxMembersEvent.html\" title=\"class in net.dv8tion.jda.api.events.guild.update\">GuildUpdateMaxMembersEvent</a></code>, <code><a href=\"guild/update/GuildUpdateMaxPresencesEvent.html\" title=\"class in net.dv8tion.jda.api.events.guild.update\">GuildUpdateMaxPresencesEvent</a></code>, <code><a href=\"guild/update/GuildUpdateMFALevelEvent.html\" title=\"class in net.dv8tion.jda.api.events.guild.update\">GuildUpdateMFALevelEvent</a></code>, <code><a href=\"guild/update/GuildUpdateNameEvent.html\" title=\"class in net.dv8tion.jda.api.events.guild.update\">GuildUpdateNameEvent</a></code>, <code><a href=\"guild/update/GuildUpdateNotificationLevelEvent.html\" title=\"class in net.dv8tion.jda.api.events.guild.update\">GuildUpdateNotificationLevelEvent</a></code>, <code><a href=\"guild/update/GuildUpdateNSFWLevelEvent.html\" title=\"class in net.dv8tion.jda.api.events.guild.update\">GuildUpdateNSFWLevelEvent</a></code>, <code><a href=\"guild/update/GuildUpdateOwnerEvent.html\" title=\"class in net.dv8tion.jda.api.events.guild.update\">GuildUpdateOwnerEvent</a></code>, <code><a href=\"guild/update/GuildUpdateRulesChannelEvent.html\" title=\"class in net.dv8tion.jda.api.events.guild.update\">GuildUpdateRulesChannelEvent</a></code>, <code><a href=\"guild/update/GuildUpdateSafetyAlertsChannelEvent.html\" title=\"class in net.dv8tion.jda.api.events.guild.update\">GuildUpdateSafetyAlertsChannelEvent</a></code>, <code><a href=\"guild/update/GuildUpdateSecurityIncidentActionsEvent.html\" title=\"class in net.dv8tion.jda.api.events.guild.update\">GuildUpdateSecurityIncidentActionsEvent</a></code>, <code><a href=\"guild/update/GuildUpdateSecurityIncidentDetectionsEvent.html\" title=\"class in net.dv8tion.jda.api.events.guild.update\">GuildUpdateSecurityIncidentDetectionsEvent</a></code>, <code><a href=\"guild/update/GuildUpdateSplashEvent.html\" title=\"class in net.dv8tion.jda.api.events.guild.update\">GuildUpdateSplashEvent</a></code>, <code><a href=\"guild/update/GuildUpdateSystemChannelEvent.html\" title=\"class in net.dv8tion.jda.api.events.guild.update\">GuildUpdateSystemChannelEvent</a></code>, <code><a href=\"guild/update/GuildUpdateVanityCodeEvent.html\" title=\"class in net.dv8tion.jda.api.events.guild.update\">GuildUpdateVanityCodeEvent</a></code>, <code><a href=\"guild/update/GuildUpdateVerificationLevelEvent.html\" title=\"class in net.dv8tion.jda.api.events.guild.update\">GuildUpdateVerificationLevelEvent</a></code>, <code><a href=\"guild/voice/GuildVoiceDeafenEvent.html\" title=\"class in net.dv8tion.jda.api.events.guild.voice\">GuildVoiceDeafenEvent</a></code>, <code><a href=\"guild/voice/GuildVoiceGuildDeafenEvent.html\" title=\"class in net.dv8tion.jda.api.events.guild.voice\">GuildVoiceGuildDeafenEvent</a></code>, <code><a href=\"guild/voice/GuildVoiceGuildMuteEvent.html\" title=\"class in net.dv8tion.jda.api.events.guild.voice\">GuildVoiceGuildMuteEvent</a></code>, <code><a href=\"guild/voice/GuildVoiceMuteEvent.html\" title=\"class in net.dv8tion.jda.api.events.guild.voice\">GuildVoiceMuteEvent</a></code>, <code><a href=\"guild/voice/GuildVoiceRequestToSpeakEvent.html\" title=\"class in net.dv8tion.jda.api.events.guild.voice\">GuildVoiceRequestToSpeakEvent</a></code>, <code><a href=\"guild/voice/GuildVoiceSelfDeafenEvent.html\" title=\"class in net.dv8tion.jda.api.events.guild.voice\">GuildVoiceSelfDeafenEvent</a></code>, <code><a href=\"guild/voice/GuildVoiceSelfMuteEvent.html\" title=\"class in net.dv8tion.jda.api.events.guild.voice\">GuildVoiceSelfMuteEvent</a></code>, <code><a href=\"guild/voice/GuildVoiceStreamEvent.html\" title=\"class in net.dv8tion.jda.api.events.guild.voice\">GuildVoiceStreamEvent</a></code>, <code><a href=\"guild/voice/GuildVoiceSuppressEvent.html\" title=\"class in net.dv8tion.jda.api.events.guild.voice\">GuildVoiceSuppressEvent</a></code>, <code><a href=\"guild/voice/GuildVoiceUpdateEvent.html\" title=\"class in net.dv8tion.jda.api.events.guild.voice\">GuildVoiceUpdateEvent</a></code>, <code><a href=\"guild/voice/GuildVoiceVideoEvent.html\" title=\"class in net.dv8tion.jda.api.events.guild.voice\">GuildVoiceVideoEvent</a></code>, <code><a href=\"http/HttpRequestEvent.html\" title=\"class in net.dv8tion.jda.api.events.http\">HttpRequestEvent</a></code>, <code><a href=\"message/MessageBulkDeleteEvent.html\" title=\"class in net.dv8tion.jda.api.events.message\">MessageBulkDeleteEvent</a></code>, <code><a href=\"interaction/command/MessageContextInteractionEvent.html\" title=\"class in net.dv8tion.jda.api.events.interaction.command\">MessageContextInteractionEvent</a></code>, <code><a href=\"message/MessageDeleteEvent.html\" title=\"class in net.dv8tion.jda.api.events.message\">MessageDeleteEvent</a></code>, <code><a href=\"message/poll/MessagePollVoteAddEvent.html\" title=\"class in net.dv8tion.jda.api.events.message.poll\">MessagePollVoteAddEvent</a></code>, <code><a href=\"message/poll/MessagePollVoteRemoveEvent.html\" title=\"class in net.dv8tion.jda.api.events.message.poll\">MessagePollVoteRemoveEvent</a></code>, <code><a href=\"message/react/MessageReactionAddEvent.html\" title=\"class in net.dv8tion.jda.api.events.message.react\">MessageReactionAddEvent</a></code>, <code><a href=\"message/react/MessageReactionRemoveAllEvent.html\" title=\"class in net.dv8tion.jda.api.events.message.react\">MessageReactionRemoveAllEvent</a></code>, <code><a href=\"message/react/MessageReactionRemoveEmojiEvent.html\" title=\"class in net.dv8tion.jda.api.events.message.react\">MessageReactionRemoveEmojiEvent</a></code>, <code><a href=\"message/react/MessageReactionRemoveEvent.html\" title=\"class in net.dv8tion.jda.api.events.message.react\">MessageReactionRemoveEvent</a></code>, <code><a href=\"message/MessageReceivedEvent.html\" title=\"class in net.dv8tion.jda.api.events.message\">MessageReceivedEvent</a></code>, <code><a href=\"message/MessageUpdateEvent.html\" title=\"class in net.dv8tion.jda.api.events.message\">MessageUpdateEvent</a></code>, <code><a href=\"interaction/ModalInteractionEvent.html\" title=\"class in net.dv8tion.jda.api.events.interaction\">ModalInteractionEvent</a></code>, <code><a href=\"guild/override/PermissionOverrideCreateEvent.html\" title=\"class in net.dv8tion.jda.api.events.guild.override\">PermissionOverrideCreateEvent</a></code>, <code><a href=\"guild/override/PermissionOverrideDeleteEvent.html\" title=\"class in net.dv8tion.jda.api.events.guild.override\">PermissionOverrideDeleteEvent</a></code>, <code><a href=\"guild/override/PermissionOverrideUpdateEvent.html\" title=\"class in net.dv8tion.jda.api.events.guild.override\">PermissionOverrideUpdateEvent</a></code>, <code><a href=\"RawGatewayEvent.html\" title=\"class in net.dv8tion.jda.api.events\">RawGatewayEvent</a></code>, <code><a href=\"session/ReadyEvent.html\" title=\"class in net.dv8tion.jda.api.events.session\">ReadyEvent</a></code>, <code><a href=\"role/RoleCreateEvent.html\" title=\"class in net.dv8tion.jda.api.events.role\">RoleCreateEvent</a></code>, <code><a href=\"role/RoleDeleteEvent.html\" title=\"class in net.dv8tion.jda.api.events.role\">RoleDeleteEvent</a></code>, <code><a href=\"role/update/RoleUpdateColorEvent.html\" title=\"class in net.dv8tion.jda.api.events.role.update\">RoleUpdateColorEvent</a></code>, <code><a href=\"role/update/RoleUpdateHoistedEvent.html\" title=\"class in net.dv8tion.jda.api.events.role.update\">RoleUpdateHoistedEvent</a></code>, <code><a href=\"role/update/RoleUpdateIconEvent.html\" title=\"class in net.dv8tion.jda.api.events.role.update\">RoleUpdateIconEvent</a></code>, <code><a href=\"role/update/RoleUpdateMentionableEvent.html\" title=\"class in net.dv8tion.jda.api.events.role.update\">RoleUpdateMentionableEvent</a></code>, <code><a href=\"role/update/RoleUpdateNameEvent.html\" title=\"class in net.dv8tion.jda.api.events.role.update\">RoleUpdateNameEvent</a></code>, <code><a href=\"role/update/RoleUpdatePermissionsEvent.html\" title=\"class in net.dv8tion.jda.api.events.role.update\">RoleUpdatePermissionsEvent</a></code>, <code><a href=\"role/update/RoleUpdatePositionEvent.html\" title=\"class in net.dv8tion.jda.api.events.role.update\">RoleUpdatePositionEvent</a></code>, <code><a href=\"guild/scheduledevent/ScheduledEventCreateEvent.html\" title=\"class in net.dv8tion.jda.api.events.guild.scheduledevent\">ScheduledEventCreateEvent</a></code>, <code><a href=\"guild/scheduledevent/ScheduledEventDeleteEvent.html\" title=\"class in net.dv8tion.jda.api.events.guild.scheduledevent\">ScheduledEventDeleteEvent</a></code>, <code><a href=\"guild/scheduledevent/update/ScheduledEventUpdateDescriptionEvent.html\" title=\"class in net.dv8tion.jda.api.events.guild.scheduledevent.update\">ScheduledEventUpdateDescriptionEvent</a></code>, <code><a href=\"guild/scheduledevent/update/ScheduledEventUpdateEndTimeEvent.html\" title=\"class in net.dv8tion.jda.api.events.guild.scheduledevent.update\">ScheduledEventUpdateEndTimeEvent</a></code>, <code><a href=\"guild/scheduledevent/update/ScheduledEventUpdateImageEvent.html\" title=\"class in net.dv8tion.jda.api.events.guild.scheduledevent.update\">ScheduledEventUpdateImageEvent</a></code>, <code><a href=\"guild/scheduledevent/update/ScheduledEventUpdateLocationEvent.html\" title=\"class in net.dv8tion.jda.api.events.guild.scheduledevent.update\">ScheduledEventUpdateLocationEvent</a></code>, <code><a href=\"guild/scheduledevent/update/ScheduledEventUpdateNameEvent.html\" title=\"class in net.dv8tion.jda.api.events.guild.scheduledevent.update\">ScheduledEventUpdateNameEvent</a></code>, <code><a href=\"guild/scheduledevent/update/ScheduledEventUpdateStartTimeEvent.html\" title=\"class in net.dv8tion.jda.api.events.guild.scheduledevent.update\">ScheduledEventUpdateStartTimeEvent</a></code>, <code><a href=\"guild/scheduledevent/update/ScheduledEventUpdateStatusEvent.html\" title=\"class in net.dv8tion.jda.api.events.guild.scheduledevent.update\">ScheduledEventUpdateStatusEvent</a></code>, <code><a href=\"guild/scheduledevent/ScheduledEventUserAddEvent.html\" title=\"class in net.dv8tion.jda.api.events.guild.scheduledevent\">ScheduledEventUserAddEvent</a></code>, <code><a href=\"guild/scheduledevent/ScheduledEventUserRemoveEvent.html\" title=\"class in net.dv8tion.jda.api.events.guild.scheduledevent\">ScheduledEventUserRemoveEvent</a></code>, <code><a href=\"self/SelfUpdateAvatarEvent.html\" title=\"class in net.dv8tion.jda.api.events.self\">SelfUpdateAvatarEvent</a></code>, <code><a href=\"self/SelfUpdateDiscriminatorEvent.html\" title=\"class in net.dv8tion.jda.api.events.self\">SelfUpdateDiscriminatorEvent</a></code>, <code><a href=\"self/SelfUpdateGlobalNameEvent.html\" title=\"class in net.dv8tion.jda.api.events.self\">SelfUpdateGlobalNameEvent</a></code>, <code><a href=\"self/SelfUpdateMFAEvent.html\" title=\"class in net.dv8tion.jda.api.events.self\">SelfUpdateMFAEvent</a></code>, <code><a href=\"self/SelfUpdateNameEvent.html\" title=\"class in net.dv8tion.jda.api.events.self\">SelfUpdateNameEvent</a></code>, <code><a href=\"self/SelfUpdateVerifiedEvent.html\" title=\"class in net.dv8tion.jda.api.events.self\">SelfUpdateVerifiedEvent</a></code>, <code><a href=\"session/SessionDisconnectEvent.html\" title=\"class in net.dv8tion.jda.api.events.session\">SessionDisconnectEvent</a></code>, <code><a href=\"session/SessionInvalidateEvent.html\" title=\"class in net.dv8tion.jda.api.events.session\">SessionInvalidateEvent</a></code>, <code><a href=\"session/SessionRecreateEvent.html\" title=\"class in net.dv8tion.jda.api.events.session\">SessionRecreateEvent</a></code>, <code><a href=\"session/SessionResumeEvent.html\" title=\"class in net.dv8tion.jda.api.events.session\">SessionResumeEvent</a></code>, <code><a href=\"session/ShutdownEvent.html\" title=\"class in net.dv8tion.jda.api.events.session\">ShutdownEvent</a></code>, <code><a href=\"interaction/command/SlashCommandInteractionEvent.html\" title=\"class in net.dv8tion.jda.api.events.interaction.command\">SlashCommandInteractionEvent</a></code>, <code><a href=\"stage/StageInstanceCreateEvent.html\" title=\"class in net.dv8tion.jda.api.events.stage\">StageInstanceCreateEvent</a></code>, <code><a href=\"stage/StageInstanceDeleteEvent.html\" title=\"class in net.dv8tion.jda.api.events.stage\">StageInstanceDeleteEvent</a></code>, <code><a href=\"stage/update/StageInstanceUpdatePrivacyLevelEvent.html\" title=\"class in net.dv8tion.jda.api.events.stage.update\">StageInstanceUpdatePrivacyLevelEvent</a></code>, <code><a href=\"stage/update/StageInstanceUpdateTopicEvent.html\" title=\"class in net.dv8tion.jda.api.events.stage.update\">StageInstanceUpdateTopicEvent</a></code>, <code><a href=\"StatusChangeEvent.html\" title=\"class in net.dv8tion.jda.api.events\">StatusChangeEvent</a></code>, <code><a href=\"interaction/component/StringSelectInteractionEvent.html\" title=\"class in net.dv8tion.jda.api.events.interaction.component\">StringSelectInteractionEvent</a></code>, <code><a href=\"thread/ThreadHiddenEvent.html\" title=\"class in net.dv8tion.jda.api.events.thread\">ThreadHiddenEvent</a></code>, <code><a href=\"thread/member/ThreadMemberJoinEvent.html\" title=\"class in net.dv8tion.jda.api.events.thread.member\">ThreadMemberJoinEvent</a></code>, <code><a href=\"thread/member/ThreadMemberLeaveEvent.html\" title=\"class in net.dv8tion.jda.api.events.thread.member\">ThreadMemberLeaveEvent</a></code>, <code><a href=\"thread/ThreadRevealedEvent.html\" title=\"class in net.dv8tion.jda.api.events.thread\">ThreadRevealedEvent</a></code>, <code><a href=\"guild/UnavailableGuildJoinedEvent.html\" title=\"class in net.dv8tion.jda.api.events.guild\">UnavailableGuildJoinedEvent</a></code>, <code><a href=\"guild/UnavailableGuildLeaveEvent.html\" title=\"class in net.dv8tion.jda.api.events.guild\">UnavailableGuildLeaveEvent</a></code>, <code><a href=\"user/UserActivityEndEvent.html\" title=\"class in net.dv8tion.jda.api.events.user\">UserActivityEndEvent</a></code>, <code><a href=\"user/UserActivityStartEvent.html\" title=\"class in net.dv8tion.jda.api.events.user\">UserActivityStartEvent</a></code>, <code><a href=\"interaction/command/UserContextInteractionEvent.html\" title=\"class in net.dv8tion.jda.api.events.interaction.command\">UserContextInteractionEvent</a></code>, <code><a href=\"user/UserTypingEvent.html\" title=\"class in net.dv8tion.jda.api.events.user\">UserTypingEvent</a></code>, <code><a href=\"user/update/UserUpdateActivitiesEvent.html\" title=\"class in net.dv8tion.jda.api.events.user.update\">UserUpdateActivitiesEvent</a></code>, <code><a href=\"user/update/UserUpdateActivityOrderEvent.html\" title=\"class in net.dv8tion.jda.api.events.user.update\">UserUpdateActivityOrderEvent</a></code>, <code><a href=\"user/update/UserUpdateAvatarEvent.html\" title=\"class in net.dv8tion.jda.api.events.user.update\">UserUpdateAvatarEvent</a></code>, <code><a href=\"user/update/UserUpdateDiscriminatorEvent.html\" title=\"class in net.dv8tion.jda.api.events.user.update\">UserUpdateDiscriminatorEvent</a></code>, <code><a href=\"user/update/UserUpdateFlagsEvent.html\" title=\"class in net.dv8tion.jda.api.events.user.update\">UserUpdateFlagsEvent</a></code>, <code><a href=\"user/update/UserUpdateGlobalNameEvent.html\" title=\"class in net.dv8tion.jda.api.events.user.update\">UserUpdateGlobalNameEvent</a></code>, <code><a href=\"user/update/UserUpdateNameEvent.html\" title=\"class in net.dv8tion.jda.api.events.user.update\">UserUpdateNameEvent</a></code>, <code><a href=\"user/update/UserUpdateOnlineStatusEvent.html\" title=\"class in net.dv8tion.jda.api.events.user.update\">UserUpdateOnlineStatusEvent</a></code>\n</dd>"
        ],
        "ALL_KNOWN_SUBINTERFACES": [
            "<dd>\n <code><a href=\"user/update/GenericUserPresenceEvent.html\" title=\"interface in net.dv8tion.jda.api.events.user.update\">GenericUserPresenceEvent</a></code>, <code><a href=\"UpdateEvent.html\" title=\"interface in net.dv8tion.jda.api.events\">UpdateEvent</a>&lt;E,<wbr>T&gt;</code>\n</dd>"
        ]
    },
    "seeAlso": {
        "references": [
            {
                "text": "EventListener#onEvent(GenericEvent)",
                "link": "https://docs.jda.wiki/net/dv8tion/jda/api/hooks/EventListener.html#onEvent(net.dv8tion.jda.api.events.GenericEvent)",
                "targetType": "METHOD",
                "fullSignature": "EventListener#onEvent(GenericEvent)"
            }
        ]
    },
    "methods": {
        "getJDA()": {
            "elementId": "getJDA()",
            "methodAnnotations": "@Nonnull",
            "methodName": "getJDA",
            "methodSignature": "@Nonnull JDA getJDA()",
            "parameters": [],
            "methodReturnType": "JDA",
            "isStatic": false,
            "descriptionElements": [
                "<div class=\"block\">\n The current JDA instance corresponding to this Event\n</div>"
            ],
            "deprecationElement": null,
            "details": {
                "RETURNS": [
                    "<dd>\n The corresponding JDA instance\n</dd>"
                ]
            },
            "seeAlso": null
        },
        "getResponseNumber()": {
            "elementId": "getResponseNumber()",
            "methodAnnotations": null,
            "methodName": "getResponseNumber",
            "methodSignature": "long getResponseNumber()",
            "parameters": [],
            "methodReturnType": "long",
            "isStatic": false,
            "descriptionElements": [
                "<div class=\"block\">\n The current sequence for this event. \n <br>\n This can be used to keep events in order when making sequencing system.\n</div>"
            ],
            "deprecationElement": null,
            "details": {
                "RETURNS": [
                    "<dd>\n The current sequence number for this event\n</dd>"
                ]
            },
            "seeAlso": null
        },
        "getRawData()": {
            "elementId": "getRawData()",
            "methodAnnotations": "@Nullable",
            "methodName": "getRawData",
            "methodSignature": "@Nullable DataObject getRawData()",
            "parameters": [],
            "methodReturnType": "DataObject",
            "isStatic": false,
            "descriptionElements": [
                "<div class=\"block\">\n The passthrough data that this event was serialized from. This data might be null in rare situations, for example, if the event came from a rest action. \n <br>\n This provides the full gateway message payload, including sequence, event name and dispatch type. For details, read the official <a href=\"https://discord.dev/topics/gateway\" target=\"_blank\">Discord Documentation</a>.\n</div>"
            ],
            "deprecationElement": null,
            "details": {
                "RETURNS": [
                    "<dd>\n The corresponding <a href=\"../utils/data/DataObject.html\" title=\"class in net.dv8tion.jda.api.utils.data\"><code>DataObject</code></a>\n</dd>"
                ],
                "THROWS": [
                    "<dd>\n <code><a href=\"https://docs.oracle.com/javase/8/docs/api/java/lang/IllegalStateException.html\" title=\"class or interface in java.lang\" class=\"external-link\">IllegalStateException</a></code> - If event passthrough was not enabled, see <a href=\"../JDABuilder.html#setEventPassthrough(boolean)\"><code>JDABuilder#setEventPassthrough(boolean)</code></a>\n</dd>"
                ]
            },
            "seeAlso": null
        }
    },
    "fields": {}
}