{
    "classNameFqcn": "net.dv8tion.jda.api.events.UpdateEvent",
    "descriptionElements": [
        "<div class=\"block\">Indicates that a value of an entity was updated</div>"
    ],
    "deprecationElement": null,
    "details": {
        "TYPE_PARAMETERS": [
            "<dd>\n <span id=\"type-param-E\"><code>E</code> - The entity type</span>\n</dd>",
            "<dd>\n <span id=\"type-param-T\"><code>T</code> - The value type</span>\n</dd>"
        ],
        "ALL_KNOWN_IMPLEMENTING_CLASSES": [
            "<dd>\n <code><a href=\"channel/update/ChannelUpdateAppliedTagsEvent.html\" title=\"class in net.dv8tion.jda.api.events.channel.update\">ChannelUpdateAppliedTagsEvent</a>, <a href=\"channel/update/ChannelUpdateArchivedEvent.html\" title=\"class in net.dv8tion.jda.api.events.channel.update\">ChannelUpdateArchivedEvent</a>, <a href=\"channel/update/ChannelUpdateArchiveTimestampEvent.html\" title=\"class in net.dv8tion.jda.api.events.channel.update\">ChannelUpdateArchiveTimestampEvent</a>, <a href=\"channel/update/ChannelUpdateAutoArchiveDurationEvent.html\" title=\"class in net.dv8tion.jda.api.events.channel.update\">ChannelUpdateAutoArchiveDurationEvent</a>, <a href=\"channel/update/ChannelUpdateBitrateEvent.html\" title=\"class in net.dv8tion.jda.api.events.channel.update\">ChannelUpdateBitrateEvent</a>, <a href=\"channel/update/ChannelUpdateDefaultLayoutEvent.html\" title=\"class in net.dv8tion.jda.api.events.channel.update\">ChannelUpdateDefaultLayoutEvent</a>, <a href=\"channel/update/ChannelUpdateDefaultReactionEvent.html\" title=\"class in net.dv8tion.jda.api.events.channel.update\">ChannelUpdateDefaultReactionEvent</a>, <a href=\"channel/update/ChannelUpdateDefaultSortOrderEvent.html\" title=\"class in net.dv8tion.jda.api.events.channel.update\">ChannelUpdateDefaultSortOrderEvent</a>, <a href=\"channel/update/ChannelUpdateDefaultThreadSlowmodeEvent.html\" title=\"class in net.dv8tion.jda.api.events.channel.update\">ChannelUpdateDefaultThreadSlowmodeEvent</a>, <a href=\"channel/update/ChannelUpdateFlagsEvent.html\" title=\"class in net.dv8tion.jda.api.events.channel.update\">ChannelUpdateFlagsEvent</a>, <a href=\"channel/update/ChannelUpdateInvitableEvent.html\" title=\"class in net.dv8tion.jda.api.events.channel.update\">ChannelUpdateInvitableEvent</a>, <a href=\"channel/update/ChannelUpdateLockedEvent.html\" title=\"class in net.dv8tion.jda.api.events.channel.update\">ChannelUpdateLockedEvent</a>, <a href=\"channel/update/ChannelUpdateNameEvent.html\" title=\"class in net.dv8tion.jda.api.events.channel.update\">ChannelUpdateNameEvent</a>, <a href=\"channel/update/ChannelUpdateNSFWEvent.html\" title=\"class in net.dv8tion.jda.api.events.channel.update\">ChannelUpdateNSFWEvent</a>, <a href=\"channel/update/ChannelUpdateParentEvent.html\" title=\"class in net.dv8tion.jda.api.events.channel.update\">ChannelUpdateParentEvent</a>, <a href=\"channel/update/ChannelUpdatePositionEvent.html\" title=\"class in net.dv8tion.jda.api.events.channel.update\">ChannelUpdatePositionEvent</a>, <a href=\"channel/update/ChannelUpdateRegionEvent.html\" title=\"class in net.dv8tion.jda.api.events.channel.update\">ChannelUpdateRegionEvent</a>, <a href=\"channel/update/ChannelUpdateSlowmodeEvent.html\" title=\"class in net.dv8tion.jda.api.events.channel.update\">ChannelUpdateSlowmodeEvent</a>, <a href=\"channel/update/ChannelUpdateTopicEvent.html\" title=\"class in net.dv8tion.jda.api.events.channel.update\">ChannelUpdateTopicEvent</a>, <a href=\"channel/update/ChannelUpdateTypeEvent.html\" title=\"class in net.dv8tion.jda.api.events.channel.update\">ChannelUpdateTypeEvent</a>, <a href=\"channel/update/ChannelUpdateUserLimitEvent.html\" title=\"class in net.dv8tion.jda.api.events.channel.update\">ChannelUpdateUserLimitEvent</a>, <a href=\"channel/update/ChannelUpdateVoiceStatusEvent.html\" title=\"class in net.dv8tion.jda.api.events.channel.update\">ChannelUpdateVoiceStatusEvent</a>, <a href=\"emoji/update/EmojiUpdateNameEvent.html\" title=\"class in net.dv8tion.jda.api.events.emoji.update\">EmojiUpdateNameEvent</a>, <a href=\"emoji/update/EmojiUpdateRolesEvent.html\" title=\"class in net.dv8tion.jda.api.events.emoji.update\">EmojiUpdateRolesEvent</a>, <a href=\"channel/forum/update/ForumTagUpdateEmojiEvent.html\" title=\"class in net.dv8tion.jda.api.events.channel.forum.update\">ForumTagUpdateEmojiEvent</a>, <a href=\"channel/forum/update/ForumTagUpdateModeratedEvent.html\" title=\"class in net.dv8tion.jda.api.events.channel.forum.update\">ForumTagUpdateModeratedEvent</a>, <a href=\"channel/forum/update/ForumTagUpdateNameEvent.html\" title=\"class in net.dv8tion.jda.api.events.channel.forum.update\">ForumTagUpdateNameEvent</a>, <a href=\"GatewayPingEvent.html\" title=\"class in net.dv8tion.jda.api.events\">GatewayPingEvent</a>, <a href=\"channel/update/GenericChannelUpdateEvent.html\" title=\"class in net.dv8tion.jda.api.events.channel.update\">GenericChannelUpdateEvent</a>, <a href=\"emoji/update/GenericEmojiUpdateEvent.html\" title=\"class in net.dv8tion.jda.api.events.emoji.update\">GenericEmojiUpdateEvent</a>, <a href=\"channel/forum/update/GenericForumTagUpdateEvent.html\" title=\"class in net.dv8tion.jda.api.events.channel.forum.update\">GenericForumTagUpdateEvent</a>, <a href=\"guild/member/update/GenericGuildMemberUpdateEvent.html\" title=\"class in net.dv8tion.jda.api.events.guild.member.update\">GenericGuildMemberUpdateEvent</a>, <a href=\"sticker/update/GenericGuildStickerUpdateEvent.html\" title=\"class in net.dv8tion.jda.api.events.sticker.update\">GenericGuildStickerUpdateEvent</a>, <a href=\"guild/update/GenericGuildUpdateEvent.html\" title=\"class in net.dv8tion.jda.api.events.guild.update\">GenericGuildUpdateEvent</a>, <a href=\"role/update/GenericRoleUpdateEvent.html\" title=\"class in net.dv8tion.jda.api.events.role.update\">GenericRoleUpdateEvent</a>, <a href=\"guild/scheduledevent/update/GenericScheduledEventUpdateEvent.html\" title=\"class in net.dv8tion.jda.api.events.guild.scheduledevent.update\">GenericScheduledEventUpdateEvent</a>, <a href=\"self/GenericSelfUpdateEvent.html\" title=\"class in net.dv8tion.jda.api.events.self\">GenericSelfUpdateEvent</a>, <a href=\"stage/update/GenericStageInstanceUpdateEvent.html\" title=\"class in net.dv8tion.jda.api.events.stage.update\">GenericStageInstanceUpdateEvent</a>, <a href=\"user/update/GenericUserUpdateEvent.html\" title=\"class in net.dv8tion.jda.api.events.user.update\">GenericUserUpdateEvent</a>, <a href=\"guild/member/update/GuildMemberUpdateAvatarEvent.html\" title=\"class in net.dv8tion.jda.api.events.guild.member.update\">GuildMemberUpdateAvatarEvent</a>, <a href=\"guild/member/update/GuildMemberUpdateBoostTimeEvent.html\" title=\"class in net.dv8tion.jda.api.events.guild.member.update\">GuildMemberUpdateBoostTimeEvent</a>, <a href=\"guild/member/update/GuildMemberUpdateFlagsEvent.html\" title=\"class in net.dv8tion.jda.api.events.guild.member.update\">GuildMemberUpdateFlagsEvent</a>, <a href=\"guild/member/update/GuildMemberUpdateNicknameEvent.html\" title=\"class in net.dv8tion.jda.api.events.guild.member.update\">GuildMemberUpdateNicknameEvent</a>, <a href=\"guild/member/update/GuildMemberUpdatePendingEvent.html\" title=\"class in net.dv8tion.jda.api.events.guild.member.update\">GuildMemberUpdatePendingEvent</a>, <a href=\"guild/member/update/GuildMemberUpdateTimeOutEvent.html\" title=\"class in net.dv8tion.jda.api.events.guild.member.update\">GuildMemberUpdateTimeOutEvent</a>, <a href=\"sticker/update/GuildStickerUpdateAvailableEvent.html\" title=\"class in net.dv8tion.jda.api.events.sticker.update\">GuildStickerUpdateAvailableEvent</a>, <a href=\"sticker/update/GuildStickerUpdateDescriptionEvent.html\" title=\"class in net.dv8tion.jda.api.events.sticker.update\">GuildStickerUpdateDescriptionEvent</a>, <a href=\"sticker/update/GuildStickerUpdateNameEvent.html\" title=\"class in net.dv8tion.jda.api.events.sticker.update\">GuildStickerUpdateNameEvent</a>, <a href=\"sticker/update/GuildStickerUpdateTagsEvent.html\" title=\"class in net.dv8tion.jda.api.events.sticker.update\">GuildStickerUpdateTagsEvent</a>, <a href=\"guild/update/GuildUpdateAfkChannelEvent.html\" title=\"class in net.dv8tion.jda.api.events.guild.update\">GuildUpdateAfkChannelEvent</a>, <a href=\"guild/update/GuildUpdateAfkTimeoutEvent.html\" title=\"class in net.dv8tion.jda.api.events.guild.update\">GuildUpdateAfkTimeoutEvent</a>, <a href=\"guild/update/GuildUpdateBannerEvent.html\" title=\"class in net.dv8tion.jda.api.events.guild.update\">GuildUpdateBannerEvent</a>, <a href=\"guild/update/GuildUpdateBoostCountEvent.html\" title=\"class in net.dv8tion.jda.api.events.guild.update\">GuildUpdateBoostCountEvent</a>, <a href=\"guild/update/GuildUpdateBoostTierEvent.html\" title=\"class in net.dv8tion.jda.api.events.guild.update\">GuildUpdateBoostTierEvent</a>, <a href=\"guild/update/GuildUpdateCommunityUpdatesChannelEvent.html\" title=\"class in net.dv8tion.jda.api.events.guild.update\">GuildUpdateCommunityUpdatesChannelEvent</a>, <a href=\"guild/update/GuildUpdateDescriptionEvent.html\" title=\"class in net.dv8tion.jda.api.events.guild.update\">GuildUpdateDescriptionEvent</a>, <a href=\"guild/update/GuildUpdateExplicitContentLevelEvent.html\" title=\"class in net.dv8tion.jda.api.events.guild.update\">GuildUpdateExplicitContentLevelEvent</a>, <a href=\"guild/update/GuildUpdateFeaturesEvent.html\" title=\"class in net.dv8tion.jda.api.events.guild.update\">GuildUpdateFeaturesEvent</a>, <a href=\"guild/update/GuildUpdateIconEvent.html\" title=\"class in net.dv8tion.jda.api.events.guild.update\">GuildUpdateIconEvent</a>, <a href=\"guild/update/GuildUpdateLocaleEvent.html\" title=\"class in net.dv8tion.jda.api.events.guild.update\">GuildUpdateLocaleEvent</a>, <a href=\"guild/update/GuildUpdateMaxMembersEvent.html\" title=\"class in net.dv8tion.jda.api.events.guild.update\">GuildUpdateMaxMembersEvent</a>, <a href=\"guild/update/GuildUpdateMaxPresencesEvent.html\" title=\"class in net.dv8tion.jda.api.events.guild.update\">GuildUpdateMaxPresencesEvent</a>, <a href=\"guild/update/GuildUpdateMFALevelEvent.html\" title=\"class in net.dv8tion.jda.api.events.guild.update\">GuildUpdateMFALevelEvent</a>, <a href=\"guild/update/GuildUpdateNameEvent.html\" title=\"class in net.dv8tion.jda.api.events.guild.update\">GuildUpdateNameEvent</a>, <a href=\"guild/update/GuildUpdateNotificationLevelEvent.html\" title=\"class in net.dv8tion.jda.api.events.guild.update\">GuildUpdateNotificationLevelEvent</a>, <a href=\"guild/update/GuildUpdateNSFWLevelEvent.html\" title=\"class in net.dv8tion.jda.api.events.guild.update\">GuildUpdateNSFWLevelEvent</a>, <a href=\"guild/update/GuildUpdateOwnerEvent.html\" title=\"class in net.dv8tion.jda.api.events.guild.update\">GuildUpdateOwnerEvent</a>, <a href=\"guild/update/GuildUpdateRulesChannelEvent.html\" title=\"class in net.dv8tion.jda.api.events.guild.update\">GuildUpdateRulesChannelEvent</a>, <a href=\"guild/update/GuildUpdateSafetyAlertsChannelEvent.html\" title=\"class in net.dv8tion.jda.api.events.guild.update\">GuildUpdateSafetyAlertsChannelEvent</a>, <a href=\"guild/update/GuildUpdateSecurityIncidentActionsEvent.html\" title=\"class in net.dv8tion.jda.api.events.guild.update\">GuildUpdateSecurityIncidentActionsEvent</a>, <a href=\"guild/update/GuildUpdateSecurityIncidentDetectionsEvent.html\" title=\"class in net.dv8tion.jda.api.events.guild.update\">GuildUpdateSecurityIncidentDetectionsEvent</a>, <a href=\"guild/update/GuildUpdateSplashEvent.html\" title=\"class in net.dv8tion.jda.api.events.guild.update\">GuildUpdateSplashEvent</a>, <a href=\"guild/update/GuildUpdateSystemChannelEvent.html\" title=\"class in net.dv8tion.jda.api.events.guild.update\">GuildUpdateSystemChannelEvent</a>, <a href=\"guild/update/GuildUpdateSystemChannelFlagsEvent.html\" title=\"class in net.dv8tion.jda.api.events.guild.update\">GuildUpdateSystemChannelFlagsEvent</a>, <a href=\"guild/update/GuildUpdateVanityCodeEvent.html\" title=\"class in net.dv8tion.jda.api.events.guild.update\">GuildUpdateVanityCodeEvent</a>, <a href=\"guild/update/GuildUpdateVerificationLevelEvent.html\" title=\"class in net.dv8tion.jda.api.events.guild.update\">GuildUpdateVerificationLevelEvent</a>, <a href=\"guild/voice/GuildVoiceUpdateEvent.html\" title=\"class in net.dv8tion.jda.api.events.guild.voice\">GuildVoiceUpdateEvent</a>, <a href=\"role/update/RoleUpdateColorEvent.html\" title=\"class in net.dv8tion.jda.api.events.role.update\">RoleUpdateColorEvent</a>, <a href=\"role/update/RoleUpdateHoistedEvent.html\" title=\"class in net.dv8tion.jda.api.events.role.update\">RoleUpdateHoistedEvent</a>, <a href=\"role/update/RoleUpdateIconEvent.html\" title=\"class in net.dv8tion.jda.api.events.role.update\">RoleUpdateIconEvent</a>, <a href=\"role/update/RoleUpdateMentionableEvent.html\" title=\"class in net.dv8tion.jda.api.events.role.update\">RoleUpdateMentionableEvent</a>, <a href=\"role/update/RoleUpdateNameEvent.html\" title=\"class in net.dv8tion.jda.api.events.role.update\">RoleUpdateNameEvent</a>, <a href=\"role/update/RoleUpdatePermissionsEvent.html\" title=\"class in net.dv8tion.jda.api.events.role.update\">RoleUpdatePermissionsEvent</a>, <a href=\"role/update/RoleUpdatePositionEvent.html\" title=\"class in net.dv8tion.jda.api.events.role.update\">RoleUpdatePositionEvent</a>, <a href=\"guild/scheduledevent/update/ScheduledEventUpdateDescriptionEvent.html\" title=\"class in net.dv8tion.jda.api.events.guild.scheduledevent.update\">ScheduledEventUpdateDescriptionEvent</a>, <a href=\"guild/scheduledevent/update/ScheduledEventUpdateEndTimeEvent.html\" title=\"class in net.dv8tion.jda.api.events.guild.scheduledevent.update\">ScheduledEventUpdateEndTimeEvent</a>, <a href=\"guild/scheduledevent/update/ScheduledEventUpdateImageEvent.html\" title=\"class in net.dv8tion.jda.api.events.guild.scheduledevent.update\">ScheduledEventUpdateImageEvent</a>, <a href=\"guild/scheduledevent/update/ScheduledEventUpdateLocationEvent.html\" title=\"class in net.dv8tion.jda.api.events.guild.scheduledevent.update\">ScheduledEventUpdateLocationEvent</a>, <a href=\"guild/scheduledevent/update/ScheduledEventUpdateNameEvent.html\" title=\"class in net.dv8tion.jda.api.events.guild.scheduledevent.update\">ScheduledEventUpdateNameEvent</a>, <a href=\"guild/scheduledevent/update/ScheduledEventUpdateStartTimeEvent.html\" title=\"class in net.dv8tion.jda.api.events.guild.scheduledevent.update\">ScheduledEventUpdateStartTimeEvent</a>, <a href=\"guild/scheduledevent/update/ScheduledEventUpdateStatusEvent.html\" title=\"class in net.dv8tion.jda.api.events.guild.scheduledevent.update\">ScheduledEventUpdateStatusEvent</a>, <a href=\"self/SelfUpdateAvatarEvent.html\" title=\"class in net.dv8tion.jda.api.events.self\">SelfUpdateAvatarEvent</a>, <a href=\"self/SelfUpdateDiscriminatorEvent.html\" title=\"class in net.dv8tion.jda.api.events.self\">SelfUpdateDiscriminatorEvent</a>, <a href=\"self/SelfUpdateGlobalNameEvent.html\" title=\"class in net.dv8tion.jda.api.events.self\">SelfUpdateGlobalNameEvent</a>, <a href=\"self/SelfUpdateMFAEvent.html\" title=\"class in net.dv8tion.jda.api.events.self\">SelfUpdateMFAEvent</a>, <a href=\"self/SelfUpdateNameEvent.html\" title=\"class in net.dv8tion.jda.api.events.self\">SelfUpdateNameEvent</a>, <a href=\"self/SelfUpdateVerifiedEvent.html\" title=\"class in net.dv8tion.jda.api.events.self\">SelfUpdateVerifiedEvent</a>, <a href=\"stage/update/StageInstanceUpdatePrivacyLevelEvent.html\" title=\"class in net.dv8tion.jda.api.events.stage.update\">StageInstanceUpdatePrivacyLevelEvent</a>, <a href=\"stage/update/StageInstanceUpdateTopicEvent.html\" title=\"class in net.dv8tion.jda.api.events.stage.update\">StageInstanceUpdateTopicEvent</a>, <a href=\"StatusChangeEvent.html\" title=\"class in net.dv8tion.jda.api.events\">StatusChangeEvent</a>, <a href=\"user/update/UserUpdateActivitiesEvent.html\" title=\"class in net.dv8tion.jda.api.events.user.update\">UserUpdateActivitiesEvent</a>, <a href=\"user/update/UserUpdateActivityOrderEvent.html\" title=\"class in net.dv8tion.jda.api.events.user.update\">UserUpdateActivityOrderEvent</a>, <a href=\"user/update/UserUpdateAvatarEvent.html\" title=\"class in net.dv8tion.jda.api.events.user.update\">UserUpdateAvatarEvent</a>, <a href=\"user/update/UserUpdateDiscriminatorEvent.html\" title=\"class in net.dv8tion.jda.api.events.user.update\">UserUpdateDiscriminatorEvent</a>, <a href=\"user/update/UserUpdateFlagsEvent.html\" title=\"class in net.dv8tion.jda.api.events.user.update\">UserUpdateFlagsEvent</a>, <a href=\"user/update/UserUpdateGlobalNameEvent.html\" title=\"class in net.dv8tion.jda.api.events.user.update\">UserUpdateGlobalNameEvent</a>, <a href=\"user/update/UserUpdateNameEvent.html\" title=\"class in net.dv8tion.jda.api.events.user.update\">UserUpdateNameEvent</a>, <a href=\"user/update/UserUpdateOnlineStatusEvent.html\" title=\"class in net.dv8tion.jda.api.events.user.update\">UserUpdateOnlineStatusEvent</a>, <a href=\"user/update/UserUpdatePrimaryGuildEvent.html\" title=\"class in net.dv8tion.jda.api.events.user.update\">UserUpdatePrimaryGuildEvent</a></code>\n</dd>"
        ],
        "SUPER_INTERFACES": [
            "<dd>\n <code><a href=\"GenericEvent.html\" title=\"interface in net.dv8tion.jda.api.events\">GenericEvent</a></code>\n</dd>"
        ]
    },
    "seeAlso": null,
    "methods": {
        "getJDA()": {
            "elementId": "getJDA()",
            "methodAnnotations": "@Nonnull",
            "methodName": "getJDA",
            "methodSignature": "@Nonnull JDA getJDA()",
            "parameters": [],
            "methodReturnType": "JDA",
            "isStatic": false,
            "descriptionElements": [
                "<div class=\"block\">The current JDA instance corresponding to this Event</div>"
            ],
            "deprecationElement": null,
            "details": {
                "RETURNS": [
                    "<dd>The corresponding JDA instance</dd>"
                ]
            },
            "seeAlso": null
        },
        "getEntityType()": {
            "elementId": "getEntityType()",
            "methodAnnotations": "@Nonnull",
            "methodName": "getEntityType",
            "methodSignature": "@Nonnull default Class<E> getEntityType()",
            "parameters": [],
            "methodReturnType": "Class<E>",
            "isStatic": false,
            "descriptionElements": [
                "<div class=\"block\">Class representation of the affected entity, useful when dealing with refection.</div>"
            ],
            "deprecationElement": null,
            "details": {
                "RETURNS": [
                    "<dd>The class of the affected entity</dd>"
                ]
            },
            "seeAlso": null
        },
        "getOldValue()": {
            "elementId": "getOldValue()",
            "methodAnnotations": "@Nullable",
            "methodName": "getOldValue",
            "methodSignature": "@Nullable T getOldValue()",
            "parameters": [],
            "methodReturnType": "T",
            "isStatic": false,
            "descriptionElements": [
                "<div class=\"block\">The old value</div>"
            ],
            "deprecationElement": null,
            "details": {
                "RETURNS": [
                    "<dd>The old value</dd>"
                ]
            },
            "seeAlso": null
        },
        "getPropertyIdentifier()": {
            "elementId": "getPropertyIdentifier()",
            "methodAnnotations": "@Nonnull",
            "methodName": "getPropertyIdentifier",
            "methodSignature": "@Nonnull String getPropertyIdentifier()",
            "parameters": [],
            "methodReturnType": "String",
            "isStatic": false,
            "descriptionElements": [
                "<div class=\"block\">\n The field name for the updated property\n <p><b>Example</b>\n  <br></p>\n <pre><code>@Override\r\npublic void onGenericRoleUpdate(GenericRoleUpdateEvent event)\r\n{\r\n    switch (event.getPropertyIdentifier())\r\n    {\r\n    case RoleUpdateColorEvent.IDENTIFIER:\r\n        System.out.printf(\"Updated color for role: %s%n\", event);\r\n        break;\r\n    case RoleUpdatePositionEvent.IDENTIFIER:\r\n        RoleUpdatePositionEvent update = (RoleUpdatePositionEvent) event;\r\n        System.out.printf(\"Updated position for role: %s raw(%s-&gt;%s)%n\", event, update.getOldPositionRaw(), update.getNewPositionRaw());\r\n        break;\r\n    default: return;\r\n    }\r\n}\r\n</code></pre>\n</div>"
            ],
            "deprecationElement": null,
            "details": {
                "RETURNS": [
                    "<dd>The name of the updated property</dd>"
                ]
            },
            "seeAlso": null
        },
        "getResponseNumber()": {
            "elementId": "getResponseNumber()",
            "methodAnnotations": null,
            "methodName": "getResponseNumber",
            "methodSignature": "long getResponseNumber()",
            "parameters": [],
            "methodReturnType": "long",
            "isStatic": false,
            "descriptionElements": [
                "<div class=\"block\">\n The current sequence for this event.\n <br>\n This can be used to keep events in order when making sequencing system.\n</div>"
            ],
            "deprecationElement": null,
            "details": {
                "RETURNS": [
                    "<dd>The current sequence number for this event</dd>"
                ]
            },
            "seeAlso": null
        },
        "getEntity()": {
            "elementId": "getEntity()",
            "methodAnnotations": "@Nonnull",
            "methodName": "getEntity",
            "methodSignature": "@Nonnull E getEntity()",
            "parameters": [],
            "methodReturnType": "E",
            "isStatic": false,
            "descriptionElements": [
                "<div class=\"block\">The affected entity</div>"
            ],
            "deprecationElement": null,
            "details": {
                "RETURNS": [
                    "<dd>The affected entity</dd>"
                ]
            },
            "seeAlso": null
        },
        "getRawData()": {
            "elementId": "getRawData()",
            "methodAnnotations": "@Nullable",
            "methodName": "getRawData",
            "methodSignature": "@Nullable DataObject getRawData()",
            "parameters": [],
            "methodReturnType": "DataObject",
            "isStatic": false,
            "descriptionElements": [
                "<div class=\"block\">\n The passthrough data that this event was serialized from. This data might be null in rare situations, for example, if the event came from a rest action.\n <br>\n This provides the full gateway message payload, including sequence, event name and dispatch type. For details, read the official <a href=\"https://discord.dev/topics/gateway\" target=\"_blank\">Discord Documentation</a>.\n</div>"
            ],
            "deprecationElement": null,
            "details": {
                "RETURNS": [
                    "<dd>\n The corresponding <a href=\"../utils/data/DataObject.html\" title=\"class in net.dv8tion.jda.api.utils.data\"><code>DataObject</code></a>\n</dd>"
                ],
                "THROWS": [
                    "<dd>\n <code><a href=\"https://docs.oracle.com/javase/8/docs/api/java/lang/IllegalStateException.html\" title=\"class or interface in java.lang\" class=\"external-link\">IllegalStateException</a></code> - If event passthrough was not enabled, see <a href=\"../JDABuilder.html#setEventPassthrough(boolean)\"><code>JDABuilder#setEventPassthrough(boolean)</code></a>\n</dd>"
                ]
            },
            "seeAlso": null
        },
        "getNewValue()": {
            "elementId": "getNewValue()",
            "methodAnnotations": "@Nullable",
            "methodName": "getNewValue",
            "methodSignature": "@Nullable T getNewValue()",
            "parameters": [],
            "methodReturnType": "T",
            "isStatic": false,
            "descriptionElements": [
                "<div class=\"block\">The new value</div>"
            ],
            "deprecationElement": null,
            "details": {
                "RETURNS": [
                    "<dd>The new value</dd>"
                ]
            },
            "seeAlso": null
        }
    },
    "fields": {}
}