{
    "classNameFqcn": "net.dv8tion.jda.api.components.attribute.IDisableable",
    "descriptionElements": [
        "<div class=\"block\">Component which supports being disabled or having its children be disabled.</div>"
    ],
    "deprecationElement": null,
    "details": {
        "ALL_KNOWN_SUBINTERFACES": [
            "<dd>\n <code><a href=\"../ActionComponent.html\" title=\"interface in net.dv8tion.jda.api.components\">ActionComponent</a>, <a href=\"../actionrow/ActionRow.html\" title=\"interface in net.dv8tion.jda.api.components.actionrow\">ActionRow</a>, <a href=\"../buttons/Button.html\" title=\"interface in net.dv8tion.jda.api.components.buttons\">Button</a>, <a href=\"../container/Container.html\" title=\"interface in net.dv8tion.jda.api.components.container\">Container</a>, <a href=\"../selections/EntitySelectMenu.html\" title=\"interface in net.dv8tion.jda.api.components.selections\">EntitySelectMenu</a>, <a href=\"../section/Section.html\" title=\"interface in net.dv8tion.jda.api.components.section\">Section</a>, <a href=\"../selections/SelectMenu.html\" title=\"interface in net.dv8tion.jda.api.components.selections\">SelectMenu</a>, <a href=\"../selections/StringSelectMenu.html\" title=\"interface in net.dv8tion.jda.api.components.selections\">StringSelectMenu</a></code>\n</dd>"
        ],
        "SUPER_INTERFACES": [
            "<dd>\n <code><a href=\"../Component.html\" title=\"interface in net.dv8tion.jda.api.components\">Component</a></code>\n</dd>"
        ]
    },
    "seeAlso": null,
    "methods": {
        "asDisabled()": {
            "elementId": "asDisabled()",
            "methodAnnotations": "@Nonnull @CheckReturnValue",
            "methodName": "asDisabled",
            "methodSignature": "@Nonnull @CheckReturnValue default IDisableable asDisabled()",
            "parameters": [],
            "methodReturnType": "IDisableable",
            "isStatic": false,
            "descriptionElements": [
                "<div class=\"block\">\n Returns a new instance of this component in a disabled state.\n <br>\n For layout components, this disables all the components it contains.\n</div>"
            ],
            "deprecationElement": null,
            "details": {
                "RETURNS": [
                    "<dd>The new component in a disabled state</dd>"
                ],
                "SEE_ALSO": [
                    "<dd>\n <ul class=\"tag-list-long\">\n  <li><a href=\"../tree/ComponentTree.html#replace(net.dv8tion.jda.api.components.replacer.ComponentReplacer)\"><code>ComponentTree.replace(ComponentReplacer)</code></a></li>\n </ul>\n</dd>"
                ]
            },
            "seeAlso": {
                "references": [
                    {
                        "text": "ComponentTree#replace(ComponentReplacer)",
                        "link": "https://docs.jda.wiki/net/dv8tion/jda/api/components/tree/ComponentTree.html#replace(net.dv8tion.jda.api.components.replacer.ComponentReplacer)",
                        "targetType": "METHOD",
                        "fullSignature": "ComponentTree#replace(ComponentReplacer)"
                    }
                ]
            }
        },
        "asEnabled()": {
            "elementId": "asEnabled()",
            "methodAnnotations": "@Nonnull @CheckReturnValue",
            "methodName": "asEnabled",
            "methodSignature": "@Nonnull @CheckReturnValue default IDisableable asEnabled()",
            "parameters": [],
            "methodReturnType": "IDisableable",
            "isStatic": false,
            "descriptionElements": [
                "<div class=\"block\">\n Returns a new instance of this component in an enabled state.\n <br>\n For layout components, this enables all the components it contains.\n</div>"
            ],
            "deprecationElement": null,
            "details": {
                "RETURNS": [
                    "<dd>The new component in an enabled state</dd>"
                ],
                "SEE_ALSO": [
                    "<dd>\n <ul class=\"tag-list-long\">\n  <li><a href=\"../tree/ComponentTree.html#replace(net.dv8tion.jda.api.components.replacer.ComponentReplacer)\"><code>ComponentTree.replace(ComponentReplacer)</code></a></li>\n </ul>\n</dd>"
                ]
            },
            "seeAlso": {
                "references": [
                    {
                        "text": "ComponentTree#replace(ComponentReplacer)",
                        "link": "https://docs.jda.wiki/net/dv8tion/jda/api/components/tree/ComponentTree.html#replace(net.dv8tion.jda.api.components.replacer.ComponentReplacer)",
                        "targetType": "METHOD",
                        "fullSignature": "ComponentTree#replace(ComponentReplacer)"
                    }
                ]
            }
        },
        "isModalCompatible()": {
            "elementId": "isModalCompatible()",
            "methodAnnotations": null,
            "methodName": "isModalCompatible",
            "methodSignature": "default boolean isModalCompatible()",
            "parameters": [],
            "methodReturnType": "boolean",
            "isStatic": false,
            "descriptionElements": [
                "<div class=\"block\">\n Whether this Component is compatible with <a href=\"../modals/Modal.html\" title=\"interface in net.dv8tion.jda.api.modals\"><code>Modals</code></a>.\n <br>\n If the component in question contains other components, this also checks every component inside it.\n</div>"
            ],
            "deprecationElement": null,
            "details": {
                "RETURNS": [
                    "<dd>True, if this Component (and its children) is compatible with modals.</dd>"
                ]
            },
            "seeAlso": null
        },
        "getType()": {
            "elementId": "getType()",
            "methodAnnotations": "@Nonnull",
            "methodName": "getType",
            "methodSignature": "@Nonnull Component.Type getType()",
            "parameters": [],
            "methodReturnType": "Component.Type",
            "isStatic": false,
            "descriptionElements": [
                "<div class=\"block\">The type of component.</div>"
            ],
            "deprecationElement": null,
            "details": {
                "RETURNS": [
                    "<dd>\n <a href=\"Component.Type.html\" title=\"enum in net.dv8tion.jda.api.components\"><code>Component.Type</code></a>\n</dd>"
                ]
            },
            "seeAlso": null
        },
        "isMessageCompatible()": {
            "elementId": "isMessageCompatible()",
            "methodAnnotations": null,
            "methodName": "isMessageCompatible",
            "methodSignature": "default boolean isMessageCompatible()",
            "parameters": [],
            "methodReturnType": "boolean",
            "isStatic": false,
            "descriptionElements": [
                "<div class=\"block\">\n Whether this Component is compatible with <a href=\"../entities/Message.html\" title=\"interface in net.dv8tion.jda.api.entities\"><code>Messages</code></a>.\n <br>\n If the component in question contains other components, this also checks every component inside it.\n</div>"
            ],
            "deprecationElement": null,
            "details": {
                "RETURNS": [
                    "<dd>True, if this Component (and its children) is compatible with messages.</dd>"
                ]
            },
            "seeAlso": null
        },
        "isDisabled()": {
            "elementId": "isDisabled()",
            "methodAnnotations": null,
            "methodName": "isDisabled",
            "methodSignature": "boolean isDisabled()",
            "parameters": [],
            "methodReturnType": "boolean",
            "isStatic": false,
            "descriptionElements": [
                "<div class=\"block\">\n Whether this component is disabled.\n <p>For layout components, this means all children are enabled.\n  <br>\n  When this returns <code>false</code>, this does not mean <a href=\"#isEnabled()\"><code>isEnabled()</code></a> is <code>true</code>! (for example, when one component is enabled and the other is disabled)</p>\n <p>You can use <a href=\"#asDisabled()\"><code>asDisabled()</code></a> or <a href=\"#asEnabled()\"><code>asEnabled()</code></a> to create enabled/disabled instances.</p>\n</div>"
            ],
            "deprecationElement": null,
            "details": {
                "RETURNS": [
                    "<dd>\n <code>true</code>, if this component is disabled\n</dd>"
                ]
            },
            "seeAlso": null
        },
        "withUniqueId(int)": {
            "elementId": "withUniqueId(int)",
            "methodAnnotations": "@Nonnull",
            "methodName": "withUniqueId",
            "methodSignature": "@Nonnull IDisableable withUniqueId(int uniqueId)",
            "parameters": [
                {
                    "annotations": [],
                    "type": "int",
                    "simpleType": "int",
                    "name": "uniqueId"
                }
            ],
            "methodReturnType": "IDisableable",
            "isStatic": false,
            "descriptionElements": [
                "<div class=\"block\">\n <span class=\"description-from-type-label\">Description copied from interface:&nbsp;<code><a href=\"../Component.html#withUniqueId(int)\">Component</a></code></span>\n</div>",
                "<div class=\"block\">\n Creates a new component with the provided numeric ID.\n <br>\n If no ID is set, Discord will generate IDs incrementally starting from 1 and will not use existing IDs from the same message/modal.\n</div>"
            ],
            "deprecationElement": null,
            "details": {
                "PARAMETERS": [
                    "<dd>\n <code>uniqueId</code> - The new ID; must be higher or equal to 1\n</dd>"
                ],
                "RETURNS": [
                    "<dd>The new component</dd>"
                ],
                "SPECIFIED_BY": [
                    "<dd>\n <code><a href=\"../Component.html#withUniqueId(int)\">withUniqueId</a></code>&nbsp;in interface&nbsp;<code><a href=\"../Component.html\" title=\"interface in net.dv8tion.jda.api.components\">Component</a></code>\n</dd>"
                ]
            },
            "seeAlso": null
        },
        "getUniqueId()": {
            "elementId": "getUniqueId()",
            "methodAnnotations": null,
            "methodName": "getUniqueId",
            "methodSignature": "int getUniqueId()",
            "parameters": [],
            "methodReturnType": "int",
            "isStatic": false,
            "descriptionElements": [
                "<div class=\"block\">\n The unique, numeric identifier of this component.\n <br>\n Can be set manually or automatically assigned by Discord (starting from <code>1</code>). If it has not been assigned yet, this will return <code>-1</code>.\n <p><b>Note:</b> Older messages may return <code>0</code>.</p>\n</div>"
            ],
            "deprecationElement": null,
            "details": {
                "RETURNS": [
                    "<dd>\n The unique identifier of this component, or <code>-1</code> if not assigned yet, or <code>0</code> on older messages\n</dd>"
                ]
            },
            "seeAlso": null
        },
        "isEnabled()": {
            "elementId": "isEnabled()",
            "methodAnnotations": null,
            "methodName": "isEnabled",
            "methodSignature": "default boolean isEnabled()",
            "parameters": [],
            "methodReturnType": "boolean",
            "isStatic": false,
            "descriptionElements": [
                "<div class=\"block\">\n Whether this component is enabled.\n <p>For layout components, this means all children are enabled.\n  <br>\n  When this returns <code>false</code>, this does not mean <a href=\"#isDisabled()\"><code>isDisabled()</code></a> is <code>true</code>! (for example, when one component is enabled and the other is disabled)</p>\n <p>You can use <a href=\"#asDisabled()\"><code>asDisabled()</code></a> or <a href=\"#asEnabled()\"><code>asEnabled()</code></a> to create enabled/disabled instances.</p>\n</div>"
            ],
            "deprecationElement": null,
            "details": {
                "RETURNS": [
                    "<dd>\n <code>true</code> if this component is enabled\n</dd>"
                ]
            },
            "seeAlso": null
        },
        "withDisabled(boolean)": {
            "elementId": "withDisabled(boolean)",
            "methodAnnotations": "@Nonnull @CheckReturnValue",
            "methodName": "withDisabled",
            "methodSignature": "@Nonnull @CheckReturnValue IDisableable withDisabled(boolean disabled)",
            "parameters": [
                {
                    "annotations": [],
                    "type": "boolean",
                    "simpleType": "boolean",
                    "name": "disabled"
                }
            ],
            "methodReturnType": "IDisableable",
            "isStatic": false,
            "descriptionElements": [
                "<div class=\"block\">\n Returns a new instance of this component in an enabled/disabled state.\n <br>\n For layout components, this enables/disables all the components it contains.\n</div>"
            ],
            "deprecationElement": null,
            "details": {
                "RETURNS": [
                    "<dd>The new component in an enabled/disabled state</dd>"
                ],
                "SEE_ALSO": [
                    "<dd>\n <ul class=\"tag-list-long\">\n  <li><a href=\"../tree/ComponentTree.html#replace(net.dv8tion.jda.api.components.replacer.ComponentReplacer)\"><code>ComponentTree.replace(ComponentReplacer)</code></a></li>\n </ul>\n</dd>"
                ]
            },
            "seeAlso": {
                "references": [
                    {
                        "text": "ComponentTree#replace(ComponentReplacer)",
                        "link": "https://docs.jda.wiki/net/dv8tion/jda/api/components/tree/ComponentTree.html#replace(net.dv8tion.jda.api.components.replacer.ComponentReplacer)",
                        "targetType": "METHOD",
                        "fullSignature": "ComponentTree#replace(ComponentReplacer)"
                    }
                ]
            }
        }
    },
    "fields": {}
}