{
    "classNameFqcn": "net.dv8tion.jda.api.interactions.callbacks.IModalCallback",
    "descriptionElements": [
        "<div class=\"block\">\n Interactions which allow sending modals as a response. \n <p>Sending a modal using <a href=\"#replyModal(net.dv8tion.jda.api.interactions.modals.Modal)\"><code>replyModal(Modal)</code></a> will automatically acknowledge this interaction.</p>\n</div>"
    ],
    "deprecationElement": null,
    "details": {
        "ALL_KNOWN_IMPLEMENTING_CLASSES": [
            "<dd>\n <code><a href=\"../../events/interaction/component/ButtonInteractionEvent.html\" title=\"class in net.dv8tion.jda.api.events.interaction.component\">ButtonInteractionEvent</a></code>, <code><a href=\"../../events/interaction/component/EntitySelectInteractionEvent.html\" title=\"class in net.dv8tion.jda.api.events.interaction.component\">EntitySelectInteractionEvent</a></code>, <code><a href=\"../../events/interaction/command/GenericCommandInteractionEvent.html\" title=\"class in net.dv8tion.jda.api.events.interaction.command\">GenericCommandInteractionEvent</a></code>, <code><a href=\"../../events/interaction/component/GenericComponentInteractionCreateEvent.html\" title=\"class in net.dv8tion.jda.api.events.interaction.component\">GenericComponentInteractionCreateEvent</a></code>, <code><a href=\"../../events/interaction/command/GenericContextInteractionEvent.html\" title=\"class in net.dv8tion.jda.api.events.interaction.command\">GenericContextInteractionEvent</a></code>, <code><a href=\"../../events/interaction/component/GenericSelectMenuInteractionEvent.html\" title=\"class in net.dv8tion.jda.api.events.interaction.component\">GenericSelectMenuInteractionEvent</a></code>, <code><a href=\"../../events/interaction/command/MessageContextInteractionEvent.html\" title=\"class in net.dv8tion.jda.api.events.interaction.command\">MessageContextInteractionEvent</a></code>, <code><a href=\"../../events/interaction/command/SlashCommandInteractionEvent.html\" title=\"class in net.dv8tion.jda.api.events.interaction.command\">SlashCommandInteractionEvent</a></code>, <code><a href=\"../../events/interaction/component/StringSelectInteractionEvent.html\" title=\"class in net.dv8tion.jda.api.events.interaction.component\">StringSelectInteractionEvent</a></code>, <code><a href=\"../../events/interaction/command/UserContextInteractionEvent.html\" title=\"class in net.dv8tion.jda.api.events.interaction.command\">UserContextInteractionEvent</a></code>\n</dd>"
        ],
        "ALL_KNOWN_SUBINTERFACES": [
            "<dd>\n <code><a href=\"../components/buttons/ButtonInteraction.html\" title=\"interface in net.dv8tion.jda.api.interactions.components.buttons\">ButtonInteraction</a></code>, <code><a href=\"../commands/CommandInteraction.html\" title=\"interface in net.dv8tion.jda.api.interactions.commands\">CommandInteraction</a></code>, <code><a href=\"../components/ComponentInteraction.html\" title=\"interface in net.dv8tion.jda.api.interactions.components\">ComponentInteraction</a></code>, <code><a href=\"../commands/context/ContextInteraction.html\" title=\"interface in net.dv8tion.jda.api.interactions.commands.context\">ContextInteraction</a>&lt;T&gt;</code>, <code><a href=\"../components/selections/EntitySelectInteraction.html\" title=\"interface in net.dv8tion.jda.api.interactions.components.selections\">EntitySelectInteraction</a></code>, <code><a href=\"../commands/context/MessageContextInteraction.html\" title=\"interface in net.dv8tion.jda.api.interactions.commands.context\">MessageContextInteraction</a></code>, <code><a href=\"../components/selections/SelectMenuInteraction.html\" title=\"interface in net.dv8tion.jda.api.interactions.components.selections\">SelectMenuInteraction</a>&lt;T,<wbr>S&gt;</code>, <code><a href=\"../commands/SlashCommandInteraction.html\" title=\"interface in net.dv8tion.jda.api.interactions.commands\">SlashCommandInteraction</a></code>, <code><a href=\"../components/selections/StringSelectInteraction.html\" title=\"interface in net.dv8tion.jda.api.interactions.components.selections\">StringSelectInteraction</a></code>, <code><a href=\"../commands/context/UserContextInteraction.html\" title=\"interface in net.dv8tion.jda.api.interactions.commands.context\">UserContextInteraction</a></code>\n</dd>"
        ],
        "SUPER_INTERFACES": [
            "<dd>\n <code><a href=\"../Interaction.html\" title=\"interface in net.dv8tion.jda.api.interactions\">Interaction</a></code>, <code><a href=\"../../entities/ISnowflake.html\" title=\"interface in net.dv8tion.jda.api.entities\">ISnowflake</a></code>\n</dd>"
        ]
    },
    "seeAlso": null,
    "methods": {
        "getUser()": {
            "elementId": "getUser()",
            "methodAnnotations": "@Nonnull",
            "methodName": "getUser",
            "methodSignature": "@Nonnull User getUser()",
            "parameters": [],
            "methodReturnType": "User",
            "isStatic": false,
            "descriptionElements": [
                "<div class=\"block\">\n The <a href=\"../entities/User.html\" title=\"interface in net.dv8tion.jda.api.entities\"><code>User</code></a> who caused this interaction.\n</div>"
            ],
            "deprecationElement": null,
            "details": {
                "RETURNS": [
                    "<dd>\n The <a href=\"../entities/User.html\" title=\"interface in net.dv8tion.jda.api.entities\"><code>User</code></a>\n</dd>"
                ]
            },
            "seeAlso": null
        },
        "isFromAttachedGuild()": {
            "elementId": "isFromAttachedGuild()",
            "methodAnnotations": null,
            "methodName": "isFromAttachedGuild",
            "methodSignature": "default boolean isFromAttachedGuild()",
            "parameters": [],
            "methodReturnType": "boolean",
            "isStatic": false,
            "descriptionElements": [
                "<div class=\"block\">\n Whether this interaction happened in an attached guild.\n</div>"
            ],
            "deprecationElement": null,
            "details": {
                "RETURNS": [
                    "<dd>\n <code>true</code>, if this interaction happened in an attached guild\n</dd>"
                ],
                "SEE_ALSO": [
                    "<dd>\n <ul class=\"see-list\">\n  <li><a href=\"../entities/detached/IDetachableEntity.html#isDetached()\"><code>IDetachableEntity.isDetached()</code></a></li>\n </ul>\n</dd>"
                ]
            },
            "seeAlso": {
                "references": [
                    {
                        "text": "IDetachableEntity#isDetached()",
                        "link": "https://docs.jda.wiki/net/dv8tion/jda/api/entities/detached/IDetachableEntity.html#isDetached()",
                        "targetType": "METHOD",
                        "fullSignature": "IDetachableEntity#isDetached()"
                    }
                ]
            }
        },
        "getChannel()": {
            "elementId": "getChannel()",
            "methodAnnotations": "@Nullable",
            "methodName": "getChannel",
            "methodSignature": "@Nullable Channel getChannel()",
            "parameters": [],
            "methodReturnType": "Channel",
            "isStatic": false,
            "descriptionElements": [
                "<div class=\"block\">\n The channel this interaction happened in.\n</div>"
            ],
            "deprecationElement": null,
            "details": {
                "RETURNS": [
                    "<dd>\n The channel or null if the channel is not provided\n</dd>"
                ]
            },
            "seeAlso": null
        },
        "getUserLocale()": {
            "elementId": "getUserLocale()",
            "methodAnnotations": "@Nonnull",
            "methodName": "getUserLocale",
            "methodSignature": "@Nonnull DiscordLocale getUserLocale()",
            "parameters": [],
            "methodReturnType": "DiscordLocale",
            "isStatic": false,
            "descriptionElements": [
                "<div class=\"block\">\n Returns the selected language of the invoking user.\n</div>"
            ],
            "deprecationElement": null,
            "details": {
                "RETURNS": [
                    "<dd>\n The language of the invoking user\n</dd>"
                ]
            },
            "seeAlso": null
        },
        "getGuildLocale()": {
            "elementId": "getGuildLocale()",
            "methodAnnotations": "@Nonnull",
            "methodName": "getGuildLocale",
            "methodSignature": "@Nonnull default DiscordLocale getGuildLocale()",
            "parameters": [],
            "methodReturnType": "DiscordLocale",
            "isStatic": false,
            "descriptionElements": [
                "<div class=\"block\">\n Returns the preferred language of the Guild. \n <br>\n This is identical to <code>getGuild().getLocale()</code>.\n</div>"
            ],
            "deprecationElement": null,
            "details": {
                "RETURNS": [
                    "<dd>\n The preferred language of the Guild\n</dd>"
                ],
                "THROWS": [
                    "<dd>\n <code><a href=\"https://docs.oracle.com/javase/8/docs/api/java/lang/IllegalStateException.html\" title=\"class or interface in java.lang\" class=\"external-link\">IllegalStateException</a></code> - If this interaction is not from a guild. (See <a href=\"#isFromGuild()\"><code>isFromGuild()</code></a>)\n</dd>"
                ]
            },
            "seeAlso": null
        },
        "getIdLong()": {
            "elementId": "getIdLong()",
            "methodAnnotations": null,
            "methodName": "getIdLong",
            "methodSignature": "long getIdLong()",
            "parameters": [],
            "methodReturnType": "long",
            "isStatic": false,
            "descriptionElements": [
                "<div class=\"block\">\n The Snowflake id of this entity. This is unique to every entity and will never change.\n</div>"
            ],
            "deprecationElement": null,
            "details": {
                "RETURNS": [
                    "<dd>\n Long containing the Id.\n</dd>"
                ]
            },
            "seeAlso": null
        },
        "getEntitlements()": {
            "elementId": "getEntitlements()",
            "methodAnnotations": "@Nonnull",
            "methodName": "getEntitlements",
            "methodSignature": "@Nonnull List<Entitlement> getEntitlements()",
            "parameters": [],
            "methodReturnType": "List<Entitlement>",
            "isStatic": false,
            "descriptionElements": [
                "<div class=\"block\">\n Returns the list of <a href=\"../entities/Entitlement.html\" title=\"interface in net.dv8tion.jda.api.entities\"><code>entitlements</code></a> for the current guild and user. \n <br>\n If this interaction is not from a guild, it will only contain entitlements of the user.\n</div>"
            ],
            "deprecationElement": null,
            "details": {
                "RETURNS": [
                    "<dd>\n The <a href=\"https://docs.oracle.com/javase/8/docs/api/java/util/List.html\" title=\"class or interface in java.util\" class=\"external-link\"><code>List</code></a> of <a href=\"../entities/Entitlement.html\" title=\"interface in net.dv8tion.jda.api.entities\"><code>Entitlement</code></a>\n</dd>"
                ]
            },
            "seeAlso": null
        },
        "getMessageChannel()": {
            "elementId": "getMessageChannel()",
            "methodAnnotations": "@Nonnull",
            "methodName": "getMessageChannel",
            "methodSignature": "@Nonnull default MessageChannel getMessageChannel()",
            "parameters": [],
            "methodReturnType": "MessageChannel",
            "isStatic": false,
            "descriptionElements": [
                "<div class=\"block\">\n The <a href=\"../entities/channel/middleman/MessageChannel.html\" title=\"interface in net.dv8tion.jda.api.entities.channel.middleman\"><code>MessageChannel</code></a> this interaction happened in. \n <br>\n If <a href=\"#getChannelType()\"><code>getChannelType()</code></a> is not a message channel type, this throws <a href=\"https://docs.oracle.com/javase/8/docs/api/java/lang/IllegalStateException.html\" title=\"class or interface in java.lang\" class=\"external-link\"><code>IllegalStateException</code></a>!\n</div>"
            ],
            "deprecationElement": null,
            "details": {
                "RETURNS": [
                    "<dd>\n The <a href=\"../entities/channel/middleman/MessageChannel.html\" title=\"interface in net.dv8tion.jda.api.entities.channel.middleman\"><code>MessageChannel</code></a>\n</dd>"
                ],
                "THROWS": [
                    "<dd>\n <code><a href=\"https://docs.oracle.com/javase/8/docs/api/java/lang/IllegalStateException.html\" title=\"class or interface in java.lang\" class=\"external-link\">IllegalStateException</a></code> - If <a href=\"#getChannel()\"><code>getChannel()</code></a> is not a message channel\n</dd>"
                ]
            },
            "seeAlso": null
        },
        "getId()": {
            "elementId": "getId()",
            "methodAnnotations": "@Nonnull",
            "methodName": "getId",
            "methodSignature": "@Nonnull default String getId()",
            "parameters": [],
            "methodReturnType": "String",
            "isStatic": false,
            "descriptionElements": [
                "<div class=\"block\">\n The Snowflake id of this entity. This is unique to every entity and will never change.\n</div>"
            ],
            "deprecationElement": null,
            "details": {
                "RETURNS": [
                    "<dd>\n Never-null String containing the Id.\n</dd>"
                ]
            },
            "seeAlso": null
        },
        "getContext()": {
            "elementId": "getContext()",
            "methodAnnotations": "@Nonnull",
            "methodName": "getContext",
            "methodSignature": "@Nonnull InteractionContextType getContext()",
            "parameters": [],
            "methodReturnType": "InteractionContextType",
            "isStatic": false,
            "descriptionElements": [
                "<div class=\"block\">\n Gets the context in which this command was executed.\n</div>"
            ],
            "deprecationElement": null,
            "details": {
                "RETURNS": [
                    "<dd>\n The context in which this command was executed\n</dd>"
                ]
            },
            "seeAlso": null
        },
        "getGuildChannel()": {
            "elementId": "getGuildChannel()",
            "methodAnnotations": "@Nonnull",
            "methodName": "getGuildChannel",
            "methodSignature": "@Nonnull default GuildChannel getGuildChannel()",
            "parameters": [],
            "methodReturnType": "GuildChannel",
            "isStatic": false,
            "descriptionElements": [
                "<div class=\"block\">\n The <a href=\"../entities/channel/middleman/GuildChannel.html\" title=\"interface in net.dv8tion.jda.api.entities.channel.middleman\"><code>GuildChannel</code></a> this interaction happened in. \n <br>\n If <a href=\"#getChannelType()\"><code>getChannelType()</code></a> is not a guild type, this throws <a href=\"https://docs.oracle.com/javase/8/docs/api/java/lang/IllegalStateException.html\" title=\"class or interface in java.lang\" class=\"external-link\"><code>IllegalStateException</code></a>!\n</div>"
            ],
            "deprecationElement": null,
            "details": {
                "RETURNS": [
                    "<dd>\n The <a href=\"../entities/channel/middleman/GuildChannel.html\" title=\"interface in net.dv8tion.jda.api.entities.channel.middleman\"><code>GuildChannel</code></a>\n</dd>"
                ],
                "THROWS": [
                    "<dd>\n <code><a href=\"https://docs.oracle.com/javase/8/docs/api/java/lang/IllegalStateException.html\" title=\"class or interface in java.lang\" class=\"external-link\">IllegalStateException</a></code> - If <a href=\"#getChannel()\"><code>getChannel()</code></a> is not a guild channel\n</dd>"
                ]
            },
            "seeAlso": null
        },
        "getType()": {
            "elementId": "getType()",
            "methodAnnotations": "@Nonnull",
            "methodName": "getType",
            "methodSignature": "@Nonnull default InteractionType getType()",
            "parameters": [],
            "methodReturnType": "InteractionType",
            "isStatic": false,
            "descriptionElements": [
                "<div class=\"block\">\n The <a href=\"InteractionType.html\" title=\"enum in net.dv8tion.jda.api.interactions\"><code>InteractionType</code></a> for this interaction.\n</div>"
            ],
            "deprecationElement": null,
            "details": {
                "RETURNS": [
                    "<dd>\n The <a href=\"InteractionType.html\" title=\"enum in net.dv8tion.jda.api.interactions\"><code>InteractionType</code></a> or <a href=\"InteractionType.html#UNKNOWN\"><code>InteractionType.UNKNOWN</code></a>\n</dd>"
                ]
            },
            "seeAlso": null
        },
        "getToken()": {
            "elementId": "getToken()",
            "methodAnnotations": "@Nonnull",
            "methodName": "getToken",
            "methodSignature": "@Nonnull String getToken()",
            "parameters": [],
            "methodReturnType": "String",
            "isStatic": false,
            "descriptionElements": [
                "<div class=\"block\">\n The interaction token used for responding to an interaction.\n</div>"
            ],
            "deprecationElement": null,
            "details": {
                "RETURNS": [
                    "<dd>\n The interaction token\n</dd>"
                ]
            },
            "seeAlso": null
        },
        "replyModal(net.dv8tion.jda.api.interactions.modals.Modal)": {
            "elementId": "replyModal(net.dv8tion.jda.api.interactions.modals.Modal)",
            "methodAnnotations": "@Nonnull @CheckReturnValue",
            "methodName": "replyModal",
            "methodSignature": "@Nonnull @CheckReturnValue ModalCallbackAction replyModal(@Nonnull Modal modal)",
            "parameters": [
                {
                    "annotations": [
                        "Nonnull"
                    ],
                    "type": "net.dv8tion.jda.api.interactions.modals.Modal",
                    "simpleType": "Modal",
                    "name": "modal"
                }
            ],
            "methodReturnType": "ModalCallbackAction",
            "isStatic": false,
            "descriptionElements": [
                "<div class=\"block\">\n Acknowledgement of this interaction with a <a href=\"../modals/Modal.html\" title=\"interface in net.dv8tion.jda.api.interactions.modals\"><code>Modal</code></a>. \n <p>This will open a popup on the target user's Discord client.</p>\n <p>Interactions can only be acknowledged once.</p>\n <p><b>You only have 3 seconds to acknowledge an interaction!</b> <br>\n  When the acknowledgement is sent after the interaction expired, you will receive <a href=\"../../requests/ErrorResponse.html#UNKNOWN_INTERACTION\"><code>ErrorResponse.UNKNOWN_INTERACTION</code></a>.</p>\n</div>"
            ],
            "deprecationElement": null,
            "details": {
                "PARAMETERS": [
                    "<dd>\n <code>modal</code> - The Modal to send\n</dd>"
                ],
                "RETURNS": [
                    "<dd>\n ModalCallbackAction\n</dd>"
                ],
                "THROWS": [
                    "<dd>\n <code><a href=\"https://docs.oracle.com/javase/8/docs/api/java/lang/IllegalArgumentException.html\" title=\"class or interface in java.lang\" class=\"external-link\">IllegalArgumentException</a></code> - If the provided modal is null\n</dd>"
                ]
            },
            "seeAlso": null
        },
        "getIntegrationOwners()": {
            "elementId": "getIntegrationOwners()",
            "methodAnnotations": "@Nonnull",
            "methodName": "getIntegrationOwners",
            "methodSignature": "@Nonnull IntegrationOwners getIntegrationOwners()",
            "parameters": [],
            "methodReturnType": "IntegrationOwners",
            "isStatic": false,
            "descriptionElements": [
                "<div class=\"block\">\n Returns the integration owners of this interaction, which depends on how the app was installed.\n</div>"
            ],
            "deprecationElement": null,
            "details": {
                "RETURNS": [
                    "<dd>\n The integration owners of this interaction\n</dd>"
                ]
            },
            "seeAlso": null
        },
        "getChannelId()": {
            "elementId": "getChannelId()",
            "methodAnnotations": "@Nullable",
            "methodName": "getChannelId",
            "methodSignature": "@Nullable default String getChannelId()",
            "parameters": [],
            "methodReturnType": "String",
            "isStatic": false,
            "descriptionElements": [
                "<div class=\"block\">\n The ID of the channel this interaction happened in. \n <br>\n This might be null if no channel context is provided in future interaction types.\n</div>"
            ],
            "deprecationElement": null,
            "details": {
                "RETURNS": [
                    "<dd>\n The channel ID, or null if no channel context is provided\n</dd>"
                ]
            },
            "seeAlso": null
        },
        "getJDA()": {
            "elementId": "getJDA()",
            "methodAnnotations": "@Nonnull",
            "methodName": "getJDA",
            "methodSignature": "@Nonnull JDA getJDA()",
            "parameters": [],
            "methodReturnType": "JDA",
            "isStatic": false,
            "descriptionElements": [
                "<div class=\"block\">\n Returns the <a href=\"../JDA.html\" title=\"interface in net.dv8tion.jda.api\"><code>JDA</code></a> instance of this interaction\n</div>"
            ],
            "deprecationElement": null,
            "details": {
                "RETURNS": [
                    "<dd>\n the corresponding JDA instance\n</dd>"
                ]
            },
            "seeAlso": null
        },
        "getChannelType()": {
            "elementId": "getChannelType()",
            "methodAnnotations": "@Nonnull",
            "methodName": "getChannelType",
            "methodSignature": "@Nonnull default ChannelType getChannelType()",
            "parameters": [],
            "methodReturnType": "ChannelType",
            "isStatic": false,
            "descriptionElements": [
                "<div class=\"block\">\n The <a href=\"../entities/channel/ChannelType.html\" title=\"enum in net.dv8tion.jda.api.entities.channel\"><code>ChannelType</code></a> for the channel this interaction came from. \n <br>\n If <a href=\"#getChannel()\"><code>getChannel()</code></a> is null, this returns <a href=\"../entities/channel/ChannelType.html#UNKNOWN\"><code>ChannelType.UNKNOWN</code></a>.\n</div>"
            ],
            "deprecationElement": null,
            "details": {
                "RETURNS": [
                    "<dd>\n The <a href=\"../entities/channel/ChannelType.html\" title=\"enum in net.dv8tion.jda.api.entities.channel\"><code>ChannelType</code></a>\n</dd>"
                ]
            },
            "seeAlso": null
        },
        "getGuild()": {
            "elementId": "getGuild()",
            "methodAnnotations": "@Nullable",
            "methodName": "getGuild",
            "methodSignature": "@Nullable Guild getGuild()",
            "parameters": [],
            "methodReturnType": "Guild",
            "isStatic": false,
            "descriptionElements": [
                "<div class=\"block\">\n The <a href=\"../entities/Guild.html\" title=\"interface in net.dv8tion.jda.api.entities\"><code>Guild</code></a> this interaction happened in. \n <br>\n This is null in direct messages.\n</div>"
            ],
            "deprecationElement": null,
            "details": {
                "RETURNS": [
                    "<dd>\n The <a href=\"../entities/Guild.html\" title=\"interface in net.dv8tion.jda.api.entities\"><code>Guild</code></a> or null\n</dd>"
                ]
            },
            "seeAlso": null
        },
        "isFromGuild()": {
            "elementId": "isFromGuild()",
            "methodAnnotations": null,
            "methodName": "isFromGuild",
            "methodSignature": "default boolean isFromGuild()",
            "parameters": [],
            "methodReturnType": "boolean",
            "isStatic": false,
            "descriptionElements": [
                "<div class=\"block\">\n Whether this interaction came from a <a href=\"../entities/Guild.html\" title=\"interface in net.dv8tion.jda.api.entities\"><code>Guild</code></a>. \n <br>\n This is identical to <code>getGuild() != null</code>\n</div>"
            ],
            "deprecationElement": null,
            "details": {
                "RETURNS": [
                    "<dd>\n True, if this interaction happened in a guild\n</dd>"
                ]
            },
            "seeAlso": null
        },
        "isAcknowledged()": {
            "elementId": "isAcknowledged()",
            "methodAnnotations": null,
            "methodName": "isAcknowledged",
            "methodSignature": "boolean isAcknowledged()",
            "parameters": [],
            "methodReturnType": "boolean",
            "isStatic": false,
            "descriptionElements": [
                "<div class=\"block\">\n Whether this interaction has already been acknowledged. \n <br><b>Each interaction can only be acknowledged once.</b>\n</div>"
            ],
            "deprecationElement": null,
            "details": {
                "RETURNS": [
                    "<dd>\n True, if this interaction has already been acknowledged\n</dd>"
                ]
            },
            "seeAlso": null
        },
        "getMember()": {
            "elementId": "getMember()",
            "methodAnnotations": "@Nullable",
            "methodName": "getMember",
            "methodSignature": "@Nullable Member getMember()",
            "parameters": [],
            "methodReturnType": "Member",
            "isStatic": false,
            "descriptionElements": [
                "<div class=\"block\">\n The <a href=\"../entities/Member.html\" title=\"interface in net.dv8tion.jda.api.entities\"><code>Member</code></a> who caused this interaction. \n <br>\n This is null if the interaction is not from a guild.\n</div>"
            ],
            "deprecationElement": null,
            "details": {
                "RETURNS": [
                    "<dd>\n The <a href=\"../entities/Member.html\" title=\"interface in net.dv8tion.jda.api.entities\"><code>Member</code></a>\n</dd>"
                ]
            },
            "seeAlso": null
        },
        "getChannelIdLong()": {
            "elementId": "getChannelIdLong()",
            "methodAnnotations": null,
            "methodName": "getChannelIdLong",
            "methodSignature": "long getChannelIdLong()",
            "parameters": [],
            "methodReturnType": "long",
            "isStatic": false,
            "descriptionElements": [
                "<div class=\"block\">\n The ID of the channel this interaction happened in. \n <br>\n This might be 0 if no channel context is provided in future interaction types.\n</div>"
            ],
            "deprecationElement": null,
            "details": {
                "RETURNS": [
                    "<dd>\n The channel ID, or 0 if no channel context is provided\n</dd>"
                ]
            },
            "seeAlso": null
        },
        "getTimeCreated()": {
            "elementId": "getTimeCreated()",
            "methodAnnotations": "@Nonnull",
            "methodName": "getTimeCreated",
            "methodSignature": "@Nonnull default OffsetDateTime getTimeCreated()",
            "parameters": [],
            "methodReturnType": "OffsetDateTime",
            "isStatic": false,
            "descriptionElements": [
                "<div class=\"block\">\n The time this entity was created. Calculated through the Snowflake in <a href=\"#getIdLong()\"><code>getIdLong()</code></a>.\n</div>"
            ],
            "deprecationElement": null,
            "details": {
                "RETURNS": [
                    "<dd>\n OffsetDateTime - Time this entity was created at.\n</dd>"
                ],
                "SEE_ALSO": [
                    "<dd>\n <ul class=\"see-list\">\n  <li><a href=\"../utils/TimeUtil.html#getTimeCreated(long)\"><code>TimeUtil.getTimeCreated(long)</code></a></li>\n </ul>\n</dd>"
                ]
            },
            "seeAlso": {
                "references": [
                    {
                        "text": "TimeUtil#getTimeCreated(long)",
                        "link": "https://docs.jda.wiki/net/dv8tion/jda/api/utils/TimeUtil.html#getTimeCreated(long)",
                        "targetType": "METHOD",
                        "fullSignature": "TimeUtil#getTimeCreated(long)"
                    }
                ]
            }
        },
        "getTypeRaw()": {
            "elementId": "getTypeRaw()",
            "methodAnnotations": null,
            "methodName": "getTypeRaw",
            "methodSignature": "int getTypeRaw()",
            "parameters": [],
            "methodReturnType": "int",
            "isStatic": false,
            "descriptionElements": [
                "<div class=\"block\">\n The raw interaction type. \n <br>\n It is recommended to use <a href=\"#getType()\"><code>getType()</code></a> instead.\n</div>"
            ],
            "deprecationElement": null,
            "details": {
                "RETURNS": [
                    "<dd>\n The raw interaction type\n</dd>"
                ]
            },
            "seeAlso": null
        }
    },
    "fields": {}
}