{
    "classNameFqcn": "net.dv8tion.jda.api.audio.factory.DefaultSendFactory",
    "descriptionElements": [
        "<div class=\"block\">\n The default implementation of the <a href=\"IAudioSendFactory.html\" title=\"interface in net.dv8tion.jda.api.audio.factory\"><code>IAudioSendFactory</code></a>.\n</div>"
    ],
    "deprecationElement": null,
    "details": {
        "ALL_IMPLEMENTED_INTERFACES": [
            "<dd>\n <code><a href=\"IAudioSendFactory.html\" title=\"interface in net.dv8tion.jda.api.audio.factory\">IAudioSendFactory</a></code>\n</dd>"
        ]
    },
    "seeAlso": null,
    "methods": {
        "createSendSystem(net.dv8tion.jda.api.audio.factory.IPacketProvider)": {
            "elementId": "createSendSystem(net.dv8tion.jda.api.audio.factory.IPacketProvider)",
            "methodAnnotations": "@Nonnull",
            "methodName": "createSendSystem",
            "methodSignature": "@Nonnull public IAudioSendSystem createSendSystem(@Nonnull IPacketProvider packetProvider)",
            "methodParameters": {
                "originalText": "(@Nonnull IPacketProvider packetProvider)",
                "parameters": [
                    {
                        "annotations": [
                            "Nonnull"
                        ],
                        "type": "net.dv8tion.jda.api.audio.factory.IPacketProvider",
                        "simpleType": "IPacketProvider",
                        "name": "packetProvider"
                    }
                ]
            },
            "methodReturnType": "IAudioSendSystem",
            "isStatic": false,
            "descriptionElements": [
                "<div class=\"block\">\n <span class=\"descfrm-type-label\">Description copied from interface:&nbsp;<code><a href=\"IAudioSendFactory.html#createSendSystem(net.dv8tion.jda.api.audio.factory.IPacketProvider)\">IAudioSendFactory</a></code></span>\n</div>",
                "<div class=\"block\">\n Called by JDA's audio system when a new <a href=\"IAudioSendSystem.html\" title=\"interface in net.dv8tion.jda.api.audio.factory\"><code>IAudioSendSystem</code></a> instance is needed to handle the sending of UDP audio packets to discord.\n</div>"
            ],
            "deprecationElement": null,
            "details": {
                "PARAMETERS": [
                    "<dd>\n <code>packetProvider</code> - The connection provided to the new <a href=\"IAudioSendSystem.html\" title=\"interface in net.dv8tion.jda.api.audio.factory\"><code>IAudioSendSystem</code></a> object for proper setup and usage.\n</dd>"
                ],
                "RETURNS": [
                    "<dd>\n The newly constructed IAudioSendSystem, ready for <a href=\"IAudioSendSystem.html#start()\"><code>IAudioSendSystem.start()</code></a> to be called.\n</dd>"
                ],
                "SPECIFIED_BY": [
                    "<dd>\n <code><a href=\"IAudioSendFactory.html#createSendSystem(net.dv8tion.jda.api.audio.factory.IPacketProvider)\">createSendSystem</a></code>&nbsp;in interface&nbsp;<code><a href=\"IAudioSendFactory.html\" title=\"interface in net.dv8tion.jda.api.audio.factory\">IAudioSendFactory</a></code>\n</dd>"
                ]
            },
            "seeAlso": null
        },
        "<init>()": {
            "elementId": "<init>()",
            "methodAnnotations": null,
            "methodName": "DefaultSendFactory",
            "methodSignature": "public DefaultSendFactory()",
            "methodParameters": null,
            "methodReturnType": "DefaultSendFactory",
            "isStatic": false,
            "descriptionElements": [],
            "deprecationElement": null,
            "details": {},
            "seeAlso": null
        }
    },
    "fields": {}
}