{
    "classNameFqcn": "net.dv8tion.jda.api.audio.hooks.ConnectionStatus",
    "descriptionElements": [
        "<div class=\"block\">\n Represents the connection status of an audio connection.\n</div>"
    ],
    "deprecationElement": null,
    "details": {
        "ALL_IMPLEMENTED_INTERFACES": [
            "<dd>\n <code><a href=\"https://docs.oracle.com/javase/8/docs/api/java/io/Serializable.html\" title=\"class or interface in java.io\" class=\"external-link\">Serializable</a></code>, <code><a href=\"https://docs.oracle.com/javase/8/docs/api/java/lang/Comparable.html\" title=\"class or interface in java.lang\" class=\"external-link\">Comparable</a>&lt;<a href=\"ConnectionStatus.html\" title=\"enum in net.dv8tion.jda.api.audio.hooks\">ConnectionStatus</a>&gt;</code>\n</dd>"
        ]
    },
    "seeAlso": null,
    "methods": {
        "values()": {
            "elementId": "values()",
            "methodAnnotations": null,
            "methodName": "values",
            "methodSignature": "public static ConnectionStatus[] values()",
            "parameters": [],
            "methodReturnType": "ConnectionStatus[]",
            "isStatic": true,
            "descriptionElements": [
                "<div class=\"block\">\n Returns an array containing the constants of this enum type, in the order they are declared.\n</div>"
            ],
            "deprecationElement": null,
            "details": {
                "RETURNS": [
                    "<dd>\n an array containing the constants of this enum type, in the order they are declared\n</dd>"
                ]
            },
            "seeAlso": null
        },
        "valueOf(java.lang.String)": {
            "elementId": "valueOf(java.lang.String)",
            "methodAnnotations": null,
            "methodName": "valueOf",
            "methodSignature": "public static ConnectionStatus valueOf(String name)",
            "parameters": [
                {
                    "annotations": [],
                    "type": "java.lang.String",
                    "simpleType": "String",
                    "name": "name"
                }
            ],
            "methodReturnType": "ConnectionStatus",
            "isStatic": true,
            "descriptionElements": [
                "<div class=\"block\">\n Returns the enum constant of this type with the specified name. The string must match <i>exactly</i> an identifier used to declare an enum constant in this type. (Extraneous whitespace characters are not permitted.)\n</div>"
            ],
            "deprecationElement": null,
            "details": {
                "PARAMETERS": [
                    "<dd>\n <code>name</code> - the name of the enum constant to be returned.\n</dd>"
                ],
                "RETURNS": [
                    "<dd>\n the enum constant with the specified name\n</dd>"
                ],
                "THROWS": [
                    "<dd>\n <code><a href=\"https://docs.oracle.com/javase/8/docs/api/java/lang/IllegalArgumentException.html\" title=\"class or interface in java.lang\" class=\"external-link\">IllegalArgumentException</a></code> - if this enum type has no constant with the specified name\n</dd>",
                    "<dd>\n <code><a href=\"https://docs.oracle.com/javase/8/docs/api/java/lang/NullPointerException.html\" title=\"class or interface in java.lang\" class=\"external-link\">NullPointerException</a></code> - if the argument is null\n</dd>"
                ]
            },
            "seeAlso": null
        },
        "shouldReconnect()": {
            "elementId": "shouldReconnect()",
            "methodAnnotations": null,
            "methodName": "shouldReconnect",
            "methodSignature": "public boolean shouldReconnect()",
            "parameters": [],
            "methodReturnType": "boolean",
            "isStatic": false,
            "descriptionElements": [],
            "deprecationElement": null,
            "details": {},
            "seeAlso": null
        }
    },
    "fields": {
        "ERROR_WEBSOCKET_UNABLE_TO_CONNECT": {
            "elementId": "ERROR_WEBSOCKET_UNABLE_TO_CONNECT",
            "fieldName": "ERROR_WEBSOCKET_UNABLE_TO_CONNECT",
            "fieldType": "ConnectionStatus",
            "fieldValue": null,
            "descriptionElements": [
                "<div class=\"block\">\n Indicates that the audio Websocket was unable to connect to discord. This could be due to an internet problem causing a connection problem or an error on Discord's side (possibly due to load) \n <br>\n JDA automatically attempts to reconnect when this error occurs.\n</div>"
            ],
            "deprecationElement": null,
            "modifiers": "public static final"
        },
        "DISCONNECTED_AUTHENTICATION_FAILURE": {
            "elementId": "DISCONNECTED_AUTHENTICATION_FAILURE",
            "fieldName": "DISCONNECTED_AUTHENTICATION_FAILURE",
            "fieldType": "ConnectionStatus",
            "fieldValue": null,
            "descriptionElements": [
                "<div class=\"block\">\n Indicates that our token was not valid.\n</div>"
            ],
            "deprecationElement": null,
            "modifiers": "public static final"
        },
        "ERROR_UDP_UNABLE_TO_CONNECT": {
            "elementId": "ERROR_UDP_UNABLE_TO_CONNECT",
            "fieldName": "ERROR_UDP_UNABLE_TO_CONNECT",
            "fieldType": "ConnectionStatus",
            "fieldValue": null,
            "descriptionElements": [
                "<div class=\"block\">\n Indicates that the UDP setup failed. This is caused when JDA cannot properly communicate with Discord to discover the system's external IP and port which audio data will be sent from. Typically caused by an internet problem or an overly aggressive NAT port table. \n <br>\n JDA automatically attempts to reconnect when this error occurs.\n</div>"
            ],
            "deprecationElement": null,
            "modifiers": "public static final"
        },
        "DISCONNECTED_REMOVED_DURING_RECONNECT": {
            "elementId": "DISCONNECTED_REMOVED_DURING_RECONNECT",
            "fieldName": "DISCONNECTED_REMOVED_DURING_RECONNECT",
            "fieldType": "ConnectionStatus",
            "fieldValue": null,
            "descriptionElements": [
                "<div class=\"block\">\n Indicates that the logged in account was removed from the <a href=\"../../entities/Guild.html\" title=\"interface in net.dv8tion.jda.api.entities\"><code>Guild</code></a> while reconnecting to the gateway\n</div>"
            ],
            "deprecationElement": null,
            "modifiers": "public static final"
        },
        "NOT_CONNECTED": {
            "elementId": "NOT_CONNECTED",
            "fieldName": "NOT_CONNECTED",
            "fieldType": "ConnectionStatus",
            "fieldValue": null,
            "descriptionElements": [
                "<div class=\"block\">\n Indicates that there is no open connection or that the connection was closed by choice, not by error.\n</div>"
            ],
            "deprecationElement": null,
            "modifiers": "public static final"
        },
        "CONNECTING_AWAITING_READY": {
            "elementId": "CONNECTING_AWAITING_READY",
            "fieldName": "CONNECTING_AWAITING_READY",
            "fieldType": "ConnectionStatus",
            "fieldValue": null,
            "descriptionElements": [
                "<div class=\"block\">\n After determining our external ip and port, JDA forwards this information to Discord so that it can send audio packets for us to properly receive. At this point, JDA is waiting for final websocket READY.\n</div>"
            ],
            "deprecationElement": null,
            "modifiers": "public static final"
        },
        "ERROR_CONNECTION_TIMEOUT": {
            "elementId": "ERROR_CONNECTION_TIMEOUT",
            "fieldName": "ERROR_CONNECTION_TIMEOUT",
            "fieldType": "ConnectionStatus",
            "fieldValue": null,
            "descriptionElements": [
                "<div class=\"block\">\n Occurs when it takes longer than <a href=\"../../managers/AudioManager.html#getConnectTimeout()\"><code>AudioManager.getConnectTimeout()</code></a> to establish the Websocket connection and setup the UDP connection. \n <br>\n JDA automatically attempts to reconnect when this error occurs.\n</div>"
            ],
            "deprecationElement": null,
            "modifiers": "public static final"
        },
        "AUDIO_REGION_CHANGE": {
            "elementId": "AUDIO_REGION_CHANGE",
            "fieldName": "AUDIO_REGION_CHANGE",
            "fieldType": "ConnectionStatus",
            "fieldValue": null,
            "descriptionElements": [
                "<div class=\"block\">\n Indicates that the audio connection was closed due to the <a href=\"../../Region.html\" title=\"enum in net.dv8tion.jda.api\"><code>Region</code></a> of the audio connection being changed. JDA will automatically attempt to reconnect the audio connection regardless of the value of the <a href=\"../../managers/AudioManager.html#isAutoReconnect()\"><code>AudioManager.isAutoReconnect()</code></a>.\n</div>"
            ],
            "deprecationElement": null,
            "modifiers": "public static final"
        },
        "DISCONNECTED_KICKED_FROM_CHANNEL": {
            "elementId": "DISCONNECTED_KICKED_FROM_CHANNEL",
            "fieldName": "DISCONNECTED_KICKED_FROM_CHANNEL",
            "fieldType": "ConnectionStatus",
            "fieldValue": null,
            "descriptionElements": [
                "<div class=\"block\">\n Indicates that we were kicked from a channel by a moderator\n</div>"
            ],
            "deprecationElement": null,
            "modifiers": "public static final"
        },
        "DISCONNECTED_LOST_PERMISSION": {
            "elementId": "DISCONNECTED_LOST_PERMISSION",
            "fieldName": "DISCONNECTED_LOST_PERMISSION",
            "fieldType": "ConnectionStatus",
            "fieldValue": null,
            "descriptionElements": [
                "<div class=\"block\">\n Indicates that the logged in account lost the <a href=\"../../Permission.html#VOICE_CONNECT\"><code>Permission.VOICE_CONNECT</code></a> and cannot connect to the channel.\n</div>"
            ],
            "deprecationElement": null,
            "modifiers": "public static final"
        },
        "CONNECTING_AWAITING_WEBSOCKET_CONNECT": {
            "elementId": "CONNECTING_AWAITING_WEBSOCKET_CONNECT",
            "fieldName": "CONNECTING_AWAITING_WEBSOCKET_CONNECT",
            "fieldType": "ConnectionStatus",
            "fieldValue": null,
            "descriptionElements": [
                "<div class=\"block\">\n JDA has received a valid endpoint and is attempting to setup and connect the audio websocket\n</div>"
            ],
            "deprecationElement": null,
            "modifiers": "public static final"
        },
        "CONNECTING_ATTEMPTING_UDP_DISCOVERY": {
            "elementId": "CONNECTING_ATTEMPTING_UDP_DISCOVERY",
            "fieldName": "CONNECTING_ATTEMPTING_UDP_DISCOVERY",
            "fieldType": "ConnectionStatus",
            "fieldValue": null,
            "descriptionElements": [
                "<div class=\"block\">\n JDA successfully authenticated the audio websocket and it now attempting UDP discovery. UDP discovery involves opening a UDP socket and sending a packet to a provided Discord remote resource which responds with the external ip and port which the packet was sent from.\n</div>"
            ],
            "deprecationElement": null,
            "modifiers": "public static final"
        },
        "CONNECTING_AWAITING_ENDPOINT": {
            "elementId": "CONNECTING_AWAITING_ENDPOINT",
            "fieldName": "CONNECTING_AWAITING_ENDPOINT",
            "fieldType": "ConnectionStatus",
            "fieldValue": null,
            "descriptionElements": [
                "<div class=\"block\">\n JDA is waiting on Discord to send a valid endpoint which to connect the audio websocket to.\n</div>"
            ],
            "deprecationElement": null,
            "modifiers": "public static final"
        },
        "ERROR_UNSUPPORTED_ENCRYPTION_MODES": {
            "elementId": "ERROR_UNSUPPORTED_ENCRYPTION_MODES",
            "fieldName": "ERROR_UNSUPPORTED_ENCRYPTION_MODES",
            "fieldType": "ConnectionStatus",
            "fieldValue": null,
            "descriptionElements": [
                "<div class=\"block\">\n Indicates that the audio WebSocket was unable to complete a handshake with discord, because discord did not provide any supported encryption modes. \n <br>\n JDA automatically attempts to reconnect when this error occurs.\n</div>"
            ],
            "deprecationElement": null,
            "modifiers": "public static final"
        },
        "SHUTTING_DOWN": {
            "elementId": "SHUTTING_DOWN",
            "fieldName": "SHUTTING_DOWN",
            "fieldType": "ConnectionStatus",
            "fieldValue": null,
            "descriptionElements": [
                "<div class=\"block\">\n Indicates that JDA was shutdown and no further connections should be established\n</div>"
            ],
            "deprecationElement": null,
            "modifiers": "public static final"
        },
        "CONNECTING_AWAITING_AUTHENTICATION": {
            "elementId": "CONNECTING_AWAITING_AUTHENTICATION",
            "fieldName": "CONNECTING_AWAITING_AUTHENTICATION",
            "fieldType": "ConnectionStatus",
            "fieldValue": null,
            "descriptionElements": [
                "<div class=\"block\">\n JDA has connected the audio websocket to Discord and has sent the authentication information, awaiting reply.\n</div>"
            ],
            "deprecationElement": null,
            "modifiers": "public static final"
        },
        "ERROR_LOST_CONNECTION": {
            "elementId": "ERROR_LOST_CONNECTION",
            "fieldName": "ERROR_LOST_CONNECTION",
            "fieldType": "ConnectionStatus",
            "fieldValue": null,
            "descriptionElements": [
                "<div class=\"block\">\n Indicates that the connection was lost, either via UDP socket problems or the audio Websocket disconnecting. \n <br>\n This is typically caused by a brief loss of internet which results in connection loss. \n <br>\n JDA automatically attempts to resume the session when this error occurs.\n</div>"
            ],
            "deprecationElement": null,
            "modifiers": "public static final"
        },
        "CONNECTED": {
            "elementId": "CONNECTED",
            "fieldName": "CONNECTED",
            "fieldType": "ConnectionStatus",
            "fieldValue": null,
            "descriptionElements": [
                "<div class=\"block\">\n The audio connection has been successfully setup and is ready for use.\n</div>"
            ],
            "deprecationElement": null,
            "modifiers": "public static final"
        },
        "DISCONNECTED_REMOVED_FROM_GUILD": {
            "elementId": "DISCONNECTED_REMOVED_FROM_GUILD",
            "fieldName": "DISCONNECTED_REMOVED_FROM_GUILD",
            "fieldType": "ConnectionStatus",
            "fieldValue": null,
            "descriptionElements": [
                "<div class=\"block\">\n Indicates that the logged in account was removed from the <a href=\"../../entities/Guild.html\" title=\"interface in net.dv8tion.jda.api.entities\"><code>Guild</code></a> that this audio connection was connected to, thus the connection was severed.\n</div>"
            ],
            "deprecationElement": null,
            "modifiers": "public static final"
        },
        "ERROR_CANNOT_RESUME": {
            "elementId": "ERROR_CANNOT_RESUME",
            "fieldName": "ERROR_CANNOT_RESUME",
            "fieldType": "ConnectionStatus",
            "fieldValue": null,
            "descriptionElements": [
                "<div class=\"block\">\n Indicates that the audio WebSocket was unable to resume an active session. \n <br>\n JDA automatically attempts to reconnect when this error occurs.\n</div>"
            ],
            "deprecationElement": null,
            "modifiers": "public static final"
        },
        "DISCONNECTED_CHANNEL_DELETED": {
            "elementId": "DISCONNECTED_CHANNEL_DELETED",
            "fieldName": "DISCONNECTED_CHANNEL_DELETED",
            "fieldType": "ConnectionStatus",
            "fieldValue": null,
            "descriptionElements": [
                "<div class=\"block\">\n Indicates that the channel which the audio connection was connected to was deleted, thus the connection was severed.\n</div>"
            ],
            "deprecationElement": null,
            "modifiers": "public static final"
        }
    }
}