{
    "classNameFqcn": "net.dv8tion.jda.api.events.guild.update.GenericGuildUpdateEvent",
    "descriptionElements": [
        "<div class=\"block\">\n Indicates that a <a href=\"../../../entities/Guild.html\" title=\"interface in net.dv8tion.jda.api.entities\"><code>Guild</code></a> was updated. \n <p>Can be used to detect when a Guild is updated.</p>\n</div>"
    ],
    "deprecationElement": null,
    "details": {
        "ALL_IMPLEMENTED_INTERFACES": [
            "<dd>\n <code><a href=\"../../GenericEvent.html\" title=\"interface in net.dv8tion.jda.api.events\">GenericEvent</a></code>, <code><a href=\"../../UpdateEvent.html\" title=\"interface in net.dv8tion.jda.api.events\">UpdateEvent</a>&lt;<a href=\"../../../entities/Guild.html\" title=\"interface in net.dv8tion.jda.api.entities\">Guild</a>,<wbr>T&gt;</code>\n</dd>"
        ],
        "DIRECT_KNOWN_SUBCLASSES": [
            "<dd>\n <code><a href=\"GuildUpdateAfkChannelEvent.html\" title=\"class in net.dv8tion.jda.api.events.guild.update\">GuildUpdateAfkChannelEvent</a></code>, <code><a href=\"GuildUpdateAfkTimeoutEvent.html\" title=\"class in net.dv8tion.jda.api.events.guild.update\">GuildUpdateAfkTimeoutEvent</a></code>, <code><a href=\"GuildUpdateBannerEvent.html\" title=\"class in net.dv8tion.jda.api.events.guild.update\">GuildUpdateBannerEvent</a></code>, <code><a href=\"GuildUpdateBoostCountEvent.html\" title=\"class in net.dv8tion.jda.api.events.guild.update\">GuildUpdateBoostCountEvent</a></code>, <code><a href=\"GuildUpdateBoostTierEvent.html\" title=\"class in net.dv8tion.jda.api.events.guild.update\">GuildUpdateBoostTierEvent</a></code>, <code><a href=\"GuildUpdateCommunityUpdatesChannelEvent.html\" title=\"class in net.dv8tion.jda.api.events.guild.update\">GuildUpdateCommunityUpdatesChannelEvent</a></code>, <code><a href=\"GuildUpdateDescriptionEvent.html\" title=\"class in net.dv8tion.jda.api.events.guild.update\">GuildUpdateDescriptionEvent</a></code>, <code><a href=\"GuildUpdateExplicitContentLevelEvent.html\" title=\"class in net.dv8tion.jda.api.events.guild.update\">GuildUpdateExplicitContentLevelEvent</a></code>, <code><a href=\"GuildUpdateFeaturesEvent.html\" title=\"class in net.dv8tion.jda.api.events.guild.update\">GuildUpdateFeaturesEvent</a></code>, <code><a href=\"GuildUpdateIconEvent.html\" title=\"class in net.dv8tion.jda.api.events.guild.update\">GuildUpdateIconEvent</a></code>, <code><a href=\"GuildUpdateLocaleEvent.html\" title=\"class in net.dv8tion.jda.api.events.guild.update\">GuildUpdateLocaleEvent</a></code>, <code><a href=\"GuildUpdateMaxMembersEvent.html\" title=\"class in net.dv8tion.jda.api.events.guild.update\">GuildUpdateMaxMembersEvent</a></code>, <code><a href=\"GuildUpdateMaxPresencesEvent.html\" title=\"class in net.dv8tion.jda.api.events.guild.update\">GuildUpdateMaxPresencesEvent</a></code>, <code><a href=\"GuildUpdateMFALevelEvent.html\" title=\"class in net.dv8tion.jda.api.events.guild.update\">GuildUpdateMFALevelEvent</a></code>, <code><a href=\"GuildUpdateNameEvent.html\" title=\"class in net.dv8tion.jda.api.events.guild.update\">GuildUpdateNameEvent</a></code>, <code><a href=\"GuildUpdateNotificationLevelEvent.html\" title=\"class in net.dv8tion.jda.api.events.guild.update\">GuildUpdateNotificationLevelEvent</a></code>, <code><a href=\"GuildUpdateNSFWLevelEvent.html\" title=\"class in net.dv8tion.jda.api.events.guild.update\">GuildUpdateNSFWLevelEvent</a></code>, <code><a href=\"GuildUpdateOwnerEvent.html\" title=\"class in net.dv8tion.jda.api.events.guild.update\">GuildUpdateOwnerEvent</a></code>, <code><a href=\"GuildUpdateRulesChannelEvent.html\" title=\"class in net.dv8tion.jda.api.events.guild.update\">GuildUpdateRulesChannelEvent</a></code>, <code><a href=\"GuildUpdateSafetyAlertsChannelEvent.html\" title=\"class in net.dv8tion.jda.api.events.guild.update\">GuildUpdateSafetyAlertsChannelEvent</a></code>, <code><a href=\"GuildUpdateSecurityIncidentActionsEvent.html\" title=\"class in net.dv8tion.jda.api.events.guild.update\">GuildUpdateSecurityIncidentActionsEvent</a></code>, <code><a href=\"GuildUpdateSecurityIncidentDetectionsEvent.html\" title=\"class in net.dv8tion.jda.api.events.guild.update\">GuildUpdateSecurityIncidentDetectionsEvent</a></code>, <code><a href=\"GuildUpdateSplashEvent.html\" title=\"class in net.dv8tion.jda.api.events.guild.update\">GuildUpdateSplashEvent</a></code>, <code><a href=\"GuildUpdateSystemChannelEvent.html\" title=\"class in net.dv8tion.jda.api.events.guild.update\">GuildUpdateSystemChannelEvent</a></code>, <code><a href=\"GuildUpdateVanityCodeEvent.html\" title=\"class in net.dv8tion.jda.api.events.guild.update\">GuildUpdateVanityCodeEvent</a></code>, <code><a href=\"GuildUpdateVerificationLevelEvent.html\" title=\"class in net.dv8tion.jda.api.events.guild.update\">GuildUpdateVerificationLevelEvent</a></code>\n</dd>"
        ]
    },
    "seeAlso": null,
    "methods": {
        "getJDA()": {
            "elementId": "getJDA()",
            "methodAnnotations": "@Nonnull",
            "methodName": "getJDA",
            "methodSignature": "@Nonnull JDA getJDA()",
            "parameters": [],
            "methodReturnType": "JDA",
            "isStatic": false,
            "descriptionElements": [
                "<div class=\"block\">\n The current JDA instance corresponding to this Event\n</div>"
            ],
            "deprecationElement": null,
            "details": {
                "RETURNS": [
                    "<dd>\n The corresponding JDA instance\n</dd>"
                ]
            },
            "seeAlso": null
        },
        "getEntityType()": {
            "elementId": "getEntityType()",
            "methodAnnotations": "@Nonnull",
            "methodName": "getEntityType",
            "methodSignature": "@Nonnull default Class<E> getEntityType()",
            "parameters": [],
            "methodReturnType": "Class<E>",
            "isStatic": false,
            "descriptionElements": [
                "<div class=\"block\">\n Class representation of the affected entity, useful when dealing with refection.\n</div>"
            ],
            "deprecationElement": null,
            "details": {
                "RETURNS": [
                    "<dd>\n The class of the affected entity\n</dd>"
                ]
            },
            "seeAlso": null
        },
        "getOldValue()": {
            "elementId": "getOldValue()",
            "methodAnnotations": "@Nullable",
            "methodName": "getOldValue",
            "methodSignature": "@Nullable public T getOldValue()",
            "parameters": [],
            "methodReturnType": "T",
            "isStatic": false,
            "descriptionElements": [
                "<div class=\"block\">\n <span class=\"descfrm-type-label\">Description copied from interface:&nbsp;<code><a href=\"../../UpdateEvent.html#getOldValue()\">UpdateEvent</a></code></span>\n</div>",
                "<div class=\"block\">\n The old value\n</div>"
            ],
            "deprecationElement": null,
            "details": {
                "RETURNS": [
                    "<dd>\n The old value\n</dd>"
                ],
                "SPECIFIED_BY": [
                    "<dd>\n <code><a href=\"../../UpdateEvent.html#getOldValue()\">getOldValue</a></code>&nbsp;in interface&nbsp;<code><a href=\"../../UpdateEvent.html\" title=\"interface in net.dv8tion.jda.api.events\">UpdateEvent</a>&lt;<a href=\"../../../entities/Guild.html\" title=\"interface in net.dv8tion.jda.api.entities\">Guild</a>,<wbr><a href=\"GenericGuildUpdateEvent.html\" title=\"type parameter in GenericGuildUpdateEvent\">T</a>&gt;</code>\n</dd>"
                ]
            },
            "seeAlso": null
        },
        "getPropertyIdentifier()": {
            "elementId": "getPropertyIdentifier()",
            "methodAnnotations": "@Nonnull",
            "methodName": "getPropertyIdentifier",
            "methodSignature": "@Nonnull public String getPropertyIdentifier()",
            "parameters": [],
            "methodReturnType": "String",
            "isStatic": false,
            "descriptionElements": [
                "<div class=\"block\">\n <span class=\"descfrm-type-label\">Description copied from interface:&nbsp;<code><a href=\"../../UpdateEvent.html#getPropertyIdentifier()\">UpdateEvent</a></code></span>\n</div>",
                "<div class=\"block\">\n The field name for the updated property \n <p><b>Example</b><br></p>\n <pre><code>\n @Override\n public void onGenericRoleUpdate(GenericRoleUpdateEvent event)\n {\n     switch (event.getPropertyIdentifier())\n     {\n     case RoleUpdateColorEvent.IDENTIFIER:\n         System.out.printf(\"Updated color for role: %s%n\", event);\n         break;\n     case RoleUpdatePositionEvent.IDENTIFIER:\n         RoleUpdatePositionEvent update = (RoleUpdatePositionEvent) event;\n         System.out.printf(\"Updated position for role: %s raw(%s-&gt;%s)%n\", event, update.getOldPositionRaw(), update.getNewPositionRaw());\n         break;\n     default: return;\n     }\n }\n </code></pre>\n</div>"
            ],
            "deprecationElement": null,
            "details": {
                "RETURNS": [
                    "<dd>\n The name of the updated property\n</dd>"
                ],
                "SPECIFIED_BY": [
                    "<dd>\n <code><a href=\"../../UpdateEvent.html#getPropertyIdentifier()\">getPropertyIdentifier</a></code>&nbsp;in interface&nbsp;<code><a href=\"../../UpdateEvent.html\" title=\"interface in net.dv8tion.jda.api.events\">UpdateEvent</a>&lt;<a href=\"../../../entities/Guild.html\" title=\"interface in net.dv8tion.jda.api.entities\">Guild</a>,<wbr><a href=\"GenericGuildUpdateEvent.html\" title=\"type parameter in GenericGuildUpdateEvent\">T</a>&gt;</code>\n</dd>"
                ]
            },
            "seeAlso": null
        },
        "getResponseNumber()": {
            "elementId": "getResponseNumber()",
            "methodAnnotations": null,
            "methodName": "getResponseNumber",
            "methodSignature": "long getResponseNumber()",
            "parameters": [],
            "methodReturnType": "long",
            "isStatic": false,
            "descriptionElements": [
                "<div class=\"block\">\n The current sequence for this event. \n <br>\n This can be used to keep events in order when making sequencing system.\n</div>"
            ],
            "deprecationElement": null,
            "details": {
                "RETURNS": [
                    "<dd>\n The current sequence number for this event\n</dd>"
                ]
            },
            "seeAlso": null
        },
        "getEntity()": {
            "elementId": "getEntity()",
            "methodAnnotations": "@Nonnull",
            "methodName": "getEntity",
            "methodSignature": "@Nonnull public Guild getEntity()",
            "parameters": [],
            "methodReturnType": "Guild",
            "isStatic": false,
            "descriptionElements": [
                "<div class=\"block\">\n <span class=\"descfrm-type-label\">Description copied from interface:&nbsp;<code><a href=\"../../UpdateEvent.html#getEntity()\">UpdateEvent</a></code></span>\n</div>",
                "<div class=\"block\">\n The affected entity\n</div>"
            ],
            "deprecationElement": null,
            "details": {
                "RETURNS": [
                    "<dd>\n The affected entity\n</dd>"
                ],
                "SPECIFIED_BY": [
                    "<dd>\n <code><a href=\"../../UpdateEvent.html#getEntity()\">getEntity</a></code>&nbsp;in interface&nbsp;<code><a href=\"../../UpdateEvent.html\" title=\"interface in net.dv8tion.jda.api.events\">UpdateEvent</a>&lt;<a href=\"../../../entities/Guild.html\" title=\"interface in net.dv8tion.jda.api.entities\">Guild</a>,<wbr><a href=\"GenericGuildUpdateEvent.html\" title=\"type parameter in GenericGuildUpdateEvent\">T</a>&gt;</code>\n</dd>"
                ]
            },
            "seeAlso": null
        },
        "toString()": {
            "elementId": "toString()",
            "methodAnnotations": null,
            "methodName": "toString",
            "methodSignature": "public String toString()",
            "parameters": [],
            "methodReturnType": "String",
            "isStatic": false,
            "descriptionElements": [],
            "deprecationElement": null,
            "details": {
                "OVERRIDES": [
                    "<dd>\n <code><a href=\"https://docs.oracle.com/javase/8/docs/api/java/lang/Object.html#toString--\" title=\"class or interface in java.lang\" class=\"external-link\">toString</a></code>&nbsp;in class&nbsp;<code><a href=\"https://docs.oracle.com/javase/8/docs/api/java/lang/Object.html\" title=\"class or interface in java.lang\" class=\"external-link\">Object</a></code>\n</dd>"
                ]
            },
            "seeAlso": null
        },
        "getRawData()": {
            "elementId": "getRawData()",
            "methodAnnotations": "@Nullable",
            "methodName": "getRawData",
            "methodSignature": "@Nullable DataObject getRawData()",
            "parameters": [],
            "methodReturnType": "DataObject",
            "isStatic": false,
            "descriptionElements": [
                "<div class=\"block\">\n The passthrough data that this event was serialized from. This data might be null in rare situations, for example, if the event came from a rest action. \n <br>\n This provides the full gateway message payload, including sequence, event name and dispatch type. For details, read the official <a href=\"https://discord.dev/topics/gateway\" target=\"_blank\">Discord Documentation</a>.\n</div>"
            ],
            "deprecationElement": null,
            "details": {
                "RETURNS": [
                    "<dd>\n The corresponding <a href=\"../utils/data/DataObject.html\" title=\"class in net.dv8tion.jda.api.utils.data\"><code>DataObject</code></a>\n</dd>"
                ],
                "THROWS": [
                    "<dd>\n <code><a href=\"https://docs.oracle.com/javase/8/docs/api/java/lang/IllegalStateException.html\" title=\"class or interface in java.lang\" class=\"external-link\">IllegalStateException</a></code> - If event passthrough was not enabled, see <a href=\"../JDABuilder.html#setEventPassthrough(boolean)\"><code>JDABuilder#setEventPassthrough(boolean)</code></a>\n</dd>"
                ]
            },
            "seeAlso": null
        },
        "<init>(net.dv8tion.jda.api.JDA,long,net.dv8tion.jda.api.entities.Guild,T,T,java.lang.String)": {
            "elementId": "<init>(net.dv8tion.jda.api.JDA,long,net.dv8tion.jda.api.entities.Guild,T,T,java.lang.String)",
            "methodAnnotations": null,
            "methodName": "GenericGuildUpdateEvent",
            "methodSignature": "public GenericGuildUpdateEvent(@Nonnull JDA api, long responseNumber, @Nonnull Guild guild, @Nullable T previous, @Nullable T next, @Nonnull String identifier)",
            "parameters": [
                {
                    "annotations": [
                        "Nonnull"
                    ],
                    "type": "net.dv8tion.jda.api.JDA",
                    "simpleType": "JDA",
                    "name": "api"
                },
                {
                    "annotations": [],
                    "type": "long",
                    "simpleType": "long",
                    "name": "responseNumber"
                },
                {
                    "annotations": [
                        "Nonnull"
                    ],
                    "type": "net.dv8tion.jda.api.entities.Guild",
                    "simpleType": "Guild",
                    "name": "guild"
                },
                {
                    "annotations": [
                        "Nullable"
                    ],
                    "type": "T",
                    "simpleType": "T",
                    "name": "previous"
                },
                {
                    "annotations": [
                        "Nullable"
                    ],
                    "type": "T",
                    "simpleType": "T",
                    "name": "next"
                },
                {
                    "annotations": [
                        "Nonnull"
                    ],
                    "type": "java.lang.String",
                    "simpleType": "String",
                    "name": "identifier"
                }
            ],
            "methodReturnType": "GenericGuildUpdateEvent",
            "isStatic": false,
            "descriptionElements": [],
            "deprecationElement": null,
            "details": {},
            "seeAlso": null
        },
        "getNewValue()": {
            "elementId": "getNewValue()",
            "methodAnnotations": "@Nullable",
            "methodName": "getNewValue",
            "methodSignature": "@Nullable public T getNewValue()",
            "parameters": [],
            "methodReturnType": "T",
            "isStatic": false,
            "descriptionElements": [
                "<div class=\"block\">\n <span class=\"descfrm-type-label\">Description copied from interface:&nbsp;<code><a href=\"../../UpdateEvent.html#getNewValue()\">UpdateEvent</a></code></span>\n</div>",
                "<div class=\"block\">\n The new value\n</div>"
            ],
            "deprecationElement": null,
            "details": {
                "RETURNS": [
                    "<dd>\n The new value\n</dd>"
                ],
                "SPECIFIED_BY": [
                    "<dd>\n <code><a href=\"../../UpdateEvent.html#getNewValue()\">getNewValue</a></code>&nbsp;in interface&nbsp;<code><a href=\"../../UpdateEvent.html\" title=\"interface in net.dv8tion.jda.api.events\">UpdateEvent</a>&lt;<a href=\"../../../entities/Guild.html\" title=\"interface in net.dv8tion.jda.api.entities\">Guild</a>,<wbr><a href=\"GenericGuildUpdateEvent.html\" title=\"type parameter in GenericGuildUpdateEvent\">T</a>&gt;</code>\n</dd>"
                ]
            },
            "seeAlso": null
        },
        "getGuild()": {
            "elementId": "getGuild()",
            "methodAnnotations": "@Nonnull",
            "methodName": "getGuild",
            "methodSignature": "@Nonnull public Guild getGuild()",
            "parameters": [],
            "methodReturnType": "Guild",
            "isStatic": false,
            "descriptionElements": [
                "<div class=\"block\">\n The <a href=\"../../entities/Guild.html\" title=\"interface in net.dv8tion.jda.api.entities\"><code>Guild</code></a>\n</div>"
            ],
            "deprecationElement": null,
            "details": {
                "RETURNS": [
                    "<dd>\n The Guild\n</dd>"
                ]
            },
            "seeAlso": null
        }
    },
    "fields": {}
}