{
    "classNameFqcn": "net.dv8tion.jda.api.events.guild.update.GuildUpdateIconEvent",
    "descriptionElements": [
        "<div class=\"block\">\n Indicates that the Icon of a <a href=\"../../../entities/Guild.html\" title=\"interface in net.dv8tion.jda.api.entities\"><code>Guild</code></a> changed.\n <p>Can be used to detect when a guild icon changes and retrieve the old one</p>\n <p>Identifier: <code>icon</code></p>\n</div>"
    ],
    "deprecationElement": null,
    "details": {
        "ALL_IMPLEMENTED_INTERFACES": [
            "<dd>\n <code><a href=\"../../GenericEvent.html\" title=\"interface in net.dv8tion.jda.api.events\">GenericEvent</a></code>, <code><a href=\"../../UpdateEvent.html\" title=\"interface in net.dv8tion.jda.api.events\">UpdateEvent</a>&lt;<a href=\"../../../entities/Guild.html\" title=\"interface in net.dv8tion.jda.api.entities\">Guild</a>,<wbr><a href=\"https://docs.oracle.com/javase/8/docs/api/java/lang/String.html\" title=\"class or interface in java.lang\" class=\"external-link\">String</a>&gt;</code>\n</dd>"
        ]
    },
    "seeAlso": null,
    "methods": {
        "<init>(net.dv8tion.jda.api.JDA,long,net.dv8tion.jda.api.entities.Guild,java.lang.String)": {
            "elementId": "<init>(net.dv8tion.jda.api.JDA,long,net.dv8tion.jda.api.entities.Guild,java.lang.String)",
            "methodAnnotations": null,
            "methodName": "GuildUpdateIconEvent",
            "methodSignature": "public GuildUpdateIconEvent(@Nonnull JDA api, long responseNumber, @Nonnull Guild guild, @Nullable String oldIconId)",
            "parameters": [
                {
                    "annotations": [
                        "Nonnull"
                    ],
                    "type": "net.dv8tion.jda.api.JDA",
                    "simpleType": "JDA",
                    "name": "api"
                },
                {
                    "annotations": [],
                    "type": "long",
                    "simpleType": "long",
                    "name": "responseNumber"
                },
                {
                    "annotations": [
                        "Nonnull"
                    ],
                    "type": "net.dv8tion.jda.api.entities.Guild",
                    "simpleType": "Guild",
                    "name": "guild"
                },
                {
                    "annotations": [
                        "Nullable"
                    ],
                    "type": "java.lang.String",
                    "simpleType": "String",
                    "name": "oldIconId"
                }
            ],
            "methodReturnType": "GuildUpdateIconEvent",
            "isStatic": false,
            "descriptionElements": [],
            "deprecationElement": null,
            "details": {},
            "seeAlso": null
        },
        "getJDA()": {
            "elementId": "getJDA()",
            "methodAnnotations": "@Nonnull",
            "methodName": "getJDA",
            "methodSignature": "@Nonnull JDA getJDA()",
            "parameters": [],
            "methodReturnType": "JDA",
            "isStatic": false,
            "descriptionElements": [
                "<div class=\"block\">The current JDA instance corresponding to this Event</div>"
            ],
            "deprecationElement": null,
            "details": {
                "RETURNS": [
                    "<dd>The corresponding JDA instance</dd>"
                ]
            },
            "seeAlso": null
        },
        "getEntityType()": {
            "elementId": "getEntityType()",
            "methodAnnotations": "@Nonnull",
            "methodName": "getEntityType",
            "methodSignature": "@Nonnull default Class<E> getEntityType()",
            "parameters": [],
            "methodReturnType": "Class<E>",
            "isStatic": false,
            "descriptionElements": [
                "<div class=\"block\">Class representation of the affected entity, useful when dealing with refection.</div>"
            ],
            "deprecationElement": null,
            "details": {
                "RETURNS": [
                    "<dd>The class of the affected entity</dd>"
                ]
            },
            "seeAlso": null
        },
        "getNewIconId()": {
            "elementId": "getNewIconId()",
            "methodAnnotations": "@Nullable",
            "methodName": "getNewIconId",
            "methodSignature": "@Nullable public String getNewIconId()",
            "parameters": [],
            "methodReturnType": "String",
            "isStatic": false,
            "descriptionElements": [
                "<div class=\"block\">The old icon id</div>"
            ],
            "deprecationElement": null,
            "details": {
                "RETURNS": [
                    "<dd>The old icon id, or null</dd>"
                ]
            },
            "seeAlso": null
        },
        "getPropertyIdentifier()": {
            "elementId": "getPropertyIdentifier()",
            "methodAnnotations": "@Nonnull",
            "methodName": "getPropertyIdentifier",
            "methodSignature": "@Nonnull public String getPropertyIdentifier()",
            "parameters": [],
            "methodReturnType": "String",
            "isStatic": false,
            "descriptionElements": [
                "<div class=\"block\">\n <span class=\"descfrm-type-label\">Description copied from interface:&nbsp;<code><a href=\"../../UpdateEvent.html#getPropertyIdentifier()\">UpdateEvent</a></code></span>\n</div>",
                "<div class=\"block\">\n The field name for the updated property\n <p><b>Example</b>\n  <br></p>\n <pre><code>\n @Override\n public void onGenericRoleUpdate(GenericRoleUpdateEvent event)\n {\n     switch (event.getPropertyIdentifier())\n     {\n     case RoleUpdateColorEvent.IDENTIFIER:\n         System.out.printf(\"Updated color for role: %s%n\", event);\n         break;\n     case RoleUpdatePositionEvent.IDENTIFIER:\n         RoleUpdatePositionEvent update = (RoleUpdatePositionEvent) event;\n         System.out.printf(\"Updated position for role: %s raw(%s-&gt;%s)%n\", event, update.getOldPositionRaw(), update.getNewPositionRaw());\n         break;\n     default: return;\n     }\n }\n </code></pre>\n</div>"
            ],
            "deprecationElement": null,
            "details": {
                "RETURNS": [
                    "<dd>The name of the updated property</dd>"
                ],
                "SPECIFIED_BY": [
                    "<dd>\n <code><a href=\"../../UpdateEvent.html#getPropertyIdentifier()\">getPropertyIdentifier</a></code>&nbsp;in interface&nbsp;<code><a href=\"../../UpdateEvent.html\" title=\"interface in net.dv8tion.jda.api.events\">UpdateEvent</a>&lt;<a href=\"../../../entities/Guild.html\" title=\"interface in net.dv8tion.jda.api.entities\">Guild</a>,<wbr><a href=\"GenericGuildUpdateEvent.html\" title=\"type parameter in GenericGuildUpdateEvent\">T</a>&gt;</code>\n</dd>"
                ]
            },
            "seeAlso": null
        },
        "getResponseNumber()": {
            "elementId": "getResponseNumber()",
            "methodAnnotations": null,
            "methodName": "getResponseNumber",
            "methodSignature": "long getResponseNumber()",
            "parameters": [],
            "methodReturnType": "long",
            "isStatic": false,
            "descriptionElements": [
                "<div class=\"block\">\n The current sequence for this event.\n <br>\n This can be used to keep events in order when making sequencing system.\n</div>"
            ],
            "deprecationElement": null,
            "details": {
                "RETURNS": [
                    "<dd>The current sequence number for this event</dd>"
                ]
            },
            "seeAlso": null
        },
        "getNewIconUrl()": {
            "elementId": "getNewIconUrl()",
            "methodAnnotations": "@Nullable",
            "methodName": "getNewIconUrl",
            "methodSignature": "@Nullable public String getNewIconUrl()",
            "parameters": [],
            "methodReturnType": "String",
            "isStatic": false,
            "descriptionElements": [
                "<div class=\"block\">The url of the new icon</div>"
            ],
            "deprecationElement": null,
            "details": {
                "RETURNS": [
                    "<dd>The url of the new icon, or null</dd>"
                ]
            },
            "seeAlso": null
        },
        "toString()": {
            "elementId": "toString()",
            "methodAnnotations": null,
            "methodName": "toString",
            "methodSignature": "public String toString()",
            "parameters": [],
            "methodReturnType": "String",
            "isStatic": false,
            "descriptionElements": [],
            "deprecationElement": null,
            "details": {
                "OVERRIDES": [
                    "<dd>\n <code><a href=\"https://docs.oracle.com/javase/8/docs/api/java/lang/Object.html#toString--\" title=\"class or interface in java.lang\" class=\"external-link\">toString</a></code>&nbsp;in class&nbsp;<code><a href=\"https://docs.oracle.com/javase/8/docs/api/java/lang/Object.html\" title=\"class or interface in java.lang\" class=\"external-link\">Object</a></code>\n</dd>"
                ]
            },
            "seeAlso": null
        },
        "getRawData()": {
            "elementId": "getRawData()",
            "methodAnnotations": "@Nullable",
            "methodName": "getRawData",
            "methodSignature": "@Nullable DataObject getRawData()",
            "parameters": [],
            "methodReturnType": "DataObject",
            "isStatic": false,
            "descriptionElements": [
                "<div class=\"block\">\n The passthrough data that this event was serialized from. This data might be null in rare situations, for example, if the event came from a rest action.\n <br>\n This provides the full gateway message payload, including sequence, event name and dispatch type. For details, read the official <a href=\"https://discord.dev/topics/gateway\" target=\"_blank\">Discord Documentation</a>.\n</div>"
            ],
            "deprecationElement": null,
            "details": {
                "RETURNS": [
                    "<dd>\n The corresponding <a href=\"../utils/data/DataObject.html\" title=\"class in net.dv8tion.jda.api.utils.data\"><code>DataObject</code></a>\n</dd>"
                ],
                "THROWS": [
                    "<dd>\n <code><a href=\"https://docs.oracle.com/javase/8/docs/api/java/lang/IllegalStateException.html\" title=\"class or interface in java.lang\" class=\"external-link\">IllegalStateException</a></code> - If event passthrough was not enabled, see <a href=\"../JDABuilder.html#setEventPassthrough(boolean)\"><code>JDABuilder#setEventPassthrough(boolean)</code></a>\n</dd>"
                ]
            },
            "seeAlso": null
        },
        "getNewValue()": {
            "elementId": "getNewValue()",
            "methodAnnotations": "@Nullable",
            "methodName": "getNewValue",
            "methodSignature": "@Nullable public T getNewValue()",
            "parameters": [],
            "methodReturnType": "T",
            "isStatic": false,
            "descriptionElements": [
                "<div class=\"block\">\n <span class=\"descfrm-type-label\">Description copied from interface:&nbsp;<code><a href=\"../../UpdateEvent.html#getNewValue()\">UpdateEvent</a></code></span>\n</div>",
                "<div class=\"block\">The new value</div>"
            ],
            "deprecationElement": null,
            "details": {
                "RETURNS": [
                    "<dd>The new value</dd>"
                ],
                "SPECIFIED_BY": [
                    "<dd>\n <code><a href=\"../../UpdateEvent.html#getNewValue()\">getNewValue</a></code>&nbsp;in interface&nbsp;<code><a href=\"../../UpdateEvent.html\" title=\"interface in net.dv8tion.jda.api.events\">UpdateEvent</a>&lt;<a href=\"../../../entities/Guild.html\" title=\"interface in net.dv8tion.jda.api.entities\">Guild</a>,<wbr><a href=\"GenericGuildUpdateEvent.html\" title=\"type parameter in GenericGuildUpdateEvent\">T</a>&gt;</code>\n</dd>"
                ]
            },
            "seeAlso": null
        },
        "getOldIcon()": {
            "elementId": "getOldIcon()",
            "methodAnnotations": "@Nullable",
            "methodName": "getOldIcon",
            "methodSignature": "@Nullable public ImageProxy getOldIcon()",
            "parameters": [],
            "methodReturnType": "ImageProxy",
            "isStatic": false,
            "descriptionElements": [
                "<div class=\"block\">\n Returns an <a href=\"../../../utils/ImageProxy.html\" title=\"class in net.dv8tion.jda.api.utils\"><code>ImageProxy</code></a> for this guild's old icon.\n <p><b>Note:</b> the old icon may not always be downloadable as it might have been removed from Discord.</p>\n</div>"
            ],
            "deprecationElement": null,
            "details": {
                "RETURNS": [
                    "<dd>\n Possibly-null <a href=\"../../../utils/ImageProxy.html\" title=\"class in net.dv8tion.jda.api.utils\"><code>ImageProxy</code></a> of this guild's old icon\n</dd>"
                ],
                "SEE_ALSO": [
                    "<dd>\n <ul class=\"see-list\">\n  <li><a href=\"#getOldIconUrl()\"><code>getOldIconUrl()</code></a></li>\n </ul>\n</dd>"
                ]
            },
            "seeAlso": {
                "references": [
                    {
                        "text": "getOldIconUrl()",
                        "link": "https://docs.jda.wiki/net/dv8tion/jda/api/events/guild/update/GuildUpdateIconEvent.html#getOldIconUrl()",
                        "targetType": "METHOD",
                        "fullSignature": "GuildUpdateIconEvent#getOldIconUrl()"
                    }
                ]
            }
        },
        "getGuild()": {
            "elementId": "getGuild()",
            "methodAnnotations": "@Nonnull",
            "methodName": "getGuild",
            "methodSignature": "@Nonnull public Guild getGuild()",
            "parameters": [],
            "methodReturnType": "Guild",
            "isStatic": false,
            "descriptionElements": [
                "<div class=\"block\">\n The <a href=\"../../entities/Guild.html\" title=\"interface in net.dv8tion.jda.api.entities\"><code>Guild</code></a>\n</div>"
            ],
            "deprecationElement": null,
            "details": {
                "RETURNS": [
                    "<dd>The Guild</dd>"
                ]
            },
            "seeAlso": null
        },
        "getOldIconUrl()": {
            "elementId": "getOldIconUrl()",
            "methodAnnotations": "@Nullable",
            "methodName": "getOldIconUrl",
            "methodSignature": "@Nullable public String getOldIconUrl()",
            "parameters": [],
            "methodReturnType": "String",
            "isStatic": false,
            "descriptionElements": [
                "<div class=\"block\">The url of the old icon</div>"
            ],
            "deprecationElement": null,
            "details": {
                "RETURNS": [
                    "<dd>The url of the old icon, or null</dd>"
                ]
            },
            "seeAlso": null
        },
        "getNewIcon()": {
            "elementId": "getNewIcon()",
            "methodAnnotations": "@Nullable",
            "methodName": "getNewIcon",
            "methodSignature": "@Nullable public ImageProxy getNewIcon()",
            "parameters": [],
            "methodReturnType": "ImageProxy",
            "isStatic": false,
            "descriptionElements": [
                "<div class=\"block\">\n Returns an <a href=\"../../../utils/ImageProxy.html\" title=\"class in net.dv8tion.jda.api.utils\"><code>ImageProxy</code></a> for this guild's new icon.\n</div>"
            ],
            "deprecationElement": null,
            "details": {
                "RETURNS": [
                    "<dd>\n Possibly-null <a href=\"../../../utils/ImageProxy.html\" title=\"class in net.dv8tion.jda.api.utils\"><code>ImageProxy</code></a> of this guild's new icon\n</dd>"
                ],
                "SEE_ALSO": [
                    "<dd>\n <ul class=\"see-list\">\n  <li><a href=\"#getNewIconUrl()\"><code>getNewIconUrl()</code></a></li>\n </ul>\n</dd>"
                ]
            },
            "seeAlso": {
                "references": [
                    {
                        "text": "getNewIconUrl()",
                        "link": "https://docs.jda.wiki/net/dv8tion/jda/api/events/guild/update/GuildUpdateIconEvent.html#getNewIconUrl()",
                        "targetType": "METHOD",
                        "fullSignature": "GuildUpdateIconEvent#getNewIconUrl()"
                    }
                ]
            }
        },
        "getOldValue()": {
            "elementId": "getOldValue()",
            "methodAnnotations": "@Nullable",
            "methodName": "getOldValue",
            "methodSignature": "@Nullable public T getOldValue()",
            "parameters": [],
            "methodReturnType": "T",
            "isStatic": false,
            "descriptionElements": [
                "<div class=\"block\">\n <span class=\"descfrm-type-label\">Description copied from interface:&nbsp;<code><a href=\"../../UpdateEvent.html#getOldValue()\">UpdateEvent</a></code></span>\n</div>",
                "<div class=\"block\">The old value</div>"
            ],
            "deprecationElement": null,
            "details": {
                "RETURNS": [
                    "<dd>The old value</dd>"
                ],
                "SPECIFIED_BY": [
                    "<dd>\n <code><a href=\"../../UpdateEvent.html#getOldValue()\">getOldValue</a></code>&nbsp;in interface&nbsp;<code><a href=\"../../UpdateEvent.html\" title=\"interface in net.dv8tion.jda.api.events\">UpdateEvent</a>&lt;<a href=\"../../../entities/Guild.html\" title=\"interface in net.dv8tion.jda.api.entities\">Guild</a>,<wbr><a href=\"GenericGuildUpdateEvent.html\" title=\"type parameter in GenericGuildUpdateEvent\">T</a>&gt;</code>\n</dd>"
                ]
            },
            "seeAlso": null
        },
        "getEntity()": {
            "elementId": "getEntity()",
            "methodAnnotations": "@Nonnull",
            "methodName": "getEntity",
            "methodSignature": "@Nonnull public Guild getEntity()",
            "parameters": [],
            "methodReturnType": "Guild",
            "isStatic": false,
            "descriptionElements": [
                "<div class=\"block\">\n <span class=\"descfrm-type-label\">Description copied from interface:&nbsp;<code><a href=\"../../UpdateEvent.html#getEntity()\">UpdateEvent</a></code></span>\n</div>",
                "<div class=\"block\">The affected entity</div>"
            ],
            "deprecationElement": null,
            "details": {
                "RETURNS": [
                    "<dd>The affected entity</dd>"
                ],
                "SPECIFIED_BY": [
                    "<dd>\n <code><a href=\"../../UpdateEvent.html#getEntity()\">getEntity</a></code>&nbsp;in interface&nbsp;<code><a href=\"../../UpdateEvent.html\" title=\"interface in net.dv8tion.jda.api.events\">UpdateEvent</a>&lt;<a href=\"../../../entities/Guild.html\" title=\"interface in net.dv8tion.jda.api.entities\">Guild</a>,<wbr><a href=\"GenericGuildUpdateEvent.html\" title=\"type parameter in GenericGuildUpdateEvent\">T</a>&gt;</code>\n</dd>"
                ]
            },
            "seeAlso": null
        },
        "getOldIconId()": {
            "elementId": "getOldIconId()",
            "methodAnnotations": "@Nullable",
            "methodName": "getOldIconId",
            "methodSignature": "@Nullable public String getOldIconId()",
            "parameters": [],
            "methodReturnType": "String",
            "isStatic": false,
            "descriptionElements": [
                "<div class=\"block\">The old icon id</div>"
            ],
            "deprecationElement": null,
            "details": {
                "RETURNS": [
                    "<dd>The old icon id, or null</dd>"
                ]
            },
            "seeAlso": null
        }
    },
    "fields": {
        "IDENTIFIER": {
            "elementId": "IDENTIFIER",
            "fieldName": "IDENTIFIER",
            "fieldType": "String",
            "fieldValue": "\"icon\"",
            "descriptionElements": [],
            "deprecationElement": null,
            "modifiers": "public static final"
        }
    }
}