{
    "classNameFqcn": "net.dv8tion.jda.api.events.guild.update.GuildUpdateBoostCountEvent",
    "descriptionElements": [
        "<div class=\"block\">\n Indicates that the <a href=\"../../../entities/Guild.html#getBoostCount()\"><code>boost count</code></a> of a <a href=\"../../../entities/Guild.html\" title=\"interface in net.dv8tion.jda.api.entities\"><code>Guild</code></a> changed.\n <p>Can be used to detect when the boost count changes and retrieve the old one</p>\n <p>Identifier: <code>boost_count</code></p>\n</div>"
    ],
    "deprecationElement": null,
    "details": {
        "ALL_IMPLEMENTED_INTERFACES": [
            "<dd>\n <code><a href=\"../../GenericEvent.html\" title=\"interface in net.dv8tion.jda.api.events\">GenericEvent</a></code>, <code><a href=\"../../UpdateEvent.html\" title=\"interface in net.dv8tion.jda.api.events\">UpdateEvent</a>&lt;<a href=\"../../../entities/Guild.html\" title=\"interface in net.dv8tion.jda.api.entities\">Guild</a>,<wbr><a href=\"https://docs.oracle.com/javase/8/docs/api/java/lang/Integer.html\" title=\"class or interface in java.lang\" class=\"external-link\">Integer</a>&gt;</code>\n</dd>"
        ]
    },
    "seeAlso": null,
    "methods": {
        "getJDA()": {
            "elementId": "getJDA()",
            "methodAnnotations": "@Nonnull",
            "methodName": "getJDA",
            "methodSignature": "@Nonnull JDA getJDA()",
            "parameters": [],
            "methodReturnType": "JDA",
            "isStatic": false,
            "descriptionElements": [
                "<div class=\"block\">The current JDA instance corresponding to this Event</div>"
            ],
            "deprecationElement": null,
            "details": {
                "RETURNS": [
                    "<dd>The corresponding JDA instance</dd>"
                ]
            },
            "seeAlso": null
        },
        "getEntityType()": {
            "elementId": "getEntityType()",
            "methodAnnotations": "@Nonnull",
            "methodName": "getEntityType",
            "methodSignature": "@Nonnull default Class<E> getEntityType()",
            "parameters": [],
            "methodReturnType": "Class<E>",
            "isStatic": false,
            "descriptionElements": [
                "<div class=\"block\">Class representation of the affected entity, useful when dealing with refection.</div>"
            ],
            "deprecationElement": null,
            "details": {
                "RETURNS": [
                    "<dd>The class of the affected entity</dd>"
                ]
            },
            "seeAlso": null
        },
        "getNewBoostCount()": {
            "elementId": "getNewBoostCount()",
            "methodAnnotations": null,
            "methodName": "getNewBoostCount",
            "methodSignature": "public int getNewBoostCount()",
            "parameters": [],
            "methodReturnType": "int",
            "isStatic": false,
            "descriptionElements": [
                "<div class=\"block\">The new boost count</div>"
            ],
            "deprecationElement": null,
            "details": {
                "RETURNS": [
                    "<dd>The new boost count</dd>"
                ]
            },
            "seeAlso": null
        },
        "getPropertyIdentifier()": {
            "elementId": "getPropertyIdentifier()",
            "methodAnnotations": "@Nonnull",
            "methodName": "getPropertyIdentifier",
            "methodSignature": "@Nonnull public String getPropertyIdentifier()",
            "parameters": [],
            "methodReturnType": "String",
            "isStatic": false,
            "descriptionElements": [
                "<div class=\"block\">\n <span class=\"descfrm-type-label\">Description copied from interface:&nbsp;<code><a href=\"../../UpdateEvent.html#getPropertyIdentifier()\">UpdateEvent</a></code></span>\n</div>",
                "<div class=\"block\">\n The field name for the updated property\n <p><b>Example</b>\n  <br></p>\n <pre><code>\n @Override\n public void onGenericRoleUpdate(GenericRoleUpdateEvent event)\n {\n     switch (event.getPropertyIdentifier())\n     {\n     case RoleUpdateColorEvent.IDENTIFIER:\n         System.out.printf(\"Updated color for role: %s%n\", event);\n         break;\n     case RoleUpdatePositionEvent.IDENTIFIER:\n         RoleUpdatePositionEvent update = (RoleUpdatePositionEvent) event;\n         System.out.printf(\"Updated position for role: %s raw(%s-&gt;%s)%n\", event, update.getOldPositionRaw(), update.getNewPositionRaw());\n         break;\n     default: return;\n     }\n }\n </code></pre>\n</div>"
            ],
            "deprecationElement": null,
            "details": {
                "RETURNS": [
                    "<dd>The name of the updated property</dd>"
                ],
                "SPECIFIED_BY": [
                    "<dd>\n <code><a href=\"../../UpdateEvent.html#getPropertyIdentifier()\">getPropertyIdentifier</a></code>&nbsp;in interface&nbsp;<code><a href=\"../../UpdateEvent.html\" title=\"interface in net.dv8tion.jda.api.events\">UpdateEvent</a>&lt;<a href=\"../../../entities/Guild.html\" title=\"interface in net.dv8tion.jda.api.entities\">Guild</a>,<wbr><a href=\"GenericGuildUpdateEvent.html\" title=\"type parameter in GenericGuildUpdateEvent\">T</a>&gt;</code>\n</dd>"
                ]
            },
            "seeAlso": null
        },
        "getResponseNumber()": {
            "elementId": "getResponseNumber()",
            "methodAnnotations": null,
            "methodName": "getResponseNumber",
            "methodSignature": "long getResponseNumber()",
            "parameters": [],
            "methodReturnType": "long",
            "isStatic": false,
            "descriptionElements": [
                "<div class=\"block\">\n The current sequence for this event.\n <br>\n This can be used to keep events in order when making sequencing system.\n</div>"
            ],
            "deprecationElement": null,
            "details": {
                "RETURNS": [
                    "<dd>The current sequence number for this event</dd>"
                ]
            },
            "seeAlso": null
        },
        "toString()": {
            "elementId": "toString()",
            "methodAnnotations": null,
            "methodName": "toString",
            "methodSignature": "public String toString()",
            "parameters": [],
            "methodReturnType": "String",
            "isStatic": false,
            "descriptionElements": [],
            "deprecationElement": null,
            "details": {
                "OVERRIDES": [
                    "<dd>\n <code><a href=\"https://docs.oracle.com/javase/8/docs/api/java/lang/Object.html#toString--\" title=\"class or interface in java.lang\" class=\"external-link\">toString</a></code>&nbsp;in class&nbsp;<code><a href=\"https://docs.oracle.com/javase/8/docs/api/java/lang/Object.html\" title=\"class or interface in java.lang\" class=\"external-link\">Object</a></code>\n</dd>"
                ]
            },
            "seeAlso": null
        },
        "getRawData()": {
            "elementId": "getRawData()",
            "methodAnnotations": "@Nullable",
            "methodName": "getRawData",
            "methodSignature": "@Nullable DataObject getRawData()",
            "parameters": [],
            "methodReturnType": "DataObject",
            "isStatic": false,
            "descriptionElements": [
                "<div class=\"block\">\n The passthrough data that this event was serialized from. This data might be null in rare situations, for example, if the event came from a rest action.\n <br>\n This provides the full gateway message payload, including sequence, event name and dispatch type. For details, read the official <a href=\"https://discord.dev/topics/gateway\" target=\"_blank\">Discord Documentation</a>.\n</div>"
            ],
            "deprecationElement": null,
            "details": {
                "RETURNS": [
                    "<dd>\n The corresponding <a href=\"../utils/data/DataObject.html\" title=\"class in net.dv8tion.jda.api.utils.data\"><code>DataObject</code></a>\n</dd>"
                ],
                "THROWS": [
                    "<dd>\n <code><a href=\"https://docs.oracle.com/javase/8/docs/api/java/lang/IllegalStateException.html\" title=\"class or interface in java.lang\" class=\"external-link\">IllegalStateException</a></code> - If event passthrough was not enabled, see <a href=\"../JDABuilder.html#setEventPassthrough(boolean)\"><code>JDABuilder#setEventPassthrough(boolean)</code></a>\n</dd>"
                ]
            },
            "seeAlso": null
        },
        "getNewValue()": {
            "elementId": "getNewValue()",
            "methodAnnotations": "@Nonnull",
            "methodName": "getNewValue",
            "methodSignature": "@Nonnull public Integer getNewValue()",
            "parameters": [],
            "methodReturnType": "Integer",
            "isStatic": false,
            "descriptionElements": [
                "<div class=\"block\">\n <span class=\"descfrm-type-label\">Description copied from interface:&nbsp;<code><a href=\"../../UpdateEvent.html#getNewValue()\">UpdateEvent</a></code></span>\n</div>",
                "<div class=\"block\">The new value</div>"
            ],
            "deprecationElement": null,
            "details": {
                "RETURNS": [
                    "<dd>The new value</dd>"
                ],
                "SPECIFIED_BY": [
                    "<dd>\n <code><a href=\"../../UpdateEvent.html#getNewValue()\">getNewValue</a></code>&nbsp;in interface&nbsp;<code><a href=\"../../UpdateEvent.html\" title=\"interface in net.dv8tion.jda.api.events\">UpdateEvent</a>&lt;<a href=\"../../../entities/Guild.html\" title=\"interface in net.dv8tion.jda.api.entities\">Guild</a>,<wbr><a href=\"https://docs.oracle.com/javase/8/docs/api/java/lang/Integer.html\" title=\"class or interface in java.lang\" class=\"external-link\">Integer</a>&gt;</code>\n</dd>"
                ],
                "OVERRIDES": [
                    "<dd>\n <code><a href=\"GenericGuildUpdateEvent.html#getNewValue()\">getNewValue</a></code>&nbsp;in class&nbsp;<code><a href=\"GenericGuildUpdateEvent.html\" title=\"class in net.dv8tion.jda.api.events.guild.update\">GenericGuildUpdateEvent</a>&lt;<a href=\"https://docs.oracle.com/javase/8/docs/api/java/lang/Integer.html\" title=\"class or interface in java.lang\" class=\"external-link\">Integer</a>&gt;</code>\n</dd>"
                ]
            },
            "seeAlso": null
        },
        "<init>(net.dv8tion.jda.api.JDA,long,net.dv8tion.jda.api.entities.Guild,int)": {
            "elementId": "<init>(net.dv8tion.jda.api.JDA,long,net.dv8tion.jda.api.entities.Guild,int)",
            "methodAnnotations": null,
            "methodName": "GuildUpdateBoostCountEvent",
            "methodSignature": "public GuildUpdateBoostCountEvent(@Nonnull JDA api, long responseNumber, @Nonnull Guild guild, int previous)",
            "parameters": [
                {
                    "annotations": [
                        "Nonnull"
                    ],
                    "type": "net.dv8tion.jda.api.JDA",
                    "simpleType": "JDA",
                    "name": "api"
                },
                {
                    "annotations": [],
                    "type": "long",
                    "simpleType": "long",
                    "name": "responseNumber"
                },
                {
                    "annotations": [
                        "Nonnull"
                    ],
                    "type": "net.dv8tion.jda.api.entities.Guild",
                    "simpleType": "Guild",
                    "name": "guild"
                },
                {
                    "annotations": [],
                    "type": "int",
                    "simpleType": "int",
                    "name": "previous"
                }
            ],
            "methodReturnType": "GuildUpdateBoostCountEvent",
            "isStatic": false,
            "descriptionElements": [],
            "deprecationElement": null,
            "details": {},
            "seeAlso": null
        },
        "getGuild()": {
            "elementId": "getGuild()",
            "methodAnnotations": "@Nonnull",
            "methodName": "getGuild",
            "methodSignature": "@Nonnull public Guild getGuild()",
            "parameters": [],
            "methodReturnType": "Guild",
            "isStatic": false,
            "descriptionElements": [
                "<div class=\"block\">\n The <a href=\"../../entities/Guild.html\" title=\"interface in net.dv8tion.jda.api.entities\"><code>Guild</code></a>\n</div>"
            ],
            "deprecationElement": null,
            "details": {
                "RETURNS": [
                    "<dd>The Guild</dd>"
                ]
            },
            "seeAlso": null
        },
        "getOldValue()": {
            "elementId": "getOldValue()",
            "methodAnnotations": "@Nonnull",
            "methodName": "getOldValue",
            "methodSignature": "@Nonnull public Integer getOldValue()",
            "parameters": [],
            "methodReturnType": "Integer",
            "isStatic": false,
            "descriptionElements": [
                "<div class=\"block\">\n <span class=\"descfrm-type-label\">Description copied from interface:&nbsp;<code><a href=\"../../UpdateEvent.html#getOldValue()\">UpdateEvent</a></code></span>\n</div>",
                "<div class=\"block\">The old value</div>"
            ],
            "deprecationElement": null,
            "details": {
                "RETURNS": [
                    "<dd>The old value</dd>"
                ],
                "SPECIFIED_BY": [
                    "<dd>\n <code><a href=\"../../UpdateEvent.html#getOldValue()\">getOldValue</a></code>&nbsp;in interface&nbsp;<code><a href=\"../../UpdateEvent.html\" title=\"interface in net.dv8tion.jda.api.events\">UpdateEvent</a>&lt;<a href=\"../../../entities/Guild.html\" title=\"interface in net.dv8tion.jda.api.entities\">Guild</a>,<wbr><a href=\"https://docs.oracle.com/javase/8/docs/api/java/lang/Integer.html\" title=\"class or interface in java.lang\" class=\"external-link\">Integer</a>&gt;</code>\n</dd>"
                ],
                "OVERRIDES": [
                    "<dd>\n <code><a href=\"GenericGuildUpdateEvent.html#getOldValue()\">getOldValue</a></code>&nbsp;in class&nbsp;<code><a href=\"GenericGuildUpdateEvent.html\" title=\"class in net.dv8tion.jda.api.events.guild.update\">GenericGuildUpdateEvent</a>&lt;<a href=\"https://docs.oracle.com/javase/8/docs/api/java/lang/Integer.html\" title=\"class or interface in java.lang\" class=\"external-link\">Integer</a>&gt;</code>\n</dd>"
                ]
            },
            "seeAlso": null
        },
        "getEntity()": {
            "elementId": "getEntity()",
            "methodAnnotations": "@Nonnull",
            "methodName": "getEntity",
            "methodSignature": "@Nonnull public Guild getEntity()",
            "parameters": [],
            "methodReturnType": "Guild",
            "isStatic": false,
            "descriptionElements": [
                "<div class=\"block\">\n <span class=\"descfrm-type-label\">Description copied from interface:&nbsp;<code><a href=\"../../UpdateEvent.html#getEntity()\">UpdateEvent</a></code></span>\n</div>",
                "<div class=\"block\">The affected entity</div>"
            ],
            "deprecationElement": null,
            "details": {
                "RETURNS": [
                    "<dd>The affected entity</dd>"
                ],
                "SPECIFIED_BY": [
                    "<dd>\n <code><a href=\"../../UpdateEvent.html#getEntity()\">getEntity</a></code>&nbsp;in interface&nbsp;<code><a href=\"../../UpdateEvent.html\" title=\"interface in net.dv8tion.jda.api.events\">UpdateEvent</a>&lt;<a href=\"../../../entities/Guild.html\" title=\"interface in net.dv8tion.jda.api.entities\">Guild</a>,<wbr><a href=\"GenericGuildUpdateEvent.html\" title=\"type parameter in GenericGuildUpdateEvent\">T</a>&gt;</code>\n</dd>"
                ]
            },
            "seeAlso": null
        },
        "getOldBoostCount()": {
            "elementId": "getOldBoostCount()",
            "methodAnnotations": null,
            "methodName": "getOldBoostCount",
            "methodSignature": "public int getOldBoostCount()",
            "parameters": [],
            "methodReturnType": "int",
            "isStatic": false,
            "descriptionElements": [
                "<div class=\"block\">The old boost count</div>"
            ],
            "deprecationElement": null,
            "details": {
                "RETURNS": [
                    "<dd>The old boost count</dd>"
                ]
            },
            "seeAlso": null
        }
    },
    "fields": {
        "IDENTIFIER": {
            "elementId": "IDENTIFIER",
            "fieldName": "IDENTIFIER",
            "fieldType": "String",
            "fieldValue": "\"boost_count\"",
            "descriptionElements": [],
            "deprecationElement": null,
            "modifiers": "public static final"
        }
    }
}