{
    "classNameFqcn": "net.dv8tion.jda.api.audio.SpeakingMode",
    "descriptionElements": [
        "<div class=\"block\">\n Flags representing the speaking modes used by discord users.\n</div>"
    ],
    "deprecationElement": null,
    "details": {
        "ALL_IMPLEMENTED_INTERFACES": [
            "<dd>\n <code><a href=\"https://docs.oracle.com/javase/8/docs/api/java/io/Serializable.html\" title=\"class or interface in java.io\" class=\"external-link\">Serializable</a></code>, <code><a href=\"https://docs.oracle.com/javase/8/docs/api/java/lang/Comparable.html\" title=\"class or interface in java.lang\" class=\"external-link\">Comparable</a>&lt;<a href=\"SpeakingMode.html\" title=\"enum in net.dv8tion.jda.api.audio\">SpeakingMode</a>&gt;</code>\n</dd>"
        ]
    },
    "seeAlso": null,
    "methods": {
        "values()": {
            "elementId": "values()",
            "methodAnnotations": null,
            "methodName": "values",
            "methodSignature": "public static SpeakingMode[] values()",
            "parameters": [],
            "methodReturnType": "SpeakingMode[]",
            "isStatic": true,
            "descriptionElements": [
                "<div class=\"block\">\n Returns an array containing the constants of this enum type, in the order they are declared.\n</div>"
            ],
            "deprecationElement": null,
            "details": {
                "RETURNS": [
                    "<dd>\n an array containing the constants of this enum type, in the order they are declared\n</dd>"
                ]
            },
            "seeAlso": null
        },
        "valueOf(java.lang.String)": {
            "elementId": "valueOf(java.lang.String)",
            "methodAnnotations": null,
            "methodName": "valueOf",
            "methodSignature": "public static SpeakingMode valueOf(String name)",
            "parameters": [
                {
                    "annotations": [],
                    "type": "java.lang.String",
                    "simpleType": "String",
                    "name": "name"
                }
            ],
            "methodReturnType": "SpeakingMode",
            "isStatic": true,
            "descriptionElements": [
                "<div class=\"block\">\n Returns the enum constant of this type with the specified name. The string must match <i>exactly</i> an identifier used to declare an enum constant in this type. (Extraneous whitespace characters are not permitted.)\n</div>"
            ],
            "deprecationElement": null,
            "details": {
                "PARAMETERS": [
                    "<dd>\n <code>name</code> - the name of the enum constant to be returned.\n</dd>"
                ],
                "RETURNS": [
                    "<dd>\n the enum constant with the specified name\n</dd>"
                ],
                "THROWS": [
                    "<dd>\n <code><a href=\"https://docs.oracle.com/javase/8/docs/api/java/lang/IllegalArgumentException.html\" title=\"class or interface in java.lang\" class=\"external-link\">IllegalArgumentException</a></code> - if this enum type has no constant with the specified name\n</dd>",
                    "<dd>\n <code><a href=\"https://docs.oracle.com/javase/8/docs/api/java/lang/NullPointerException.html\" title=\"class or interface in java.lang\" class=\"external-link\">NullPointerException</a></code> - if the argument is null\n</dd>"
                ]
            },
            "seeAlso": null
        },
        "getRaw()": {
            "elementId": "getRaw()",
            "methodAnnotations": null,
            "methodName": "getRaw",
            "methodSignature": "public int getRaw()",
            "parameters": [],
            "methodReturnType": "int",
            "isStatic": false,
            "descriptionElements": [
                "<div class=\"block\">\n The raw bitmask for this mode\n</div>"
            ],
            "deprecationElement": null,
            "details": {
                "RETURNS": [
                    "<dd>\n bitmask\n</dd>"
                ]
            },
            "seeAlso": null
        },
        "getModes(int)": {
            "elementId": "getModes(int)",
            "methodAnnotations": "@Nonnull",
            "methodName": "getModes",
            "methodSignature": "@Nonnull public static EnumSet<SpeakingMode> getModes(int mask)",
            "parameters": [
                {
                    "annotations": [],
                    "type": "int",
                    "simpleType": "int",
                    "name": "mask"
                }
            ],
            "methodReturnType": "EnumSet<SpeakingMode>",
            "isStatic": true,
            "descriptionElements": [
                "<div class=\"block\">\n Parses the active modes represented by the provided bitmask\n</div>"
            ],
            "deprecationElement": null,
            "details": {
                "PARAMETERS": [
                    "<dd>\n <code>mask</code> - The bitmask containing the active speaking modes\n</dd>"
                ],
                "RETURNS": [
                    "<dd>\n <a href=\"https://docs.oracle.com/javase/8/docs/api/java/util/EnumSet.html\" title=\"class or interface in java.util\" class=\"external-link\"><code>EnumSet</code></a> containing the speaking modes\n</dd>"
                ]
            },
            "seeAlso": null
        },
        "getRaw(net.dv8tion.jda.api.audio.SpeakingMode...)": {
            "elementId": "getRaw(net.dv8tion.jda.api.audio.SpeakingMode...)",
            "methodAnnotations": null,
            "methodName": "getRaw",
            "methodSignature": "public static int getRaw(@Nullable SpeakingMode... modes)",
            "parameters": [
                {
                    "annotations": [
                        "Nullable"
                    ],
                    "type": "net.dv8tion.jda.api.audio.SpeakingMode...",
                    "simpleType": "SpeakingMode...",
                    "name": "modes"
                }
            ],
            "methodReturnType": "int",
            "isStatic": true,
            "descriptionElements": [
                "<div class=\"block\">\n Converts the given speaking modes into raw its bitmask. This is only useful for sending speaking updates.\n</div>"
            ],
            "deprecationElement": null,
            "details": {
                "PARAMETERS": [
                    "<dd>\n <code>modes</code> - The modes\n</dd>"
                ],
                "RETURNS": [
                    "<dd>\n The bitmask for the provided speaking modes\n</dd>"
                ]
            },
            "seeAlso": null
        },
        "getRaw(java.util.Collection)": {
            "elementId": "getRaw(java.util.Collection)",
            "methodAnnotations": null,
            "methodName": "getRaw",
            "methodSignature": "public static int getRaw(@Nullable Collection<SpeakingMode> modes)",
            "parameters": [
                {
                    "annotations": [
                        "Nullable"
                    ],
                    "type": "java.util.Collection",
                    "simpleType": "Collection",
                    "name": "modes"
                }
            ],
            "methodReturnType": "int",
            "isStatic": true,
            "descriptionElements": [
                "<div class=\"block\">\n Converts the given speaking modes into raw its bitmask. This is only useful for sending speaking updates.\n</div>"
            ],
            "deprecationElement": null,
            "details": {
                "PARAMETERS": [
                    "<dd>\n <code>modes</code> - The modes\n</dd>"
                ],
                "RETURNS": [
                    "<dd>\n The bitmask for the provided speaking modes\n</dd>"
                ]
            },
            "seeAlso": null
        }
    },
    "fields": {
        "VOICE": {
            "elementId": "VOICE",
            "fieldName": "VOICE",
            "fieldType": "SpeakingMode",
            "fieldValue": null,
            "descriptionElements": [],
            "deprecationElement": null,
            "modifiers": "public static final"
        },
        "SOUNDSHARE": {
            "elementId": "SOUNDSHARE",
            "fieldName": "SOUNDSHARE",
            "fieldType": "SpeakingMode",
            "fieldValue": null,
            "descriptionElements": [],
            "deprecationElement": null,
            "modifiers": "public static final"
        },
        "PRIORITY": {
            "elementId": "PRIORITY",
            "fieldName": "PRIORITY",
            "fieldType": "SpeakingMode",
            "fieldValue": null,
            "descriptionElements": [],
            "deprecationElement": null,
            "modifiers": "public static final"
        }
    }
}