{
    "classNameFqcn": "net.dv8tion.jda.api.audio.UserAudio",
    "descriptionElements": [
        "<div class=\"block\">\n Represents a packet of User specific audio.\n</div>"
    ],
    "deprecationElement": null,
    "details": {},
    "seeAlso": null,
    "methods": {
        "<init>(net.dv8tion.jda.api.entities.User,short[])": {
            "elementId": "<init>(net.dv8tion.jda.api.entities.User,short[])",
            "methodAnnotations": null,
            "methodName": "UserAudio",
            "methodSignature": "public UserAudio(@Nonnull User user, @Nonnull short[] audioData)",
            "parameters": [
                {
                    "annotations": [
                        "Nonnull"
                    ],
                    "type": "net.dv8tion.jda.api.entities.User",
                    "simpleType": "User",
                    "name": "user"
                },
                {
                    "annotations": [
                        "Nonnull"
                    ],
                    "type": "short[]",
                    "simpleType": "short[]",
                    "name": "audioData"
                }
            ],
            "methodReturnType": "UserAudio",
            "isStatic": false,
            "descriptionElements": [],
            "deprecationElement": null,
            "details": {},
            "seeAlso": null
        },
        "getUser()": {
            "elementId": "getUser()",
            "methodAnnotations": "@Nonnull",
            "methodName": "getUser",
            "methodSignature": "@Nonnull public User getUser()",
            "parameters": [],
            "methodReturnType": "User",
            "isStatic": false,
            "descriptionElements": [
                "<div class=\"block\">\n The <a href=\"../entities/User.html\" title=\"interface in net.dv8tion.jda.api.entities\"><code>User</code></a> that provided the audio data.\n</div>"
            ],
            "deprecationElement": null,
            "details": {
                "RETURNS": [
                    "<dd>\n Never-null <a href=\"../entities/User.html\" title=\"interface in net.dv8tion.jda.api.entities\"><code>User</code></a> object.\n</dd>"
                ]
            },
            "seeAlso": null
        },
        "getAudioData(double)": {
            "elementId": "getAudioData(double)",
            "methodAnnotations": "@Nonnull",
            "methodName": "getAudioData",
            "methodSignature": "@Nonnull public byte[] getAudioData(double volume)",
            "parameters": [
                {
                    "annotations": [],
                    "type": "double",
                    "simpleType": "double",
                    "name": "volume"
                }
            ],
            "methodReturnType": "byte[]",
            "isStatic": false,
            "descriptionElements": [
                "<div class=\"block\">\n Provides 20 Milliseconds of combined audio data in 48KHz 16bit stereo signed BigEndian PCM. \n <br>\n Format defined by: <a href=\"AudioReceiveHandler.html#OUTPUT_FORMAT\"><code>AudioReceiveHandler.OUTPUT_FORMAT</code></a>. \n <p>The output volume of the data can be modified by the provided <code>`volume`</code> parameter. <code>`1.0`</code> is considered to be 100% volume. <br>\n  Going above <code>`1.0`</code> can increase the volume further, but you run the risk of audio distortion.</p>\n</div>"
            ],
            "deprecationElement": null,
            "details": {
                "PARAMETERS": [
                    "<dd>\n <code>volume</code> - Value used to modify the \"volume\" of the returned audio data. 1.0 is normal volume.\n</dd>"
                ],
                "RETURNS": [
                    "<dd>\n Never-null byte array of PCM data defined by <a href=\"AudioReceiveHandler.html#OUTPUT_FORMAT\"><code>AudioReceiveHandler.OUTPUT_FORMAT</code></a>\n</dd>"
                ]
            },
            "seeAlso": null
        }
    },
    "fields": {}
}