{
    "classNameFqcn": "net.dv8tion.jda.api.audit.AuditLogOption",
    "descriptionElements": [
        "<div class=\"block\">\n Enum constants for possible options\n <br>\n Providing detailed description of possible occasions and expected types.\n <p>The expected types are not guaranteed to be accurate!</p>\n</div>"
    ],
    "deprecationElement": null,
    "details": {
        "SEE_ALSO": [
            "<dd>\n <ul class=\"see-list\">\n  <li><a href=\"https://discord.com/developers/docs/resources/audit-log#audit-log-entry-object-optional-audit-entry-info\" target=\"_blank\">Optional Audit Entry Info</a></li>\n </ul>\n</dd>"
        ],
        "ALL_IMPLEMENTED_INTERFACES": [
            "<dd>\n <code><a href=\"https://docs.oracle.com/javase/8/docs/api/java/io/Serializable.html\" title=\"class or interface in java.io\" class=\"external-link\">Serializable</a></code>, <code><a href=\"https://docs.oracle.com/javase/8/docs/api/java/lang/Comparable.html\" title=\"class or interface in java.lang\" class=\"external-link\">Comparable</a>&lt;<a href=\"AuditLogOption.html\" title=\"enum in net.dv8tion.jda.api.audit\">AuditLogOption</a>&gt;</code>\n</dd>"
        ]
    },
    "seeAlso": {
        "references": [
            {
                "text": "Optional Audit Entry Info",
                "link": "https://discord.com/developers/docs/resources/audit-log#audit-log-entry-object-optional-audit-entry-info",
                "targetType": "UNKNOWN",
                "fullSignature": null
            }
        ]
    },
    "methods": {
        "values()": {
            "elementId": "values()",
            "methodAnnotations": null,
            "methodName": "values",
            "methodSignature": "public static AuditLogOption[] values()",
            "parameters": [],
            "methodReturnType": "AuditLogOption[]",
            "isStatic": true,
            "descriptionElements": [
                "<div class=\"block\">Returns an array containing the constants of this enum type, in the order they are declared.</div>"
            ],
            "deprecationElement": null,
            "details": {
                "RETURNS": [
                    "<dd>an array containing the constants of this enum type, in the order they are declared</dd>"
                ]
            },
            "seeAlso": null
        },
        "valueOf(java.lang.String)": {
            "elementId": "valueOf(java.lang.String)",
            "methodAnnotations": null,
            "methodName": "valueOf",
            "methodSignature": "public static AuditLogOption valueOf(String name)",
            "parameters": [
                {
                    "annotations": [],
                    "type": "java.lang.String",
                    "simpleType": "String",
                    "name": "name"
                }
            ],
            "methodReturnType": "AuditLogOption",
            "isStatic": true,
            "descriptionElements": [
                "<div class=\"block\">\n Returns the enum constant of this type with the specified name. The string must match <i>exactly</i> an identifier used to declare an enum constant in this type. (Extraneous whitespace characters are not permitted.)\n</div>"
            ],
            "deprecationElement": null,
            "details": {
                "PARAMETERS": [
                    "<dd>\n <code>name</code> - the name of the enum constant to be returned.\n</dd>"
                ],
                "RETURNS": [
                    "<dd>the enum constant with the specified name</dd>"
                ],
                "THROWS": [
                    "<dd>\n <code><a href=\"https://docs.oracle.com/javase/8/docs/api/java/lang/IllegalArgumentException.html\" title=\"class or interface in java.lang\" class=\"external-link\">IllegalArgumentException</a></code> - if this enum type has no constant with the specified name\n</dd>",
                    "<dd>\n <code><a href=\"https://docs.oracle.com/javase/8/docs/api/java/lang/NullPointerException.html\" title=\"class or interface in java.lang\" class=\"external-link\">NullPointerException</a></code> - if the argument is null\n</dd>"
                ]
            },
            "seeAlso": null
        },
        "toString()": {
            "elementId": "toString()",
            "methodAnnotations": null,
            "methodName": "toString",
            "methodSignature": "public String toString()",
            "parameters": [],
            "methodReturnType": "String",
            "isStatic": false,
            "descriptionElements": [],
            "deprecationElement": null,
            "details": {
                "OVERRIDES": [
                    "<dd>\n <code><a href=\"https://docs.oracle.com/javase/8/docs/api/java/lang/Enum.html#toString--\" title=\"class or interface in java.lang\" class=\"external-link\">toString</a></code>&nbsp;in class&nbsp;<code><a href=\"https://docs.oracle.com/javase/8/docs/api/java/lang/Enum.html\" title=\"class or interface in java.lang\" class=\"external-link\">Enum</a>&lt;<a href=\"AuditLogOption.html\" title=\"enum in net.dv8tion.jda.api.audit\">AuditLogOption</a>&gt;</code>\n</dd>"
                ]
            },
            "seeAlso": null
        },
        "getKey()": {
            "elementId": "getKey()",
            "methodAnnotations": "@Nonnull",
            "methodName": "getKey",
            "methodSignature": "@Nonnull public String getKey()",
            "parameters": [],
            "methodReturnType": "String",
            "isStatic": false,
            "descriptionElements": [
                "<div class=\"block\">\n Key used in <a href=\"AuditLogEntry.html#getOptionByName(java.lang.String)\"><code>AuditLogEntry.getOptionByName(String)</code></a>\n</div>"
            ],
            "deprecationElement": null,
            "details": {
                "RETURNS": [
                    "<dd>Key for this option</dd>"
                ]
            },
            "seeAlso": null
        }
    },
    "fields": {
        "ROLE": {
            "elementId": "ROLE",
            "fieldName": "ROLE",
            "fieldType": "AuditLogOption",
            "fieldValue": null,
            "descriptionElements": [
                "<div class=\"block\">\n Possible secondary target of an <a href=\"ActionType.html\" title=\"enum in net.dv8tion.jda.api.audit\"><code>ActionType</code></a> such as <a href=\"ActionType.html#CHANNEL_OVERRIDE_CREATE\"><code>ActionType.CHANNEL_OVERRIDE_CREATE</code></a>\n <br>\n Use with <a href=\"../entities/Guild.html#getRoleById(java.lang.String)\"><code>Guild.getRoleById(String)</code></a>\n <p>Expected type: <b>String</b></p>\n</div>"
            ],
            "deprecationElement": null,
            "modifiers": "public static final"
        },
        "MESSAGE": {
            "elementId": "MESSAGE",
            "fieldName": "MESSAGE",
            "fieldType": "AuditLogOption",
            "fieldValue": null,
            "descriptionElements": [
                "<div class=\"block\">\n Possible message id for actions of type <a href=\"ActionType.html#MESSAGE_PIN\"><code>ActionType.MESSAGE_PIN</code></a> and <a href=\"ActionType.html#MESSAGE_UNPIN\"><code>ActionType.MESSAGE_UNPIN</code></a>.\n <br>\n Use with <a href=\"../entities/channel/middleman/MessageChannel.html#retrieveMessageById(java.lang.String)\"><code>MessageChannel.retrieveMessageById(String)</code></a>.\n <p>Expected type: <b>String</b></p>\n</div>"
            ],
            "deprecationElement": null,
            "modifiers": "public static final"
        },
        "DELETE_MEMBER_DAYS": {
            "elementId": "DELETE_MEMBER_DAYS",
            "fieldName": "DELETE_MEMBER_DAYS",
            "fieldType": "AuditLogOption",
            "fieldValue": null,
            "descriptionElements": [
                "<div class=\"block\">\n Possible option of <a href=\"ActionType.html#PRUNE\"><code>ActionType.PRUNE</code></a> describing the period of inactivity for that prune.\n <p>Expected type: <b>int</b></p>\n</div>"
            ],
            "deprecationElement": null,
            "modifiers": "public static final"
        },
        "CHANNEL": {
            "elementId": "CHANNEL",
            "fieldName": "CHANNEL",
            "fieldType": "AuditLogOption",
            "fieldValue": null,
            "descriptionElements": [
                "<div class=\"block\">\n Possible secondary target of an <a href=\"ActionType.html\" title=\"enum in net.dv8tion.jda.api.audit\"><code>ActionType</code></a> such as:\n <ul>\n  <li><a href=\"ActionType.html#MEMBER_VOICE_MOVE\"><code>ActionType.MEMBER_VOICE_MOVE</code></a></li>\n  <li><a href=\"ActionType.html#MESSAGE_PIN\"><code>ActionType.MESSAGE_PIN</code></a></li>\n  <li><a href=\"ActionType.html#MESSAGE_UNPIN\"><code>ActionType.MESSAGE_UNPIN</code></a></li>\n  <li><a href=\"ActionType.html#MESSAGE_DELETE\"><code>ActionType.MESSAGE_DELETE</code></a></li>\n </ul>\n Use with <a href=\"../entities/channel/attribute/IGuildChannelContainer.html#getGuildChannelById(java.lang.String)\"><code>Guild.getGuildChannelById(String)</code></a>.\n <p>Expected type: <b>String</b></p>\n</div>"
            ],
            "deprecationElement": null,
            "modifiers": "public static final"
        },
        "COUNT": {
            "elementId": "COUNT",
            "fieldName": "COUNT",
            "fieldType": "AuditLogOption",
            "fieldValue": null,
            "descriptionElements": [
                "<div class=\"block\">\n Possible detail for\n <ul>\n  <li><a href=\"ActionType.html#MESSAGE_DELETE\"><code>ActionType.MESSAGE_DELETE</code></a></li>\n  <li><a href=\"ActionType.html#MESSAGE_BULK_DELETE\"><code>ActionType.MESSAGE_BULK_DELETE</code></a></li>\n  <li><a href=\"ActionType.html#MEMBER_VOICE_KICK\"><code>ActionType.MEMBER_VOICE_KICK</code></a></li>\n  <li><a href=\"ActionType.html#MEMBER_VOICE_MOVE\"><code>ActionType.MEMBER_VOICE_MOVE</code></a></li>\n </ul>\n describing the amount of targeted entities.\n <br>\n Use with <a href=\"https://docs.oracle.com/javase/8/docs/api/java/lang/Integer.html#parseInt-java.lang.String-\" title=\"class or interface in java.lang\" class=\"external-link\"><code>Integer.parseInt(String)</code></a>.\n <p>Expected type: <b>String</b></p>\n</div>"
            ],
            "deprecationElement": null,
            "modifiers": "public static final"
        },
        "ROLE_NAME": {
            "elementId": "ROLE_NAME",
            "fieldName": "ROLE_NAME",
            "fieldType": "AuditLogOption",
            "fieldValue": null,
            "descriptionElements": [
                "<div class=\"block\">\n Possible name of the role if the target type is <a href=\"TargetType.html#ROLE\"><code>TargetType.ROLE</code></a>\n <p>Expected type: <b>String</b></p>\n</div>"
            ],
            "deprecationElement": null,
            "modifiers": "public static final"
        },
        "ID": {
            "elementId": "ID",
            "fieldName": "ID",
            "fieldType": "AuditLogOption",
            "fieldValue": null,
            "descriptionElements": [
                "<div class=\"block\">\n This is sometimes visible for <a href=\"ActionType.html\" title=\"enum in net.dv8tion.jda.api.audit\"><code>ActionTypes</code></a> which create a new entity.\n <br>\n Use with designated <code>getXById</code> method.\n <p>Expected type: <b>String</b></p>\n</div>"
            ],
            "deprecationElement": null,
            "modifiers": "public static final"
        },
        "USER": {
            "elementId": "USER",
            "fieldName": "USER",
            "fieldType": "AuditLogOption",
            "fieldValue": null,
            "descriptionElements": [
                "<div class=\"block\">\n Possible secondary target of an <a href=\"ActionType.html\" title=\"enum in net.dv8tion.jda.api.audit\"><code>ActionType</code></a> such as <a href=\"ActionType.html#CHANNEL_OVERRIDE_CREATE\"><code>ActionType.CHANNEL_OVERRIDE_CREATE</code></a>\n <br>\n Use with <a href=\"../JDA.html#getUserById(java.lang.String)\"><code>JDA.getUserById(String)</code></a>\n <p>Expected type: <b>String</b></p>\n</div>"
            ],
            "deprecationElement": null,
            "modifiers": "public static final"
        },
        "TYPE": {
            "elementId": "TYPE",
            "fieldName": "TYPE",
            "fieldType": "AuditLogOption",
            "fieldValue": null,
            "descriptionElements": [
                "<div class=\"block\">\n Possible option indicating the type of an entity.\n <br>\n Maybe for <a href=\"ActionType.html#CHANNEL_OVERRIDE_CREATE\"><code>ActionType.CHANNEL_OVERRIDE_CREATE</code></a> or <a href=\"ActionType.html#CHANNEL_CREATE\"><code>ActionType.CHANNEL_CREATE</code></a>.\n <p>Expected type: <b>String</b> or <b>Integer</b>\n  <br>\n  This type depends on the action taken place.</p>\n</div>"
            ],
            "deprecationElement": null,
            "modifiers": "public static final"
        },
        "MEMBERS_REMOVED": {
            "elementId": "MEMBERS_REMOVED",
            "fieldName": "MEMBERS_REMOVED",
            "fieldType": "AuditLogOption",
            "fieldValue": null,
            "descriptionElements": [
                "<div class=\"block\">\n Possible option of <a href=\"ActionType.html#PRUNE\"><code>ActionType.PRUNE</code></a> describing the amount of kicked members for that prune.\n <p>Expected type: <b>int</b></p>\n</div>"
            ],
            "deprecationElement": null,
            "modifiers": "public static final"
        }
    }
}