{
    "classNameFqcn": "net.dv8tion.jda.api.audit.AuditLogKey",
    "descriptionElements": [
        "<div class=\"block\">\n Enum of possible/expected keys that can be provided to <a href=\"AuditLogEntry.html#getChangeByKey(net.dv8tion.jda.api.audit.AuditLogKey)\"><code>AuditLogEntry.getChangeByKey(AuditLogEntry.AuditLogKey</code></a>. \n <p>Each constant in this enum has elaborate documentation on expected values for the returned <a href=\"AuditLogChange.html\" title=\"class in net.dv8tion.jda.api.audit\"><code>AuditLogChange</code></a>. <br>\n  There is no guarantee that the resulting type is accurate or that the value selected is not <code>null</code>!</p>\n</div>"
    ],
    "deprecationElement": null,
    "details": {
        "SEE_ALSO": [
            "<dd>\n <ul class=\"see-list\">\n  <li><a href=\"https://discord.com/developers/docs/resources/audit-log#audit-log-change-object-audit-log-change-key\" target=\"_blank\">Audit Log Change Key</a></li>\n </ul>\n</dd>"
        ],
        "ALL_IMPLEMENTED_INTERFACES": [
            "<dd>\n <code><a href=\"https://docs.oracle.com/javase/8/docs/api/java/io/Serializable.html\" title=\"class or interface in java.io\" class=\"external-link\">Serializable</a></code>, <code><a href=\"https://docs.oracle.com/javase/8/docs/api/java/lang/Comparable.html\" title=\"class or interface in java.lang\" class=\"external-link\">Comparable</a>&lt;<a href=\"AuditLogKey.html\" title=\"enum in net.dv8tion.jda.api.audit\">AuditLogKey</a>&gt;</code>\n</dd>"
        ]
    },
    "seeAlso": {
        "references": [
            {
                "text": "Audit Log Change Key",
                "link": "https://discord.com/developers/docs/resources/audit-log#audit-log-change-object-audit-log-change-key",
                "targetType": "UNKNOWN",
                "fullSignature": null
            }
        ]
    },
    "methods": {
        "values()": {
            "elementId": "values()",
            "methodAnnotations": null,
            "methodName": "values",
            "methodSignature": "public static AuditLogKey[] values()",
            "methodParameters": null,
            "methodReturnType": "AuditLogKey[]",
            "isStatic": true,
            "descriptionElements": [
                "<div class=\"block\">\n Returns an array containing the constants of this enum type, in the order they are declared.\n</div>"
            ],
            "deprecationElement": null,
            "details": {
                "RETURNS": [
                    "<dd>\n an array containing the constants of this enum type, in the order they are declared\n</dd>"
                ]
            },
            "seeAlso": null
        },
        "valueOf(java.lang.String)": {
            "elementId": "valueOf(java.lang.String)",
            "methodAnnotations": null,
            "methodName": "valueOf",
            "methodSignature": "public static AuditLogKey valueOf(String name)",
            "methodParameters": {
                "originalText": "(String name)",
                "parameters": [
                    {
                        "annotations": [],
                        "type": "java.lang.String",
                        "simpleType": "String",
                        "name": "name"
                    }
                ]
            },
            "methodReturnType": "AuditLogKey",
            "isStatic": true,
            "descriptionElements": [
                "<div class=\"block\">\n Returns the enum constant of this type with the specified name. The string must match <i>exactly</i> an identifier used to declare an enum constant in this type. (Extraneous whitespace characters are not permitted.)\n</div>"
            ],
            "deprecationElement": null,
            "details": {
                "PARAMETERS": [
                    "<dd>\n <code>name</code> - the name of the enum constant to be returned.\n</dd>"
                ],
                "RETURNS": [
                    "<dd>\n the enum constant with the specified name\n</dd>"
                ],
                "THROWS": [
                    "<dd>\n <code><a href=\"https://docs.oracle.com/javase/8/docs/api/java/lang/IllegalArgumentException.html\" title=\"class or interface in java.lang\" class=\"external-link\">IllegalArgumentException</a></code> - if this enum type has no constant with the specified name\n</dd>",
                    "<dd>\n <code><a href=\"https://docs.oracle.com/javase/8/docs/api/java/lang/NullPointerException.html\" title=\"class or interface in java.lang\" class=\"external-link\">NullPointerException</a></code> - if the argument is null\n</dd>"
                ]
            },
            "seeAlso": null
        },
        "toString()": {
            "elementId": "toString()",
            "methodAnnotations": "@Nonnull",
            "methodName": "toString",
            "methodSignature": "@Nonnull public String toString()",
            "methodParameters": null,
            "methodReturnType": "String",
            "isStatic": false,
            "descriptionElements": [],
            "deprecationElement": null,
            "details": {
                "OVERRIDES": [
                    "<dd>\n <code><a href=\"https://docs.oracle.com/javase/8/docs/api/java/lang/Enum.html#toString--\" title=\"class or interface in java.lang\" class=\"external-link\">toString</a></code>&nbsp;in class&nbsp;<code><a href=\"https://docs.oracle.com/javase/8/docs/api/java/lang/Enum.html\" title=\"class or interface in java.lang\" class=\"external-link\">Enum</a>&lt;<a href=\"AuditLogKey.html\" title=\"enum in net.dv8tion.jda.api.audit\">AuditLogKey</a>&gt;</code>\n</dd>"
                ]
            },
            "seeAlso": null
        },
        "getKey()": {
            "elementId": "getKey()",
            "methodAnnotations": "@Nonnull",
            "methodName": "getKey",
            "methodSignature": "@Nonnull public String getKey()",
            "methodParameters": null,
            "methodReturnType": "String",
            "isStatic": false,
            "descriptionElements": [],
            "deprecationElement": null,
            "details": {},
            "seeAlso": null
        }
    },
    "fields": {
        "GUILD_COMMUNITY_UPDATES_CHANNEL": {
            "elementId": "GUILD_COMMUNITY_UPDATES_CHANNEL",
            "fieldName": "GUILD_COMMUNITY_UPDATES_CHANNEL",
            "fieldType": "AuditLogKey",
            "fieldValue": null,
            "descriptionElements": [
                "<div class=\"block\">\n Change of the <a href=\"../entities/Guild.html#getCommunityUpdatesChannel()\"><code>Guild.getCommunityUpdatesChannel()</code></a> value represented by a TextChannel ID. \n <br>\n Use with <a href=\"../entities/channel/attribute/IGuildChannelContainer.html#getTextChannelById(java.lang.String)\"><code>Guild.getTextChannelById(String)</code></a>\n <p>Expected type: <b>String</b></p>\n</div>"
            ],
            "deprecationElement": null,
            "modifiers": "public static final"
        },
        "THREAD_NAME": {
            "elementId": "THREAD_NAME",
            "fieldName": "THREAD_NAME",
            "fieldType": "AuditLogKey",
            "fieldValue": null,
            "descriptionElements": [
                "<div class=\"block\">\n Change of the <a href=\"../entities/channel/Channel.html#getName()\"><code>ThreadChannel.getName()</code></a> value. \n <p>Expected type: <b>String</b></p>\n</div>"
            ],
            "deprecationElement": null,
            "modifiers": "public static final"
        },
        "MEMBER_MUTE": {
            "elementId": "MEMBER_MUTE",
            "fieldName": "MEMBER_MUTE",
            "fieldType": "AuditLogKey",
            "fieldValue": null,
            "descriptionElements": [
                "<div class=\"block\">\n Change of the <a href=\"../entities/Member.html#getVoiceState()\"><code>GuildVoiceState</code></a> of a Member. \n <br>\n Indicating that the <a href=\"../entities/GuildVoiceState.html#isGuildMuted()\"><code>Guild.isGuildMuted()</code></a> value updated. \n <p>Expected type: <b>Boolean</b></p>\n</div>"
            ],
            "deprecationElement": null,
            "modifiers": "public static final"
        },
        "STICKER_DESCRIPTION": {
            "elementId": "STICKER_DESCRIPTION",
            "fieldName": "STICKER_DESCRIPTION",
            "fieldType": "AuditLogKey",
            "fieldValue": null,
            "descriptionElements": [
                "<div class=\"block\">\n Change of the <a href=\"../entities/sticker/RichSticker.html#getDescription()\"><code>Sticker.getDescription()</code></a> value. \n <p>Expected type: <b>String</b></p>\n</div>"
            ],
            "deprecationElement": null,
            "modifiers": "public static final"
        },
        "INVITE_CODE": {
            "elementId": "INVITE_CODE",
            "fieldName": "INVITE_CODE",
            "fieldType": "AuditLogKey",
            "fieldValue": null,
            "descriptionElements": [
                "<div class=\"block\">\n Change of the <a href=\"../entities/Invite.html#getCode()\"><code>Invite.getCode()</code></a> for the target <a href=\"../entities/Invite.html\" title=\"interface in net.dv8tion.jda.api.entities\"><code>Invite</code></a>\n <br>\n Use with <a href=\"../entities/Invite.html#resolve(net.dv8tion.jda.api.JDA,java.lang.String)\"><code>Invite.resolve(net.dv8tion.jda.api.JDA, String)</code></a> Invite.resolve(JDA, String)} \n <p>Expected type: <b>String</b></p>\n</div>"
            ],
            "deprecationElement": null,
            "modifiers": "public static final"
        },
        "CHANNEL_PARENT": {
            "elementId": "CHANNEL_PARENT",
            "fieldName": "CHANNEL_PARENT",
            "fieldType": "AuditLogKey",
            "fieldValue": null,
            "descriptionElements": [
                "<div class=\"block\">\n Change of the <a href=\"../entities/channel/attribute/ICategorizableChannel.html#getParentCategory()\"><code>ICategorizableChannel.getParentCategory()</code></a> ICategorizable.getParentCategory()} value. \n <br>\n Use with <a href=\"../entities/channel/attribute/IGuildChannelContainer.html#getCategoryById(java.lang.String)\"><code>Guild.getCategoryById(String)</code></a>\n <p>Expected type: <b>String</b></p>\n</div>"
            ],
            "deprecationElement": null,
            "modifiers": "public static final"
        },
        "INVITE_TEMPORARY": {
            "elementId": "INVITE_TEMPORARY",
            "fieldName": "INVITE_TEMPORARY",
            "fieldType": "AuditLogKey",
            "fieldValue": null,
            "descriptionElements": [
                "<div class=\"block\">\n Change of the <a href=\"../entities/Invite.html#isTemporary()\"><code>Invite.isTemporary()</code></a> for the target <a href=\"../entities/Invite.html\" title=\"interface in net.dv8tion.jda.api.entities\"><code>Invite</code></a>\n <p>Expected type: <b>boolean</b></p>\n</div>"
            ],
            "deprecationElement": null,
            "modifiers": "public static final"
        },
        "INVITE_MAX_USES": {
            "elementId": "INVITE_MAX_USES",
            "fieldName": "INVITE_MAX_USES",
            "fieldType": "AuditLogKey",
            "fieldValue": null,
            "descriptionElements": [
                "<div class=\"block\">\n Change of the <a href=\"../entities/Invite.html#getMaxUses()\"><code>Invite.getMaxUses()</code></a> for the target <a href=\"../entities/Invite.html\" title=\"interface in net.dv8tion.jda.api.entities\"><code>Invite</code></a>\n <p>Expected type: <b>int</b></p>\n</div>"
            ],
            "deprecationElement": null,
            "modifiers": "public static final"
        },
        "THREAD_LOCKED": {
            "elementId": "THREAD_LOCKED",
            "fieldName": "THREAD_LOCKED",
            "fieldType": "AuditLogKey",
            "fieldValue": null,
            "descriptionElements": [
                "<div class=\"block\">\n Change of the <a href=\"../entities/channel/concrete/ThreadChannel.html#isLocked()\"><code>ThreadChannel.isLocked()</code></a> value. \n <p>Expected type: <b>Boolean</b></p>\n</div>"
            ],
            "deprecationElement": null,
            "modifiers": "public static final"
        },
        "CHANNEL_TYPE": {
            "elementId": "CHANNEL_TYPE",
            "fieldName": "CHANNEL_TYPE",
            "fieldType": "AuditLogKey",
            "fieldValue": null,
            "descriptionElements": [
                "<div class=\"block\">\n The integer type of this channel. \n <br>\n Use with <a href=\"../entities/channel/ChannelType.html#fromId(int)\"><code>ChannelType.fromId(int)</code></a>. \n <p>Expected type: <b>int</b></p>\n</div>"
            ],
            "deprecationElement": null,
            "modifiers": "public static final"
        },
        "ID": {
            "elementId": "ID",
            "fieldName": "ID",
            "fieldType": "AuditLogKey",
            "fieldValue": null,
            "descriptionElements": [
                "<div class=\"block\">\n This is sometimes visible for <a href=\"ActionType.html\" title=\"enum in net.dv8tion.jda.api.audit\"><code>ActionTypes</code></a> which create a new entity. \n <br>\n Use with designated <code>getXById</code> method. \n <p>Expected type: <b>String</b></p>\n</div>"
            ],
            "deprecationElement": null,
            "modifiers": "public static final"
        },
        "CHANNEL_AVAILABLE_TAGS": {
            "elementId": "CHANNEL_AVAILABLE_TAGS",
            "fieldName": "CHANNEL_AVAILABLE_TAGS",
            "fieldType": "AuditLogKey",
            "fieldValue": null,
            "descriptionElements": [
                "<div class=\"block\">\n The available tags of this <a href=\"../entities/channel/concrete/ForumChannel.html\" title=\"interface in net.dv8tion.jda.api.entities.channel.concrete\"><code>ForumChannel</code></a>. \n <p>Expected type: <b>List&lt;Map&lt;String, Object&gt;&gt;</b></p>\n</div>"
            ],
            "deprecationElement": null,
            "modifiers": "public static final"
        },
        "TYPE": {
            "elementId": "TYPE",
            "fieldName": "TYPE",
            "fieldType": "AuditLogKey",
            "fieldValue": null,
            "descriptionElements": [
                "<div class=\"block\">\n Entity type (like channel type or webhook type) \n <p>Expected type: <b>String or int</b></p>\n</div>"
            ],
            "deprecationElement": null,
            "modifiers": "public static final"
        },
        "GUILD_EXPLICIT_CONTENT_FILTER": {
            "elementId": "GUILD_EXPLICIT_CONTENT_FILTER",
            "fieldName": "GUILD_EXPLICIT_CONTENT_FILTER",
            "fieldType": "AuditLogKey",
            "fieldValue": null,
            "descriptionElements": [
                "<div class=\"block\">\n Change of the <a href=\"../entities/Guild.html#getExplicitContentLevel()\"><code>Guild.getExplicitContentLevel()</code></a> of a Guild. \n <br>\n Use with <a href=\"../entities/Guild.ExplicitContentLevel.html#fromKey(int)\"><code>Guild.ExplicitContentLevel.fromKey(int)</code></a>\n <p>Expected type: <b>Integer</b></p>\n</div>"
            ],
            "deprecationElement": null,
            "modifiers": "public static final"
        },
        "ROLE_HOISTED": {
            "elementId": "ROLE_HOISTED",
            "fieldName": "ROLE_HOISTED",
            "fieldType": "AuditLogKey",
            "fieldValue": null,
            "descriptionElements": [
                "<div class=\"block\">\n Change of the <a href=\"../entities/Role.html#isHoisted()\"><code>Role.isHoisted()</code></a> value. \n <p>Expected type: <b>Boolean</b></p>\n</div>"
            ],
            "deprecationElement": null,
            "modifiers": "public static final"
        },
        "EMOJI_ROLES_REMOVE": {
            "elementId": "EMOJI_ROLES_REMOVE",
            "fieldName": "EMOJI_ROLES_REMOVE",
            "fieldType": "AuditLogKey",
            "fieldValue": null,
            "descriptionElements": [
                "<div class=\"block\">\n Roles remove from <a href=\"../entities/emoji/RichCustomEmoji.html#getRoles()\"><code>RichCustomEmoji.getRoles()</code></a> with this action \n <br>\n Containing a list of <a href=\"../entities/Role.html\" title=\"interface in net.dv8tion.jda.api.entities\"><code>Role</code></a> IDs \n <br>\n Use with <a href=\"../entities/Guild.html#getRoleById(java.lang.String)\"><code>Guild.getRoleById(String)</code></a>\n <p>Expected type: <b>List&lt;String&gt;</b></p>\n</div>"
            ],
            "deprecationElement": null,
            "modifiers": "public static final"
        },
        "THREAD_AUTO_ARCHIVE_DURATION": {
            "elementId": "THREAD_AUTO_ARCHIVE_DURATION",
            "fieldName": "THREAD_AUTO_ARCHIVE_DURATION",
            "fieldType": "AuditLogKey",
            "fieldValue": null,
            "descriptionElements": [
                "<div class=\"block\">\n Change of the <a href=\"../entities/channel/concrete/ThreadChannel.html#getAutoArchiveDuration()\"><code>ThreadChannel.getAutoArchiveDuration()</code></a> value. \n <p>Expected type: <b>Integer</b></p>\n</div>"
            ],
            "deprecationElement": null,
            "modifiers": "public static final"
        },
        "OVERRIDE_ALLOW": {
            "elementId": "OVERRIDE_ALLOW",
            "fieldName": "OVERRIDE_ALLOW",
            "fieldType": "AuditLogKey",
            "fieldValue": null,
            "descriptionElements": [
                "<div class=\"block\">\n Modified raw allowed permission bits \n <br>\n Similar to the value returned by <a href=\"../entities/PermissionOverride.html#getAllowedRaw()\"><code>PermissionOverride.getAllowedRaw()</code></a>\n <br>\n Use with <a href=\"../Permission.html#getPermissions(long)\"><code>Permission.getPermissions(long)</code></a>\n <p>Expected type: <b>long</b></p>\n</div>"
            ],
            "deprecationElement": null,
            "modifiers": "public static final"
        },
        "CHANNEL_ID": {
            "elementId": "CHANNEL_ID",
            "fieldName": "CHANNEL_ID",
            "fieldType": "AuditLogKey",
            "fieldValue": null,
            "descriptionElements": [
                "<div class=\"block\">\n The relevant channel for the audit log entry. \n <p>Expected type: <b>String</b></p>\n</div>"
            ],
            "deprecationElement": null,
            "modifiers": "public static final"
        },
        "CHANNEL_VOICE_STATUS": {
            "elementId": "CHANNEL_VOICE_STATUS",
            "fieldName": "CHANNEL_VOICE_STATUS",
            "fieldType": "AuditLogKey",
            "fieldValue": null,
            "descriptionElements": [
                "<div class=\"block\">\n Change of the <a href=\"../entities/channel/attribute/IVoiceStatusChannel.html#getStatus()\"><code>VoiceChannel.getStatus()</code></a> value. \n <br>\n Only for <a href=\"../entities/channel/ChannelType.html#VOICE\"><code>ChannelType.VOICE</code></a>\n <p>Expected type: <b>String</b></p>\n</div>"
            ],
            "deprecationElement": null,
            "modifiers": "public static final"
        },
        "STICKER_TAGS": {
            "elementId": "STICKER_TAGS",
            "fieldName": "STICKER_TAGS",
            "fieldType": "AuditLogKey",
            "fieldValue": null,
            "descriptionElements": [
                "<div class=\"block\">\n Change of the <a href=\"../entities/sticker/RichSticker.html#getTags()\"><code>Sticker.getTags()</code></a> value. \n <p>Expected type: <b>String</b></p>\n</div>"
            ],
            "deprecationElement": null,
            "modifiers": "public static final"
        },
        "GUILD_PRUNE_DELETE_DAYS": {
            "elementId": "GUILD_PRUNE_DELETE_DAYS",
            "fieldName": "GUILD_PRUNE_DELETE_DAYS",
            "fieldType": "AuditLogKey",
            "fieldValue": null,
            "descriptionElements": [
                "<div class=\"block\">\n Days of inactivity for a prune event. \n <p>Expected type: <b>Integer</b></p>\n</div>"
            ],
            "deprecationElement": null,
            "modifiers": "public static final"
        },
        "INVITE_CHANNEL": {
            "elementId": "INVITE_CHANNEL",
            "fieldName": "INVITE_CHANNEL",
            "fieldType": "AuditLogKey",
            "fieldValue": null,
            "descriptionElements": [
                "<div class=\"block\">\n Change of the <a href=\"../entities/Invite.html#getChannel()\"><code>Invite.getChannel()</code></a> ID for the target <a href=\"../entities/Invite.html\" title=\"interface in net.dv8tion.jda.api.entities\"><code>Invite</code></a>\n <br>\n Use with <a href=\"../entities/channel/attribute/IGuildChannelContainer.html#getTextChannelById(java.lang.String)\"><code>JDA.getTextChannelById(String)</code></a> or <a href=\"../entities/channel/attribute/IGuildChannelContainer.html#getVoiceChannelById(java.lang.String)\"><code>JDA.getVoiceChannelById(String)</code></a>\n <p>Expected type: <b>String</b></p>\n</div>"
            ],
            "deprecationElement": null,
            "modifiers": "public static final"
        },
        "CHANNEL_SLOWMODE": {
            "elementId": "CHANNEL_SLOWMODE",
            "fieldName": "CHANNEL_SLOWMODE",
            "fieldType": "AuditLogKey",
            "fieldValue": null,
            "descriptionElements": [
                "<div class=\"block\">\n Change of the <a href=\"../entities/channel/attribute/ISlowmodeChannel.html#getSlowmode()\"><code>ISlowmodeChannel.getSlowmode()</code></a> value. \n <p>Expected type: <b>Integer</b></p>\n</div>"
            ],
            "deprecationElement": null,
            "modifiers": "public static final"
        },
        "GUILD_SPLASH": {
            "elementId": "GUILD_SPLASH",
            "fieldName": "GUILD_SPLASH",
            "fieldType": "AuditLogKey",
            "fieldValue": null,
            "descriptionElements": [
                "<div class=\"block\">\n Change of the <a href=\"../entities/Guild.html#getSplashId()\"><code>Splash ID</code></a> of a Guild. \n <p>Expected type: <b>String</b></p>\n</div>"
            ],
            "deprecationElement": null,
            "modifiers": "public static final"
        },
        "CHANNEL_BITRATE": {
            "elementId": "CHANNEL_BITRATE",
            "fieldName": "CHANNEL_BITRATE",
            "fieldType": "AuditLogKey",
            "fieldValue": null,
            "descriptionElements": [
                "<div class=\"block\">\n Change of the <a href=\"../entities/channel/middleman/AudioChannel.html#getBitrate()\"><code>VoiceChannel.getBitrate()</code></a> value. \n <br>\n Only for <a href=\"../entities/channel/ChannelType.html#VOICE\"><code>ChannelType.VOICE</code></a>\n <p>Expected type: <b>Integer</b></p>\n</div>"
            ],
            "deprecationElement": null,
            "modifiers": "public static final"
        },
        "MEMBER_TIME_OUT": {
            "elementId": "MEMBER_TIME_OUT",
            "fieldName": "MEMBER_TIME_OUT",
            "fieldType": "AuditLogKey",
            "fieldValue": null,
            "descriptionElements": [
                "<div class=\"block\">\n Change of the <a href=\"../entities/Member.html#getTimeOutEnd()\"><code>Time out</code></a> of a Member. \n <br>\n Indicating that the <a href=\"../entities/Member.html#getTimeOutEnd()\"><code>Member.getTimeOutEnd()</code></a> value updated. \n <br>\n This is provided as an ISO8601 Date-Time string. \n <p>Expected type: <b>String</b></p>\n</div>"
            ],
            "deprecationElement": null,
            "modifiers": "public static final"
        },
        "INVITE_USES": {
            "elementId": "INVITE_USES",
            "fieldName": "INVITE_USES",
            "fieldType": "AuditLogKey",
            "fieldValue": null,
            "descriptionElements": [
                "<div class=\"block\">\n Change of the <a href=\"../entities/Invite.html#getUses()\"><code>Invite.getUses()</code></a> for the target <a href=\"../entities/Invite.html\" title=\"interface in net.dv8tion.jda.api.entities\"><code>Invite</code></a>\n <p>Expected type: <b>int</b></p>\n</div>"
            ],
            "deprecationElement": null,
            "modifiers": "public static final"
        },
        "GUILD_AFK_CHANNEL": {
            "elementId": "GUILD_AFK_CHANNEL",
            "fieldName": "GUILD_AFK_CHANNEL",
            "fieldType": "AuditLogKey",
            "fieldValue": null,
            "descriptionElements": [
                "<div class=\"block\">\n Change of the <a href=\"../entities/Guild.html#getAfkChannel()\"><code>Guild.getAfkChannel()</code></a> value represented by a VoiceChannel ID. \n <br>\n Use with <a href=\"../entities/channel/attribute/IGuildChannelContainer.html#getVoiceChannelById(java.lang.String)\"><code>Guild.getVoiceChannelById(String)</code></a>\n <p>Expected type: <b>String</b></p>\n</div>"
            ],
            "deprecationElement": null,
            "modifiers": "public static final"
        },
        "OVERRIDE_DENY": {
            "elementId": "OVERRIDE_DENY",
            "fieldName": "OVERRIDE_DENY",
            "fieldType": "AuditLogKey",
            "fieldValue": null,
            "descriptionElements": [
                "<div class=\"block\">\n Modified raw denied permission bits \n <br>\n Similar to the value returned by <a href=\"../entities/PermissionOverride.html#getDeniedRaw()\"><code>PermissionOverride.getDeniedRaw()</code></a>\n <br>\n Use with <a href=\"../Permission.html#getPermissions(long)\"><code>Permission.getPermissions(long)</code></a>\n <p>Expected type: <b>long</b></p>\n</div>"
            ],
            "deprecationElement": null,
            "modifiers": "public static final"
        },
        "GUILD_AFK_TIMEOUT": {
            "elementId": "GUILD_AFK_TIMEOUT",
            "fieldName": "GUILD_AFK_TIMEOUT",
            "fieldType": "AuditLogKey",
            "fieldValue": null,
            "descriptionElements": [
                "<div class=\"block\">\n Change of the <a href=\"../entities/Guild.Timeout.html\" title=\"enum in net.dv8tion.jda.api.entities\"><code>AFKTimeout</code></a> of a Guild. \n <br>\n Use with <a href=\"../entities/Guild.Timeout.html#fromKey(int)\"><code>Timeout.fromKey(int)</code></a>\n <p>Expected type: <b>Integer</b></p>\n</div>"
            ],
            "deprecationElement": null,
            "modifiers": "public static final"
        },
        "GUILD_SYSTEM_CHANNEL": {
            "elementId": "GUILD_SYSTEM_CHANNEL",
            "fieldName": "GUILD_SYSTEM_CHANNEL",
            "fieldType": "AuditLogKey",
            "fieldValue": null,
            "descriptionElements": [
                "<div class=\"block\">\n Change of the <a href=\"../entities/Guild.html#getSystemChannel()\"><code>Guild.getSystemChannel()</code></a> value represented by a TextChannel ID. \n <br>\n Use with <a href=\"../entities/channel/attribute/IGuildChannelContainer.html#getTextChannelById(java.lang.String)\"><code>Guild.getTextChannelById(String)</code></a>\n <p>Expected type: <b>String</b></p>\n</div>"
            ],
            "deprecationElement": null,
            "modifiers": "public static final"
        },
        "CHANNEL_OVERRIDES": {
            "elementId": "CHANNEL_OVERRIDES",
            "fieldName": "CHANNEL_OVERRIDES",
            "fieldType": "AuditLogKey",
            "fieldValue": null,
            "descriptionElements": [
                "<div class=\"block\">\n The overrides for this channel. \n <p>Expected type: <b>List&lt;Map&lt;String, Object&gt;&gt;</b></p>\n</div>"
            ],
            "deprecationElement": null,
            "modifiers": "public static final"
        },
        "CHANNEL_FLAGS": {
            "elementId": "CHANNEL_FLAGS",
            "fieldName": "CHANNEL_FLAGS",
            "fieldType": "AuditLogKey",
            "fieldValue": null,
            "descriptionElements": [
                "<div class=\"block\">\n Change of the <a href=\"../entities/channel/Channel.html#getFlags()\"><code>flags</code></a> value. \n <p>Expected type: <b>Integer</b></p>\n</div>"
            ],
            "deprecationElement": null,
            "modifiers": "public static final"
        },
        "CHANNEL_NSFW": {
            "elementId": "CHANNEL_NSFW",
            "fieldName": "CHANNEL_NSFW",
            "fieldType": "AuditLogKey",
            "fieldValue": null,
            "descriptionElements": [
                "<div class=\"block\">\n Change of the <a href=\"../entities/channel/attribute/IAgeRestrictedChannel.html#isNSFW()\"><code>IAgeRestrictedChannel.isNSFW()</code></a> value. \n <p>Expected type: <b>Boolean</b></p>\n</div>"
            ],
            "deprecationElement": null,
            "modifiers": "public static final"
        },
        "STICKER_FORMAT": {
            "elementId": "STICKER_FORMAT",
            "fieldName": "STICKER_FORMAT",
            "fieldType": "AuditLogKey",
            "fieldValue": null,
            "descriptionElements": [
                "<div class=\"block\">\n Change of the <a href=\"../entities/sticker/Sticker.html#getFormatType()\"><code>Sticker.getFormatType()</code></a> value. \n <p>Expected type: <b>String</b></p>\n</div>"
            ],
            "deprecationElement": null,
            "modifiers": "public static final"
        },
        "STICKER_NAME": {
            "elementId": "STICKER_NAME",
            "fieldName": "STICKER_NAME",
            "fieldType": "AuditLogKey",
            "fieldValue": null,
            "descriptionElements": [
                "<div class=\"block\">\n Change of the <a href=\"../entities/sticker/Sticker.html#getName()\"><code>Sticker.getName()</code></a> value. \n <p>Expected type: <b>String</b></p>\n</div>"
            ],
            "deprecationElement": null,
            "modifiers": "public static final"
        },
        "WEBHOOK_CHANNEL": {
            "elementId": "WEBHOOK_CHANNEL",
            "fieldName": "WEBHOOK_CHANNEL",
            "fieldType": "AuditLogKey",
            "fieldValue": null,
            "descriptionElements": [
                "<div class=\"block\">\n Change of the <a href=\"../entities/Webhook.html#getChannel()\"><code>Webhook.getChannel()</code></a> for the target <a href=\"../entities/Webhook.html\" title=\"interface in net.dv8tion.jda.api.entities\"><code>Webhook</code></a>\n <br>\n Use with <a href=\"../entities/channel/attribute/IGuildChannelContainer.html#getTextChannelById(java.lang.String)\"><code>Guild.getTextChannelById(String)</code></a>\n <p>Expected type: <b>String</b></p>\n</div>"
            ],
            "deprecationElement": null,
            "modifiers": "public static final"
        },
        "GUILD_WIDGET_ENABLED": {
            "elementId": "GUILD_WIDGET_ENABLED",
            "fieldName": "GUILD_WIDGET_ENABLED",
            "fieldType": "AuditLogKey",
            "fieldValue": null,
            "descriptionElements": [
                "<div class=\"block\">\n Whether the guild widget is disabled or enabled \n <p>Expected type: <b>Boolean</b></p>\n</div>"
            ],
            "deprecationElement": null,
            "modifiers": "public static final"
        },
        "THREAD_APPLIED_TAGS": {
            "elementId": "THREAD_APPLIED_TAGS",
            "fieldName": "THREAD_APPLIED_TAGS",
            "fieldType": "AuditLogKey",
            "fieldValue": null,
            "descriptionElements": [
                "<div class=\"block\">\n The applied tags of this <a href=\"../entities/channel/concrete/ThreadChannel.html\" title=\"interface in net.dv8tion.jda.api.entities.channel.concrete\"><code>ThreadChannel</code></a>, given that it is a forum post. \n <p>Expected type: <b>List&lt;String&gt;</b></p>\n</div>"
            ],
            "deprecationElement": null,
            "modifiers": "public static final"
        },
        "GUILD_WIDGET_CHANNEL_ID": {
            "elementId": "GUILD_WIDGET_CHANNEL_ID",
            "fieldName": "GUILD_WIDGET_CHANNEL_ID",
            "fieldType": "AuditLogKey",
            "fieldValue": null,
            "descriptionElements": [
                "<div class=\"block\">\n The target channel for a widget \n <p>Expected type: <b>String</b></p>\n</div>"
            ],
            "deprecationElement": null,
            "modifiers": "public static final"
        },
        "CHANNEL_DEFAULT_SORT_ORDER": {
            "elementId": "CHANNEL_DEFAULT_SORT_ORDER",
            "fieldName": "CHANNEL_DEFAULT_SORT_ORDER",
            "fieldType": "AuditLogKey",
            "fieldValue": null,
            "descriptionElements": [
                "<div class=\"block\">\n The <a href=\"../entities/channel/attribute/IPostContainer.html#getDefaultSortOrder()\"><code>IPostContainer.getDefaultSortOrder()</code></a> value. \n <br>\n Only for <a href=\"../entities/channel/ChannelType.html#FORUM\"><code>ChannelType.FORUM</code></a> and <a href=\"../entities/channel/ChannelType.html#MEDIA\"><code>ChannelType.MEDIA</code></a>. \n <p>Expected type: <b>Integer</b></p>\n</div>"
            ],
            "deprecationElement": null,
            "modifiers": "public static final"
        },
        "APPLICATION_ID": {
            "elementId": "APPLICATION_ID",
            "fieldName": "APPLICATION_ID",
            "fieldType": "AuditLogKey",
            "fieldValue": null,
            "descriptionElements": [
                "<div class=\"block\">\n The id for an authorized application (webhook/bot/integration) \n <p>Expected type: <b>String</b></p>\n</div>"
            ],
            "deprecationElement": null,
            "modifiers": "public static final"
        },
        "ROLE_COLOR": {
            "elementId": "ROLE_COLOR",
            "fieldName": "ROLE_COLOR",
            "fieldType": "AuditLogKey",
            "fieldValue": null,
            "descriptionElements": [
                "<div class=\"block\">\n Change of the <a href=\"../entities/Role.html#getColor()\"><code>Role.getColor()</code></a> value. \n <br>\n Use with <a href=\"https://docs.oracle.com/javase/8/docs/api/java/awt/Color.html#-init--int-\" title=\"class or interface in java.awt\" class=\"external-link\"><code>Color(int)</code></a>\n <p>Expected type: <b>Integer</b></p>\n</div>"
            ],
            "deprecationElement": null,
            "modifiers": "public static final"
        },
        "CHANNEL_TOPIC": {
            "elementId": "CHANNEL_TOPIC",
            "fieldName": "CHANNEL_TOPIC",
            "fieldType": "AuditLogKey",
            "fieldValue": null,
            "descriptionElements": [
                "<div class=\"block\">\n Change of the <a href=\"../entities/channel/middleman/StandardGuildMessageChannel.html#getTopic()\"><code>TextChannel.getTopic()</code></a> value. \n <br>\n Only for <a href=\"../entities/channel/ChannelType.html#TEXT\"><code>ChannelType.TEXT</code></a>\n <p>Expected type: <b>String</b></p>\n</div>"
            ],
            "deprecationElement": null,
            "modifiers": "public static final"
        },
        "CHANNEL_USER_LIMIT": {
            "elementId": "CHANNEL_USER_LIMIT",
            "fieldName": "CHANNEL_USER_LIMIT",
            "fieldType": "AuditLogKey",
            "fieldValue": null,
            "descriptionElements": [
                "<div class=\"block\">\n Change of the <a href=\"../entities/channel/middleman/AudioChannel.html#getUserLimit()\"><code>VoiceChannel.getUserLimit()</code></a> value. \n <br>\n Only for <a href=\"../entities/channel/ChannelType.html#VOICE\"><code>ChannelType.VOICE</code></a>\n <p>Expected type: <b>Integer</b></p>\n</div>"
            ],
            "deprecationElement": null,
            "modifiers": "public static final"
        },
        "PRIVACY_LEVEL": {
            "elementId": "PRIVACY_LEVEL",
            "fieldName": "PRIVACY_LEVEL",
            "fieldType": "AuditLogKey",
            "fieldValue": null,
            "descriptionElements": [
                "<div class=\"block\">\n Change of the <a href=\"../entities/StageInstance.html#getPrivacyLevel()\"><code>StageInstance.getPrivacyLevel()</code></a> value \n <br>\n Use with <a href=\"../entities/StageInstance.PrivacyLevel.html#fromKey(int)\"><code>StageInstance.PrivacyLevel.fromKey(int)</code></a>\n <p>Expected type: <b>Integer</b></p>\n</div>"
            ],
            "deprecationElement": null,
            "modifiers": "public static final"
        },
        "GUILD_NOTIFICATION_LEVEL": {
            "elementId": "GUILD_NOTIFICATION_LEVEL",
            "fieldName": "GUILD_NOTIFICATION_LEVEL",
            "fieldType": "AuditLogKey",
            "fieldValue": null,
            "descriptionElements": [
                "<div class=\"block\">\n Change of the <a href=\"../entities/Guild.html#getDefaultNotificationLevel()\"><code>Guild.getDefaultNotificationLevel()</code></a> value. \n <br>\n Use with <a href=\"../entities/Guild.NotificationLevel.html#fromKey(int)\"><code>Guild.NotificationLevel.fromKey(int)</code></a>\n <p>Expected type: <b>Integer</b></p>\n</div>"
            ],
            "deprecationElement": null,
            "modifiers": "public static final"
        },
        "GUILD_RULES_CHANNEL": {
            "elementId": "GUILD_RULES_CHANNEL",
            "fieldName": "GUILD_RULES_CHANNEL",
            "fieldType": "AuditLogKey",
            "fieldValue": null,
            "descriptionElements": [
                "<div class=\"block\">\n Change of the <a href=\"../entities/Guild.html#getRulesChannel()\"><code>Guild.getRulesChannel()</code></a> value represented by a TextChannel ID. \n <br>\n Use with <a href=\"../entities/channel/attribute/IGuildChannelContainer.html#getTextChannelById(java.lang.String)\"><code>Guild.getTextChannelById(String)</code></a>\n <p>Expected type: <b>String</b></p>\n</div>"
            ],
            "deprecationElement": null,
            "modifiers": "public static final"
        },
        "GUILD_OWNER": {
            "elementId": "GUILD_OWNER",
            "fieldName": "GUILD_OWNER",
            "fieldType": "AuditLogKey",
            "fieldValue": null,
            "descriptionElements": [
                "<div class=\"block\">\n Change of User ID for the owner of a <a href=\"../entities/Guild.html\" title=\"interface in net.dv8tion.jda.api.entities\"><code>Guild</code></a>\n <p>Expected type: <b>String</b></p>\n</div>"
            ],
            "deprecationElement": null,
            "modifiers": "public static final"
        },
        "GUILD_VERIFICATION_LEVEL": {
            "elementId": "GUILD_VERIFICATION_LEVEL",
            "fieldName": "GUILD_VERIFICATION_LEVEL",
            "fieldType": "AuditLogKey",
            "fieldValue": null,
            "descriptionElements": [
                "<div class=\"block\">\n Change of the <a href=\"../entities/Guild.html#getVerificationLevel()\"><code>Guild.getVerificationLevel()</code></a> value. \n <br>\n Use with <a href=\"../entities/Guild.VerificationLevel.html#fromKey(int)\"><code>Guild.VerificationLevel.fromKey(int)</code></a>\n <p>Expected type: <b>Integer</b></p>\n</div>"
            ],
            "deprecationElement": null,
            "modifiers": "public static final"
        },
        "MEMBER_ROLES_ADD": {
            "elementId": "MEMBER_ROLES_ADD",
            "fieldName": "MEMBER_ROLES_ADD",
            "fieldType": "AuditLogKey",
            "fieldValue": null,
            "descriptionElements": [
                "<div class=\"block\">\n Roles added to <a href=\"../entities/Member.html#getRoles()\"><code>Member.getRoles()</code></a> with this action \n <br>\n Containing a list of <a href=\"../entities/Role.html\" title=\"interface in net.dv8tion.jda.api.entities\"><code>Role</code></a> IDs \n <br>\n Use with <a href=\"../entities/Guild.html#getRoleById(java.lang.String)\"><code>Guild.getRoleById(String)</code></a>\n <p>Expected type: <b>List&lt;String&gt;</b></p>\n</div>"
            ],
            "deprecationElement": null,
            "modifiers": "public static final"
        },
        "CHANNEL_DEFAULT_REACTION_EMOJI": {
            "elementId": "CHANNEL_DEFAULT_REACTION_EMOJI",
            "fieldName": "CHANNEL_DEFAULT_REACTION_EMOJI",
            "fieldType": "AuditLogKey",
            "fieldValue": null,
            "descriptionElements": [
                "<div class=\"block\">\n Change of the <a href=\"../entities/channel/attribute/IPostContainer.html#getDefaultReaction()\"><code>IPostContainer.getDefaultReaction()</code></a> value. \n <p>Expected type: <b>Map</b> containing <code>emoji_id</code> and <code>emoji_name</code></p>\n</div>"
            ],
            "deprecationElement": null,
            "modifiers": "public static final"
        },
        "EMOJI_ROLES_ADD": {
            "elementId": "EMOJI_ROLES_ADD",
            "fieldName": "EMOJI_ROLES_ADD",
            "fieldType": "AuditLogKey",
            "fieldValue": null,
            "descriptionElements": [
                "<div class=\"block\">\n Roles added to <a href=\"../entities/emoji/RichCustomEmoji.html#getRoles()\"><code>RichCustomEmoji.getRoles()</code></a> with this action \n <br>\n Containing a list of <a href=\"../entities/Role.html\" title=\"interface in net.dv8tion.jda.api.entities\"><code>Role</code></a> IDs \n <br>\n Use with <a href=\"../entities/Guild.html#getRoleById(java.lang.String)\"><code>Guild.getRoleById(String)</code></a>\n <p>Expected type: <b>List&lt;String&gt;</b></p>\n</div>"
            ],
            "deprecationElement": null,
            "modifiers": "public static final"
        },
        "EMOJI_NAME": {
            "elementId": "EMOJI_NAME",
            "fieldName": "EMOJI_NAME",
            "fieldType": "AuditLogKey",
            "fieldValue": null,
            "descriptionElements": [
                "<div class=\"block\">\n Change of the <a href=\"../entities/emoji/Emoji.html#getName()\"><code>Emoji.getName()</code></a> value. \n <p>Expected type: <b>String</b></p>\n</div>"
            ],
            "deprecationElement": null,
            "modifiers": "public static final"
        },
        "GUILD_MFA_LEVEL": {
            "elementId": "GUILD_MFA_LEVEL",
            "fieldName": "GUILD_MFA_LEVEL",
            "fieldType": "AuditLogKey",
            "fieldValue": null,
            "descriptionElements": [
                "<div class=\"block\">\n Change of the <a href=\"../entities/Guild.html#getRequiredMFALevel()\"><code>Guild.getRequiredMFALevel()</code></a> value \n <br>\n Use with <a href=\"../entities/Guild.MFALevel.html#fromKey(int)\"><code>Guild.MFALevel.fromKey(int)</code></a>\n <p>Expected type: <b>Integer</b></p>\n</div>"
            ],
            "deprecationElement": null,
            "modifiers": "public static final"
        },
        "DEFAULT_FORUM_LAYOUT": {
            "elementId": "DEFAULT_FORUM_LAYOUT",
            "fieldName": "DEFAULT_FORUM_LAYOUT",
            "fieldType": "AuditLogKey",
            "fieldValue": null,
            "descriptionElements": [
                "<div class=\"block\">\n The <a href=\"../entities/channel/concrete/ForumChannel.html#getDefaultLayout()\"><code>ForumChannel.getDefaultLayout()</code></a> value. \n <br>\n Only for <a href=\"../entities/channel/ChannelType.html#FORUM\"><code>ChannelType.FORUM</code></a>. \n <p>Expected type: <b>Integer</b></p>\n</div>"
            ],
            "deprecationElement": null,
            "modifiers": "public static final"
        },
        "MEMBER_DEAF": {
            "elementId": "MEMBER_DEAF",
            "fieldName": "MEMBER_DEAF",
            "fieldType": "AuditLogKey",
            "fieldValue": null,
            "descriptionElements": [
                "<div class=\"block\">\n Change of the <a href=\"../entities/Member.html#getVoiceState()\"><code>GuildVoiceState</code></a> of a Member. \n <br>\n Indicating that the <a href=\"../entities/GuildVoiceState.html#isGuildDeafened()\"><code>Guild.isGuildDeafened()</code></a> value updated. \n <p>Expected type: <b>Boolean</b></p>\n</div>"
            ],
            "deprecationElement": null,
            "modifiers": "public static final"
        },
        "AUTO_MODERATION_RULE_TRIGGER_TYPE": {
            "elementId": "AUTO_MODERATION_RULE_TRIGGER_TYPE",
            "fieldName": "AUTO_MODERATION_RULE_TRIGGER_TYPE",
            "fieldType": "AuditLogKey",
            "fieldValue": null,
            "descriptionElements": [
                "<div class=\"block\">\n The <a href=\"../entities/automod/AutoModRule.html#getTriggerType()\"><code>AutoModRule.getTriggerType()</code></a> for an <a href=\"../entities/automod/AutoModRule.html\" title=\"interface in net.dv8tion.jda.api.entities.automod\"><code>AutoModRule</code></a> trigger \n <p>Use with <a href=\"../entities/automod/AutoModTriggerType.html#fromKey(int)\"><code>AutoModTriggerType.fromKey(int)</code></a></p>\n <p>Expected type: <b>int</b></p>\n</div>"
            ],
            "deprecationElement": null,
            "modifiers": "public static final"
        },
        "WEBHOOK_NAME": {
            "elementId": "WEBHOOK_NAME",
            "fieldName": "WEBHOOK_NAME",
            "fieldType": "AuditLogKey",
            "fieldValue": null,
            "descriptionElements": [
                "<div class=\"block\">\n Change of the <a href=\"../entities/Webhook.html#getName()\"><code>Webhook.getName()</code></a> value. \n <p>Expected type: <b>String</b></p>\n</div>"
            ],
            "deprecationElement": null,
            "modifiers": "public static final"
        },
        "GUILD_ICON": {
            "elementId": "GUILD_ICON",
            "fieldName": "GUILD_ICON",
            "fieldType": "AuditLogKey",
            "fieldValue": null,
            "descriptionElements": [
                "<div class=\"block\">\n Change of the <a href=\"../entities/Guild.html#getIconId()\"><code>Icon ID</code></a> of a Guild. \n <p>Expected type: <b>String</b></p>\n</div>"
            ],
            "deprecationElement": null,
            "modifiers": "public static final"
        },
        "GUILD_VANITY_URL_CODE": {
            "elementId": "GUILD_VANITY_URL_CODE",
            "fieldName": "GUILD_VANITY_URL_CODE",
            "fieldType": "AuditLogKey",
            "fieldValue": null,
            "descriptionElements": [
                "<div class=\"block\">\n Change of the <a href=\"../entities/Guild.html#getVanityCode()\"><code>Guild.getVanityCode()</code></a> value. \n <p>Expected type: <b>String</b></p>\n</div>"
            ],
            "deprecationElement": null,
            "modifiers": "public static final"
        },
        "ROLE_NAME": {
            "elementId": "ROLE_NAME",
            "fieldName": "ROLE_NAME",
            "fieldType": "AuditLogKey",
            "fieldValue": null,
            "descriptionElements": [
                "<div class=\"block\">\n Change of the <a href=\"../entities/Role.html#getName()\"><code>Role.getName()</code></a> value. \n <p>Expected type: <b>String</b></p>\n</div>"
            ],
            "deprecationElement": null,
            "modifiers": "public static final"
        },
        "CHANNEL_DEFAULT_THREAD_SLOWMODE": {
            "elementId": "CHANNEL_DEFAULT_THREAD_SLOWMODE",
            "fieldName": "CHANNEL_DEFAULT_THREAD_SLOWMODE",
            "fieldType": "AuditLogKey",
            "fieldValue": null,
            "descriptionElements": [
                "<div class=\"block\">\n Change of the <a href=\"../entities/channel/attribute/IThreadContainer.html#getDefaultThreadSlowmode()\"><code>IThreadContainer.getDefaultThreadSlowmode()</code></a> value. \n <p>Expected type: <b>Integer</b></p>\n</div>"
            ],
            "deprecationElement": null,
            "modifiers": "public static final"
        },
        "CHANNEL_NAME": {
            "elementId": "CHANNEL_NAME",
            "fieldName": "CHANNEL_NAME",
            "fieldType": "AuditLogKey",
            "fieldValue": null,
            "descriptionElements": [
                "<div class=\"block\">\n Change of the <a href=\"../entities/channel/Channel.html#getName()\"><code>GuildChannel.getName()</code></a> value. \n <p>Expected type: <b>String</b></p>\n</div>"
            ],
            "deprecationElement": null,
            "modifiers": "public static final"
        },
        "ROLE_MENTIONABLE": {
            "elementId": "ROLE_MENTIONABLE",
            "fieldName": "ROLE_MENTIONABLE",
            "fieldType": "AuditLogKey",
            "fieldValue": null,
            "descriptionElements": [
                "<div class=\"block\">\n Change of the <a href=\"../entities/Role.html#isMentionable()\"><code>Role.isMentionable()</code></a> value. \n <p>Expected type: <b>Boolean</b></p>\n</div>"
            ],
            "deprecationElement": null,
            "modifiers": "public static final"
        },
        "MEMBER_ROLES_REMOVE": {
            "elementId": "MEMBER_ROLES_REMOVE",
            "fieldName": "MEMBER_ROLES_REMOVE",
            "fieldType": "AuditLogKey",
            "fieldValue": null,
            "descriptionElements": [
                "<div class=\"block\">\n Roles removed from <a href=\"../entities/Member.html#getRoles()\"><code>Member.getRoles()</code></a> with this action \n <br>\n Containing a list of <a href=\"../entities/Role.html\" title=\"interface in net.dv8tion.jda.api.entities\"><code>Role</code></a> IDs \n <br>\n Use with <a href=\"../entities/Guild.html#getRoleById(java.lang.String)\"><code>Guild.getRoleById(String)</code></a>\n <p>Expected type: <b>List&lt;String&gt;</b></p>\n</div>"
            ],
            "deprecationElement": null,
            "modifiers": "public static final"
        },
        "GUILD_REGION": {
            "elementId": "GUILD_REGION",
            "fieldName": "GUILD_REGION",
            "fieldType": "AuditLogKey",
            "fieldValue": null,
            "descriptionElements": [
                "<div class=\"block\">\n Change of region represented by a key. \n <br>\n Use with <a href=\"../Region.html#fromKey(java.lang.String)\"><code>Region.fromKey(String)</code></a>\n <p>Expected type: <b>String</b></p>\n</div>"
            ],
            "deprecationElement": null,
            "modifiers": "public static final"
        },
        "THREAD_INVITABLE": {
            "elementId": "THREAD_INVITABLE",
            "fieldName": "THREAD_INVITABLE",
            "fieldType": "AuditLogKey",
            "fieldValue": null,
            "descriptionElements": [
                "<div class=\"block\">\n Change of the <a href=\"../entities/channel/concrete/ThreadChannel.html#isInvitable()\"><code>ThreadChannel.isInvitable()</code></a> value. This can only be set/modified on a <a href=\"../entities/channel/concrete/ThreadChannel.html#isPublic()\"><code>private thread</code></a>. \n <p>Expected type: <b>Boolean</b></p>\n</div>"
            ],
            "deprecationElement": null,
            "modifiers": "public static final"
        },
        "ROLE_PERMISSIONS": {
            "elementId": "ROLE_PERMISSIONS",
            "fieldName": "ROLE_PERMISSIONS",
            "fieldType": "AuditLogKey",
            "fieldValue": null,
            "descriptionElements": [
                "<div class=\"block\">\n Change of the <a href=\"../entities/Role.html#getPermissionsRaw()\"><code>Role.getPermissionsRaw()</code></a> value. \n <br>\n Use with <a href=\"../Permission.html#getPermissions(long)\"><code>Permission.getPermissions(long)</code></a>\n <p>Expected type: <b>Long</b></p>\n</div>"
            ],
            "deprecationElement": null,
            "modifiers": "public static final"
        },
        "WEBHOOK_ICON": {
            "elementId": "WEBHOOK_ICON",
            "fieldName": "WEBHOOK_ICON",
            "fieldType": "AuditLogKey",
            "fieldValue": null,
            "descriptionElements": [
                "<div class=\"block\">\n Change of the <a href=\"../entities/Webhook.html#getDefaultUser()\"><code>Webhook.getDefaultUser()</code></a>'s avatar hash of a Webhook. \n <br>\n This is used to build the <a href=\"../entities/User.html#getAvatarUrl()\"><code>User.getAvatarUrl()</code></a>! \n <p>Expected type: <b>String</b></p>\n</div>"
            ],
            "deprecationElement": null,
            "modifiers": "public static final"
        },
        "CHANNEL_REGION": {
            "elementId": "CHANNEL_REGION",
            "fieldName": "CHANNEL_REGION",
            "fieldType": "AuditLogKey",
            "fieldValue": null,
            "descriptionElements": [
                "<div class=\"block\">\n Change of the <a href=\"../Region.html\" title=\"enum in net.dv8tion.jda.api\"><code>Region</code></a> value. \n <br>\n Only for <a href=\"../entities/channel/ChannelType.html#VOICE\"><code>ChannelType.VOICE</code></a> and <a href=\"../entities/channel/ChannelType.html#STAGE\"><code>ChannelType.STAGE</code></a>\n <p>Expected type: <b>String</b></p>\n</div>"
            ],
            "deprecationElement": null,
            "modifiers": "public static final"
        },
        "INVITE_MAX_AGE": {
            "elementId": "INVITE_MAX_AGE",
            "fieldName": "INVITE_MAX_AGE",
            "fieldType": "AuditLogKey",
            "fieldValue": null,
            "descriptionElements": [
                "<div class=\"block\">\n Change of the <a href=\"../entities/Invite.html#getMaxAge()\"><code>Invite.getMaxAge()</code></a> for the target <a href=\"../entities/Invite.html\" title=\"interface in net.dv8tion.jda.api.entities\"><code>Invite</code></a>\n <p>Expected type: <b>int</b></p>\n</div>"
            ],
            "deprecationElement": null,
            "modifiers": "public static final"
        },
        "GUILD_NAME": {
            "elementId": "GUILD_NAME",
            "fieldName": "GUILD_NAME",
            "fieldType": "AuditLogKey",
            "fieldValue": null,
            "descriptionElements": [
                "<div class=\"block\">\n Change for the <a href=\"../entities/Guild.html#getName()\"><code>Guild.getName()</code></a> value \n <p>Expected type: <b>String</b></p>\n</div>"
            ],
            "deprecationElement": null,
            "modifiers": "public static final"
        },
        "MEMBER_NICK": {
            "elementId": "MEMBER_NICK",
            "fieldName": "MEMBER_NICK",
            "fieldType": "AuditLogKey",
            "fieldValue": null,
            "descriptionElements": [
                "<div class=\"block\">\n Change of the <a href=\"../entities/Member.html#getNickname()\"><code>Member.getNickname()</code></a> value \n <p>Expected type: <b>String</b></p>\n</div>"
            ],
            "deprecationElement": null,
            "modifiers": "public static final"
        },
        "INVITE_INVITER": {
            "elementId": "INVITE_INVITER",
            "fieldName": "INVITE_INVITER",
            "fieldType": "AuditLogKey",
            "fieldValue": null,
            "descriptionElements": [
                "<div class=\"block\">\n Change of the <a href=\"../entities/Invite.html#getInviter()\"><code>Invite.getInviter()</code></a> ID for the target <a href=\"../entities/Invite.html\" title=\"interface in net.dv8tion.jda.api.entities\"><code>Invite</code></a>\n <br>\n Use with <a href=\"../JDA.html#getUserById(java.lang.String)\"><code>JDA.getUserById(String)</code></a>\n <p>Expected type: <b>String</b></p>\n</div>"
            ],
            "deprecationElement": null,
            "modifiers": "public static final"
        },
        "THREAD_ARCHIVED": {
            "elementId": "THREAD_ARCHIVED",
            "fieldName": "THREAD_ARCHIVED",
            "fieldType": "AuditLogKey",
            "fieldValue": null,
            "descriptionElements": [
                "<div class=\"block\">\n Change of the <a href=\"../entities/channel/concrete/ThreadChannel.html#isArchived()\"><code>ThreadChannel.isArchived()</code></a> value. \n <p>Expected type: <b>Boolean</b></p>\n</div>"
            ],
            "deprecationElement": null,
            "modifiers": "public static final"
        },
        "OVERRIDE_TYPE": {
            "elementId": "OVERRIDE_TYPE",
            "fieldName": "OVERRIDE_TYPE",
            "fieldType": "AuditLogKey",
            "fieldValue": null,
            "descriptionElements": [
                "<div class=\"block\">\n The string type of this override. \n <br><code>\"role\"</code> or <code>\"member\"</code>. \n <p>Expected type: <b>String</b></p>\n</div>"
            ],
            "deprecationElement": null,
            "modifiers": "public static final"
        },
        "AUTO_MODERATION_RULE_NAME": {
            "elementId": "AUTO_MODERATION_RULE_NAME",
            "fieldName": "AUTO_MODERATION_RULE_NAME",
            "fieldType": "AuditLogKey",
            "fieldValue": null,
            "descriptionElements": [
                "<div class=\"block\">\n Change of the <a href=\"../entities/automod/AutoModRule.html#getName()\"><code>AutoModRule.getName()</code></a> for the target <a href=\"../entities/automod/AutoModRule.html\" title=\"interface in net.dv8tion.jda.api.entities.automod\"><code>AutoModRule</code></a>\n <p>Expected type: <b>String</b></p>\n</div>"
            ],
            "deprecationElement": null,
            "modifiers": "public static final"
        }
    }
}