{
    "classNameFqcn": "net.dv8tion.jda.api.audit.AuditLogEntry",
    "descriptionElements": [
        "<div class=\"block\">\n Single entry for an <a href=\"../requests/restaction/pagination/AuditLogPaginationAction.html\" title=\"interface in net.dv8tion.jda.api.requests.restaction.pagination\"><code>AuditLogPaginationAction</code></a>. \n <br>\n This entry contains all options/changes and details for the action that was logged by the <a href=\"../entities/Guild.html\" title=\"interface in net.dv8tion.jda.api.entities\"><code>Guild</code></a> audit-logs.\n</div>"
    ],
    "deprecationElement": null,
    "details": {
        "ALL_IMPLEMENTED_INTERFACES": [
            "<dd>\n <code><a href=\"../entities/ISnowflake.html\" title=\"interface in net.dv8tion.jda.api.entities\">ISnowflake</a></code>\n</dd>"
        ]
    },
    "seeAlso": null,
    "methods": {
        "getUser()": {
            "elementId": "getUser()",
            "methodAnnotations": "@Nullable",
            "methodName": "getUser",
            "methodSignature": "@Nullable public User getUser()",
            "methodParameters": null,
            "methodReturnType": "User",
            "isStatic": false,
            "descriptionElements": [
                "<div class=\"block\">\n The <a href=\"../entities/User.html\" title=\"interface in net.dv8tion.jda.api.entities\"><code>User</code></a> responsible for this action. \n <p>This will not be available for <a href=\"../events/guild/GuildAuditLogEntryCreateEvent.html\" title=\"class in net.dv8tion.jda.api.events.guild\"><code>GuildAuditLogEntryCreateEvent</code></a>, you can use <a href=\"#getUserIdLong()\"><code>getUserIdLong()</code></a> instead.</p>\n</div>"
            ],
            "deprecationElement": null,
            "details": {
                "RETURNS": [
                    "<dd>\n Possibly-null User instance\n</dd>"
                ]
            },
            "seeAlso": null
        },
        "getChangeByKey(java.lang.String)": {
            "elementId": "getChangeByKey(java.lang.String)",
            "methodAnnotations": "@Nullable",
            "methodName": "getChangeByKey",
            "methodSignature": "@Nullable public AuditLogChange getChangeByKey(@Nullable String key)",
            "methodParameters": {
                "originalText": "(@Nullable String key)",
                "parameters": [
                    {
                        "annotations": [
                            "Nullable"
                        ],
                        "type": "java.lang.String",
                        "simpleType": "String",
                        "name": "key"
                    }
                ]
            },
            "methodReturnType": "AuditLogChange",
            "isStatic": false,
            "descriptionElements": [
                "<div class=\"block\">\n Shortcut to <code><a href=\"#getChanges()\"><code>getChanges()</code></a>.get(key)</code> lookup! \n <br>\n This lookup is case-insensitive!\n</div>"
            ],
            "deprecationElement": null,
            "details": {
                "PARAMETERS": [
                    "<dd>\n <code>key</code> - The key to look for\n</dd>"
                ],
                "RETURNS": [
                    "<dd>\n Possibly-null value corresponding to the specified key\n</dd>"
                ]
            },
            "seeAlso": null
        },
        "getOptions()": {
            "elementId": "getOptions()",
            "methodAnnotations": "@Nonnull",
            "methodName": "getOptions",
            "methodSignature": "@Nonnull public Map<String,Object> getOptions()",
            "methodParameters": null,
            "methodReturnType": "Map<String,Object>",
            "isStatic": false,
            "descriptionElements": [
                "<div class=\"block\">\n Key-Value <a href=\"https://docs.oracle.com/javase/8/docs/api/java/util/Map.html\" title=\"class or interface in java.util\" class=\"external-link\"><code>Map</code></a> containing all Options made in this entry. The keys for the returned map are case-insensitive keys defined in the regarding AuditLogChange value. \n <br>\n To iterate only the changes you can use <a href=\"https://docs.oracle.com/javase/8/docs/api/java/util/Map.html#values--\" title=\"class or interface in java.util\" class=\"external-link\"><code>Map.values()</code></a>! \n <p>Options may include secondary targets or details that do not qualify as \"change\". <br>\n  An example of that would be the <code>member</code> option for <a href=\"ActionType.html#CHANNEL_OVERRIDE_UPDATE\"><code>CHANNEL_OVERRIDE_UPDATE</code></a> containing the user_id of a <a href=\"../entities/Member.html\" title=\"interface in net.dv8tion.jda.api.entities\"><code>Member</code></a>.</p>\n</div>"
            ],
            "deprecationElement": null,
            "details": {
                "RETURNS": [
                    "<dd>\n Key-Value Map of changes\n</dd>"
                ]
            },
            "seeAlso": null
        },
        "getOptionByName(java.lang.String)": {
            "elementId": "getOptionByName(java.lang.String)",
            "methodAnnotations": "@Nullable",
            "methodName": "getOptionByName",
            "methodSignature": "@Nullable public <T> T getOptionByName(@Nullable String name)",
            "methodParameters": {
                "originalText": "(@Nullable String name)",
                "parameters": [
                    {
                        "annotations": [
                            "Nullable"
                        ],
                        "type": "java.lang.String",
                        "simpleType": "String",
                        "name": "name"
                    }
                ]
            },
            "methodReturnType": "T",
            "isStatic": false,
            "descriptionElements": [
                "<div class=\"block\">\n Shortcut to <code><a href=\"#getOptions()\"><code>getOptions()</code></a>.get(name)</code> lookup! \n <br>\n This lookup is case-insensitive!\n</div>"
            ],
            "deprecationElement": null,
            "details": {
                "PARAMETERS": [
                    "<dd>\n <code>name</code> - The field name to look for\n</dd>"
                ],
                "TYPE_PARAMETERS": [
                    "<dd>\n <code>T</code> - The expected type for this option \n <br>\n Will be used for casting\n</dd>"
                ],
                "RETURNS": [
                    "<dd>\n Possibly-null value corresponding to the specified key\n</dd>"
                ],
                "THROWS": [
                    "<dd>\n <code><a href=\"https://docs.oracle.com/javase/8/docs/api/java/lang/ClassCastException.html\" title=\"class or interface in java.lang\" class=\"external-link\">ClassCastException</a></code> - If the type-cast failed for the generic type.\n</dd>"
                ]
            },
            "seeAlso": null
        },
        "getIdLong()": {
            "elementId": "getIdLong()",
            "methodAnnotations": null,
            "methodName": "getIdLong",
            "methodSignature": "public long getIdLong()",
            "methodParameters": null,
            "methodReturnType": "long",
            "isStatic": false,
            "descriptionElements": [
                "<div class=\"block\">\n <span class=\"descfrm-type-label\">Description copied from interface:&nbsp;<code><a href=\"../entities/ISnowflake.html#getIdLong()\">ISnowflake</a></code></span>\n</div>",
                "<div class=\"block\">\n The Snowflake id of this entity. This is unique to every entity and will never change.\n</div>"
            ],
            "deprecationElement": null,
            "details": {
                "RETURNS": [
                    "<dd>\n Long containing the Id.\n</dd>"
                ],
                "SPECIFIED_BY": [
                    "<dd>\n <code><a href=\"../entities/ISnowflake.html#getIdLong()\">getIdLong</a></code>&nbsp;in interface&nbsp;<code><a href=\"../entities/ISnowflake.html\" title=\"interface in net.dv8tion.jda.api.entities\">ISnowflake</a></code>\n</dd>"
                ]
            },
            "seeAlso": null
        },
        "getOption(net.dv8tion.jda.api.audit.AuditLogOption)": {
            "elementId": "getOption(net.dv8tion.jda.api.audit.AuditLogOption)",
            "methodAnnotations": "@Nullable",
            "methodName": "getOption",
            "methodSignature": "@Nullable public <T> T getOption(@Nonnull AuditLogOption option)",
            "methodParameters": {
                "originalText": "(@Nonnull AuditLogOption option)",
                "parameters": [
                    {
                        "annotations": [
                            "Nonnull"
                        ],
                        "type": "net.dv8tion.jda.api.audit.AuditLogOption",
                        "simpleType": "AuditLogOption",
                        "name": "option"
                    }
                ]
            },
            "methodReturnType": "T",
            "isStatic": false,
            "descriptionElements": [
                "<div class=\"block\">\n Shortcut to <code><a href=\"#getOptions()\"><code>getOptions()</code></a>.get(name)</code> lookup!\n</div>"
            ],
            "deprecationElement": null,
            "details": {
                "PARAMETERS": [
                    "<dd>\n <code>option</code> - The <a href=\"AuditLogOption.html\" title=\"enum in net.dv8tion.jda.api.audit\"><code>AuditLogOption</code></a>\n</dd>"
                ],
                "TYPE_PARAMETERS": [
                    "<dd>\n <code>T</code> - The expected type for this option \n <br>\n Will be used for casting\n</dd>"
                ],
                "RETURNS": [
                    "<dd>\n Possibly-null value corresponding to the specified option constant\n</dd>"
                ],
                "THROWS": [
                    "<dd>\n <code><a href=\"https://docs.oracle.com/javase/8/docs/api/java/lang/ClassCastException.html\" title=\"class or interface in java.lang\" class=\"external-link\">ClassCastException</a></code> - If the type-cast failed for the generic type.\n</dd>",
                    "<dd>\n <code><a href=\"https://docs.oracle.com/javase/8/docs/api/java/lang/IllegalArgumentException.html\" title=\"class or interface in java.lang\" class=\"external-link\">IllegalArgumentException</a></code> - If provided with <code>null</code> option.\n</dd>"
                ]
            },
            "seeAlso": null
        },
        "getUserId()": {
            "elementId": "getUserId()",
            "methodAnnotations": "@Nonnull",
            "methodName": "getUserId",
            "methodSignature": "@Nonnull public String getUserId()",
            "methodParameters": null,
            "methodReturnType": "String",
            "isStatic": false,
            "descriptionElements": [
                "<div class=\"block\">\n The id for the user that executed the action.\n</div>"
            ],
            "deprecationElement": null,
            "details": {
                "RETURNS": [
                    "<dd>\n The user id\n</dd>"
                ]
            },
            "seeAlso": null
        },
        "hashCode()": {
            "elementId": "hashCode()",
            "methodAnnotations": null,
            "methodName": "hashCode",
            "methodSignature": "public int hashCode()",
            "methodParameters": null,
            "methodReturnType": "int",
            "isStatic": false,
            "descriptionElements": [],
            "deprecationElement": null,
            "details": {
                "OVERRIDES": [
                    "<dd>\n <code><a href=\"https://docs.oracle.com/javase/8/docs/api/java/lang/Object.html#hashCode--\" title=\"class or interface in java.lang\" class=\"external-link\">hashCode</a></code>&nbsp;in class&nbsp;<code><a href=\"https://docs.oracle.com/javase/8/docs/api/java/lang/Object.html\" title=\"class or interface in java.lang\" class=\"external-link\">Object</a></code>\n</dd>"
                ]
            },
            "seeAlso": null
        },
        "getChangeByKey(net.dv8tion.jda.api.audit.AuditLogKey)": {
            "elementId": "getChangeByKey(net.dv8tion.jda.api.audit.AuditLogKey)",
            "methodAnnotations": "@Nullable",
            "methodName": "getChangeByKey",
            "methodSignature": "@Nullable public AuditLogChange getChangeByKey(@Nullable AuditLogKey key)",
            "methodParameters": {
                "originalText": "(@Nullable AuditLogKey key)",
                "parameters": [
                    {
                        "annotations": [
                            "Nullable"
                        ],
                        "type": "net.dv8tion.jda.api.audit.AuditLogKey",
                        "simpleType": "AuditLogKey",
                        "name": "key"
                    }
                ]
            },
            "methodReturnType": "AuditLogChange",
            "isStatic": false,
            "descriptionElements": [
                "<div class=\"block\">\n Shortcut to <code><a href=\"#getChanges()\"><code>getChanges()</code></a>.get(key)</code> lookup! \n <br>\n This lookup is case-insensitive!\n</div>"
            ],
            "deprecationElement": null,
            "details": {
                "PARAMETERS": [
                    "<dd>\n <code>key</code> - The <a href=\"AuditLogKey.html\" title=\"enum in net.dv8tion.jda.api.audit\"><code>AuditLogKey</code></a> to look for\n</dd>"
                ],
                "RETURNS": [
                    "<dd>\n Possibly-null value corresponding to the specified key\n</dd>"
                ]
            },
            "seeAlso": null
        },
        "getId()": {
            "elementId": "getId()",
            "methodAnnotations": "@Nonnull",
            "methodName": "getId",
            "methodSignature": "@Nonnull default String getId()",
            "methodParameters": null,
            "methodReturnType": "String",
            "isStatic": false,
            "descriptionElements": [
                "<div class=\"block\">\n The Snowflake id of this entity. This is unique to every entity and will never change.\n</div>"
            ],
            "deprecationElement": null,
            "details": {
                "RETURNS": [
                    "<dd>\n Never-null String containing the Id.\n</dd>"
                ]
            },
            "seeAlso": null
        },
        "getOptions(net.dv8tion.jda.api.audit.AuditLogOption...)": {
            "elementId": "getOptions(net.dv8tion.jda.api.audit.AuditLogOption...)",
            "methodAnnotations": "@Nonnull",
            "methodName": "getOptions",
            "methodSignature": "@Nonnull public @Unmodifiable List<Object> getOptions(@Nonnull AuditLogOption... options)",
            "methodParameters": {
                "originalText": "(@Nonnull AuditLogOption... options)",
                "parameters": [
                    {
                        "annotations": [
                            "Nonnull"
                        ],
                        "type": "net.dv8tion.jda.api.audit.AuditLogOption...",
                        "simpleType": "AuditLogOption...",
                        "name": "options"
                    }
                ]
            },
            "methodReturnType": "@Unmodifiable List<Object>",
            "isStatic": false,
            "descriptionElements": [
                "<div class=\"block\">\n Constructs a filtered, immutable list of options corresponding to the provided <a href=\"AuditLogOption.html\" title=\"enum in net.dv8tion.jda.api.audit\"><code>AuditLogOptions</code></a>. \n <br>\n This will exclude options with <code>null</code> values!\n</div>"
            ],
            "deprecationElement": null,
            "details": {
                "PARAMETERS": [
                    "<dd>\n <code>options</code> - The not-null <a href=\"AuditLogOption.html\" title=\"enum in net.dv8tion.jda.api.audit\"><code>AuditLogOptions</code></a> which will be used to gather option values via <a href=\"#getOption(net.dv8tion.jda.api.audit.AuditLogOption)\"><code>getOption(AuditLogOption)</code></a>!\n</dd>"
                ],
                "RETURNS": [
                    "<dd>\n Unmodifiable list of representative values\n</dd>"
                ],
                "THROWS": [
                    "<dd>\n <code><a href=\"https://docs.oracle.com/javase/8/docs/api/java/lang/IllegalArgumentException.html\" title=\"class or interface in java.lang\" class=\"external-link\">IllegalArgumentException</a></code> - If provided with null options\n</dd>"
                ]
            },
            "seeAlso": null
        },
        "getTargetType()": {
            "elementId": "getTargetType()",
            "methodAnnotations": "@Nonnull",
            "methodName": "getTargetType",
            "methodSignature": "@Nonnull public TargetType getTargetType()",
            "methodParameters": null,
            "methodReturnType": "TargetType",
            "isStatic": false,
            "descriptionElements": [
                "<div class=\"block\">\n The <a href=\"TargetType.html\" title=\"enum in net.dv8tion.jda.api.audit\"><code>TargetType</code></a> defining what kind of entity was targeted by this action. \n <br>\n Shortcut for <code>getType().getTargetType()</code>\n</div>"
            ],
            "deprecationElement": null,
            "details": {
                "RETURNS": [
                    "<dd>\n The <a href=\"TargetType.html\" title=\"enum in net.dv8tion.jda.api.audit\"><code>TargetType</code></a>\n</dd>"
                ]
            },
            "seeAlso": null
        },
        "getType()": {
            "elementId": "getType()",
            "methodAnnotations": "@Nonnull",
            "methodName": "getType",
            "methodSignature": "@Nonnull public ActionType getType()",
            "methodParameters": null,
            "methodReturnType": "ActionType",
            "isStatic": false,
            "descriptionElements": [
                "<div class=\"block\">\n The <a href=\"ActionType.html\" title=\"enum in net.dv8tion.jda.api.audit\"><code>ActionType</code></a> defining what auditable Action is referred to by this entry.\n</div>"
            ],
            "deprecationElement": null,
            "details": {
                "RETURNS": [
                    "<dd>\n The <a href=\"ActionType.html\" title=\"enum in net.dv8tion.jda.api.audit\"><code>ActionType</code></a>\n</dd>"
                ]
            },
            "seeAlso": null
        },
        "getJDA()": {
            "elementId": "getJDA()",
            "methodAnnotations": "@Nonnull",
            "methodName": "getJDA",
            "methodSignature": "@Nonnull public JDA getJDA()",
            "methodParameters": null,
            "methodReturnType": "JDA",
            "isStatic": false,
            "descriptionElements": [
                "<div class=\"block\">\n The corresponding JDA instance of the referring Guild\n</div>"
            ],
            "deprecationElement": null,
            "details": {
                "RETURNS": [
                    "<dd>\n The corresponding JDA instance\n</dd>"
                ]
            },
            "seeAlso": null
        },
        "getTargetIdLong()": {
            "elementId": "getTargetIdLong()",
            "methodAnnotations": null,
            "methodName": "getTargetIdLong",
            "methodSignature": "public long getTargetIdLong()",
            "methodParameters": null,
            "methodReturnType": "long",
            "isStatic": false,
            "descriptionElements": [
                "<div class=\"block\">\n The id for the target entity. \n <br>\n This references an entity based on the <a href=\"TargetType.html\" title=\"enum in net.dv8tion.jda.api.audit\"><code>TargetType</code></a> which is specified by <a href=\"#getTargetType()\"><code>getTargetType()</code></a>!\n</div>"
            ],
            "deprecationElement": null,
            "details": {
                "RETURNS": [
                    "<dd>\n The target id\n</dd>"
                ]
            },
            "seeAlso": null
        },
        "getChanges()": {
            "elementId": "getChanges()",
            "methodAnnotations": "@Nonnull",
            "methodName": "getChanges",
            "methodSignature": "@Nonnull public Map<String,AuditLogChange> getChanges()",
            "methodParameters": null,
            "methodReturnType": "Map<String,AuditLogChange>",
            "isStatic": false,
            "descriptionElements": [
                "<div class=\"block\">\n Key-Value <a href=\"https://docs.oracle.com/javase/8/docs/api/java/util/Map.html\" title=\"class or interface in java.util\" class=\"external-link\"><code>Map</code></a> containing all <a href=\"AuditLogChange.html\" title=\"class in net.dv8tion.jda.api.audit\"><code>AuditLogChanges</code></a> made in this entry. The keys for the returned map are case-insensitive keys defined in the regarding AuditLogChange value. \n <br>\n To iterate only the changes you can use <a href=\"https://docs.oracle.com/javase/8/docs/api/java/util/Map.html#values--\" title=\"class or interface in java.util\" class=\"external-link\"><code>Map.values()</code></a>!\n</div>"
            ],
            "deprecationElement": null,
            "details": {
                "RETURNS": [
                    "<dd>\n Key-Value Map of changes\n</dd>"
                ]
            },
            "seeAlso": null
        },
        "toString()": {
            "elementId": "toString()",
            "methodAnnotations": null,
            "methodName": "toString",
            "methodSignature": "public String toString()",
            "methodParameters": null,
            "methodReturnType": "String",
            "isStatic": false,
            "descriptionElements": [],
            "deprecationElement": null,
            "details": {
                "OVERRIDES": [
                    "<dd>\n <code><a href=\"https://docs.oracle.com/javase/8/docs/api/java/lang/Object.html#toString--\" title=\"class or interface in java.lang\" class=\"external-link\">toString</a></code>&nbsp;in class&nbsp;<code><a href=\"https://docs.oracle.com/javase/8/docs/api/java/lang/Object.html\" title=\"class or interface in java.lang\" class=\"external-link\">Object</a></code>\n</dd>"
                ]
            },
            "seeAlso": null
        },
        "getGuild()": {
            "elementId": "getGuild()",
            "methodAnnotations": "@Nonnull",
            "methodName": "getGuild",
            "methodSignature": "@Nonnull public Guild getGuild()",
            "methodParameters": null,
            "methodReturnType": "Guild",
            "isStatic": false,
            "descriptionElements": [
                "<div class=\"block\">\n The <a href=\"../entities/Guild.html\" title=\"interface in net.dv8tion.jda.api.entities\"><code>Guild</code></a> this audit-log entry refers to\n</div>"
            ],
            "deprecationElement": null,
            "details": {
                "RETURNS": [
                    "<dd>\n The Guild instance\n</dd>"
                ]
            },
            "seeAlso": null
        },
        "getUserIdLong()": {
            "elementId": "getUserIdLong()",
            "methodAnnotations": null,
            "methodName": "getUserIdLong",
            "methodSignature": "public long getUserIdLong()",
            "methodParameters": null,
            "methodReturnType": "long",
            "isStatic": false,
            "descriptionElements": [
                "<div class=\"block\">\n The id for the user that executed the action.\n</div>"
            ],
            "deprecationElement": null,
            "details": {
                "RETURNS": [
                    "<dd>\n The user id\n</dd>"
                ]
            },
            "seeAlso": null
        },
        "getTimeCreated()": {
            "elementId": "getTimeCreated()",
            "methodAnnotations": "@Nonnull",
            "methodName": "getTimeCreated",
            "methodSignature": "@Nonnull default OffsetDateTime getTimeCreated()",
            "methodParameters": null,
            "methodReturnType": "OffsetDateTime",
            "isStatic": false,
            "descriptionElements": [
                "<div class=\"block\">\n The time this entity was created. Calculated through the Snowflake in <a href=\"#getIdLong()\"><code>getIdLong()</code></a>.\n</div>"
            ],
            "deprecationElement": null,
            "details": {
                "RETURNS": [
                    "<dd>\n OffsetDateTime - Time this entity was created at.\n</dd>"
                ],
                "SEE_ALSO": [
                    "<dd>\n <ul class=\"see-list\">\n  <li><a href=\"../utils/TimeUtil.html#getTimeCreated(long)\"><code>TimeUtil.getTimeCreated(long)</code></a></li>\n </ul>\n</dd>"
                ]
            },
            "seeAlso": {
                "references": [
                    {
                        "text": "TimeUtil#getTimeCreated(long)",
                        "link": "https://docs.jda.wiki/net/dv8tion/jda/api/utils/TimeUtil.html#getTimeCreated(long)",
                        "targetType": "METHOD",
                        "fullSignature": "TimeUtil#getTimeCreated(long)"
                    }
                ]
            }
        },
        "getChangesForKeys(net.dv8tion.jda.api.audit.AuditLogKey...)": {
            "elementId": "getChangesForKeys(net.dv8tion.jda.api.audit.AuditLogKey...)",
            "methodAnnotations": "@Nonnull",
            "methodName": "getChangesForKeys",
            "methodSignature": "@Nonnull public @Unmodifiable List<AuditLogChange> getChangesForKeys(@Nonnull AuditLogKey... keys)",
            "methodParameters": {
                "originalText": "(@Nonnull AuditLogKey... keys)",
                "parameters": [
                    {
                        "annotations": [
                            "Nonnull"
                        ],
                        "type": "net.dv8tion.jda.api.audit.AuditLogKey...",
                        "simpleType": "AuditLogKey...",
                        "name": "keys"
                    }
                ]
            },
            "methodReturnType": "@Unmodifiable List<AuditLogChange>",
            "isStatic": false,
            "descriptionElements": [
                "<div class=\"block\">\n Filters all changes by the specified keys\n</div>"
            ],
            "deprecationElement": null,
            "details": {
                "PARAMETERS": [
                    "<dd>\n <code>keys</code> - Varargs <a href=\"AuditLogKey.html\" title=\"enum in net.dv8tion.jda.api.audit\"><code>AuditLogKeys</code></a> to look for\n</dd>"
                ],
                "RETURNS": [
                    "<dd>\n Possibly-empty, never-null immutable list of <a href=\"AuditLogChange.html\" title=\"class in net.dv8tion.jda.api.audit\"><code>AuditLogChanges</code></a>\n</dd>"
                ],
                "THROWS": [
                    "<dd>\n <code><a href=\"https://docs.oracle.com/javase/8/docs/api/java/lang/IllegalArgumentException.html\" title=\"class or interface in java.lang\" class=\"external-link\">IllegalArgumentException</a></code> - If provided with null array\n</dd>"
                ]
            },
            "seeAlso": null
        },
        "getTypeRaw()": {
            "elementId": "getTypeRaw()",
            "methodAnnotations": null,
            "methodName": "getTypeRaw",
            "methodSignature": "public int getTypeRaw()",
            "methodParameters": null,
            "methodReturnType": "int",
            "isStatic": false,
            "descriptionElements": [
                "<div class=\"block\">\n The raw type value used to derive <a href=\"#getType()\"><code>getType()</code></a>. \n <br>\n This can be used when a new action type is not yet supported by JDA.\n</div>"
            ],
            "deprecationElement": null,
            "details": {
                "RETURNS": [
                    "<dd>\n The raw type value\n</dd>"
                ]
            },
            "seeAlso": null
        },
        "equals(java.lang.Object)": {
            "elementId": "equals(java.lang.Object)",
            "methodAnnotations": null,
            "methodName": "equals",
            "methodSignature": "public boolean equals(Object obj)",
            "methodParameters": {
                "originalText": "(Object obj)",
                "parameters": [
                    {
                        "annotations": [],
                        "type": "java.lang.Object",
                        "simpleType": "Object",
                        "name": "obj"
                    }
                ]
            },
            "methodReturnType": "boolean",
            "isStatic": false,
            "descriptionElements": [],
            "deprecationElement": null,
            "details": {
                "OVERRIDES": [
                    "<dd>\n <code><a href=\"https://docs.oracle.com/javase/8/docs/api/java/lang/Object.html#equals-java.lang.Object-\" title=\"class or interface in java.lang\" class=\"external-link\">equals</a></code>&nbsp;in class&nbsp;<code><a href=\"https://docs.oracle.com/javase/8/docs/api/java/lang/Object.html\" title=\"class or interface in java.lang\" class=\"external-link\">Object</a></code>\n</dd>"
                ]
            },
            "seeAlso": null
        },
        "getWebhook()": {
            "elementId": "getWebhook()",
            "methodAnnotations": "@Nullable",
            "methodName": "getWebhook",
            "methodSignature": "@Nullable public Webhook getWebhook()",
            "methodParameters": null,
            "methodReturnType": "Webhook",
            "isStatic": false,
            "descriptionElements": [
                "<div class=\"block\">\n The <a href=\"../entities/Webhook.html\" title=\"interface in net.dv8tion.jda.api.entities\"><code>Webhook</code></a> that the target id of this audit-log entry refers to\n</div>"
            ],
            "deprecationElement": null,
            "details": {
                "RETURNS": [
                    "<dd>\n Possibly-null Webhook instance\n</dd>"
                ]
            },
            "seeAlso": null
        },
        "<init>(net.dv8tion.jda.api.audit.ActionType,int,long,long,long,net.dv8tion.jda.internal.entities.GuildImpl,net.dv8tion.jda.internal.entities.UserImpl,net.dv8tion.jda.internal.entities.WebhookImpl,java.lang.String,java.util.Map,java.util.Map)": {
            "elementId": "<init>(net.dv8tion.jda.api.audit.ActionType,int,long,long,long,net.dv8tion.jda.internal.entities.GuildImpl,net.dv8tion.jda.internal.entities.UserImpl,net.dv8tion.jda.internal.entities.WebhookImpl,java.lang.String,java.util.Map,java.util.Map)",
            "methodAnnotations": null,
            "methodName": "AuditLogEntry",
            "methodSignature": "public AuditLogEntry(ActionType type, int rawType, long id, long userId, long targetId, net.dv8tion.jda.internal.entities.GuildImpl guild, net.dv8tion.jda.internal.entities.UserImpl user, net.dv8tion.jda.internal.entities.WebhookImpl webhook, String reason, Map<String,AuditLogChange> changes, Map<String,Object> options)",
            "methodParameters": {
                "originalText": "(ActionType type, int rawType, long id, long userId, long targetId, net.dv8tion.jda.internal.entities.GuildImpl guild, net.dv8tion.jda.internal.entities.UserImpl user, net.dv8tion.jda.internal.entities.WebhookImpl webhook, String reason, Map<String,AuditLogChange> changes, Map<String,Object> options)",
                "parameters": [
                    {
                        "annotations": [],
                        "type": "net.dv8tion.jda.api.audit.ActionType",
                        "simpleType": "ActionType",
                        "name": "type"
                    },
                    {
                        "annotations": [],
                        "type": "int",
                        "simpleType": "int",
                        "name": "rawType"
                    },
                    {
                        "annotations": [],
                        "type": "long",
                        "simpleType": "long",
                        "name": "id"
                    },
                    {
                        "annotations": [],
                        "type": "long",
                        "simpleType": "long",
                        "name": "userId"
                    },
                    {
                        "annotations": [],
                        "type": "long",
                        "simpleType": "long",
                        "name": "targetId"
                    },
                    {
                        "annotations": [],
                        "type": "net.dv8tion.jda.internal.entities.GuildImpl",
                        "simpleType": "GuildImpl",
                        "name": "guild"
                    },
                    {
                        "annotations": [],
                        "type": "net.dv8tion.jda.internal.entities.UserImpl",
                        "simpleType": "UserImpl",
                        "name": "user"
                    },
                    {
                        "annotations": [],
                        "type": "net.dv8tion.jda.internal.entities.WebhookImpl",
                        "simpleType": "WebhookImpl",
                        "name": "webhook"
                    },
                    {
                        "annotations": [],
                        "type": "java.lang.String",
                        "simpleType": "String",
                        "name": "reason"
                    },
                    {
                        "annotations": [],
                        "type": "java.util.Map",
                        "simpleType": "Map",
                        "name": "changes"
                    },
                    {
                        "annotations": [],
                        "type": "java.util.Map",
                        "simpleType": "Map",
                        "name": "options"
                    }
                ]
            },
            "methodReturnType": "AuditLogEntry",
            "isStatic": false,
            "descriptionElements": [],
            "deprecationElement": null,
            "details": {},
            "seeAlso": null
        },
        "getTargetId()": {
            "elementId": "getTargetId()",
            "methodAnnotations": "@Nonnull",
            "methodName": "getTargetId",
            "methodSignature": "@Nonnull public String getTargetId()",
            "methodParameters": null,
            "methodReturnType": "String",
            "isStatic": false,
            "descriptionElements": [
                "<div class=\"block\">\n The id for the target entity. \n <br>\n This references an entity based on the <a href=\"TargetType.html\" title=\"enum in net.dv8tion.jda.api.audit\"><code>TargetType</code></a> which is specified by <a href=\"#getTargetType()\"><code>getTargetType()</code></a>!\n</div>"
            ],
            "deprecationElement": null,
            "details": {
                "RETURNS": [
                    "<dd>\n The target id\n</dd>"
                ]
            },
            "seeAlso": null
        },
        "getReason()": {
            "elementId": "getReason()",
            "methodAnnotations": "@Nullable",
            "methodName": "getReason",
            "methodSignature": "@Nullable public String getReason()",
            "methodParameters": null,
            "methodReturnType": "String",
            "isStatic": false,
            "descriptionElements": [
                "<div class=\"block\">\n The optional reason why this action was executed.\n</div>"
            ],
            "deprecationElement": null,
            "details": {
                "RETURNS": [
                    "<dd>\n Possibly-null reason String\n</dd>"
                ]
            },
            "seeAlso": null
        }
    },
    "fields": {}
}