{
    "classNameFqcn": "net.dv8tion.jda.api.audit.ThreadLocalReason",
    "descriptionElements": [
        "<div class=\"block\">\n Thread-Local audit-log reason used automatically by <a href=\"../requests/restaction/AuditableRestAction.html\" title=\"interface in net.dv8tion.jda.api.requests.restaction\"><code>AuditableRestAction</code></a> instances when no other reason was set. \n <p>Note that <a href=\"../requests/RestAction.html#queue(java.util.function.Consumer)\"><code>RestAction.queue()</code></a> will forward any thread-local reason set through this handle. Thus audit-log reasons done by callbacks will also use the one set from the executing thread.</p>\n <p><b>Example without closable</b><br></p>\n <pre><code>\n String previousReason = ThreadLocalReason.getCurrent();\n ThreadLocalReason.setCurrent(\"Hello World\");\n try {\n     guild.ban(user, 0).queue(v -&gt; {\n         guild.unban(user).queue(); // also uses the reason \"Hello World\"\n     });\n } finally {\n     //Forwarding the reason is not async so resetting it here is fine.\n     ThreadLocalReason.setCurrent(previousReason);\n }\n //This will not use the reason \"Hello World\" but the previous, or none if none was set previously\n guild.kick(user).queue();\n </code></pre>\n <p><b>Example with closable</b><br></p>\n <pre><code>\n try (ThreadLocalReason.Closable __ = ThreadLocalReason.closable(\"Hello World\")) {\n     guild.ban(user, 0).queue(v -&gt; {\n         guild.unban(user).queue(); // also uses the reason \"Hello World\"\n     });\n } // automatically changes reason back\n //This will not use the reason \"Hello World\" but the previous, or none if none was set previously\n guild.kick(user).queue();\n </code></pre>\n</div>"
    ],
    "deprecationElement": null,
    "details": {
        "SEE_ALSO": [
            "<dd>\n <ul class=\"see-list-long\">\n  <li><a href=\"../requests/restaction/AuditableRestAction.html#reason(java.lang.String)\"><code>AuditableRestAction.reason(String)</code></a></li>\n  <li><a href=\"https://docs.oracle.com/javase/8/docs/api/java/lang/ThreadLocal.html\" title=\"class or interface in java.lang\" class=\"external-link\"><code>ThreadLocal</code></a></li>\n </ul>\n</dd>"
        ]
    },
    "seeAlso": {
        "references": [
            {
                "text": "AuditableRestAction#reason(String)",
                "link": "https://docs.jda.wiki/net/dv8tion/jda/api/requests/restaction/AuditableRestAction.html#reason(java.lang.String)",
                "targetType": "METHOD",
                "fullSignature": "AuditableRestAction#reason(String)"
            },
            {
                "text": "ThreadLocal",
                "link": "https://docs.oracle.com/javase/8/docs/api/java/lang/ThreadLocal.html",
                "targetType": "UNKNOWN",
                "fullSignature": null
            }
        ]
    },
    "methods": {
        "resetCurrent()": {
            "elementId": "resetCurrent()",
            "methodAnnotations": null,
            "methodName": "resetCurrent",
            "methodSignature": "public static void resetCurrent()",
            "methodParameters": null,
            "methodReturnType": "void",
            "isStatic": true,
            "descriptionElements": [
                "<div class=\"block\">\n Resets the currently set thread-local reason, if present.\n</div>"
            ],
            "deprecationElement": null,
            "details": {},
            "seeAlso": null
        },
        "setCurrent(java.lang.String)": {
            "elementId": "setCurrent(java.lang.String)",
            "methodAnnotations": null,
            "methodName": "setCurrent",
            "methodSignature": "public static void setCurrent(@Nullable String reason)",
            "methodParameters": {
                "originalText": "(@Nullable String reason)",
                "parameters": [
                    {
                        "annotations": [
                            "Nullable"
                        ],
                        "type": "String",
                        "simpleType": "String",
                        "name": "reason"
                    }
                ]
            },
            "methodReturnType": "void",
            "isStatic": true,
            "descriptionElements": [
                "<div class=\"block\">\n Sets the current reason that should be used for <a href=\"../requests/restaction/AuditableRestAction.html\" title=\"interface in net.dv8tion.jda.api.requests.restaction\"><code>AuditableRestAction</code></a>.\n</div>"
            ],
            "deprecationElement": null,
            "details": {
                "PARAMETERS": [
                    "<dd>\n <code>reason</code> - The reason to use, or <code>null</code> to reset\n</dd>"
                ]
            },
            "seeAlso": null
        },
        "getCurrent()": {
            "elementId": "getCurrent()",
            "methodAnnotations": "@Nullable",
            "methodName": "getCurrent",
            "methodSignature": "@Nullable public static String getCurrent()",
            "methodParameters": null,
            "methodReturnType": "String",
            "isStatic": true,
            "descriptionElements": [
                "<div class=\"block\">\n The current reason that should be used for <a href=\"../requests/restaction/AuditableRestAction.html\" title=\"interface in net.dv8tion.jda.api.requests.restaction\"><code>AuditableRestAction</code></a>.\n</div>"
            ],
            "deprecationElement": null,
            "details": {
                "RETURNS": [
                    "<dd>\n The current thread-local reason, or null\n</dd>"
                ]
            },
            "seeAlso": null
        },
        "closable(java.lang.String)": {
            "elementId": "closable(java.lang.String)",
            "methodAnnotations": "@Nonnull",
            "methodName": "closable",
            "methodSignature": "@Nonnull public static ThreadLocalReason.Closable closable(@Nullable String reason)",
            "methodParameters": {
                "originalText": "(@Nullable String reason)",
                "parameters": [
                    {
                        "annotations": [
                            "Nullable"
                        ],
                        "type": "String",
                        "simpleType": "String",
                        "name": "reason"
                    }
                ]
            },
            "methodReturnType": "ThreadLocalReason.Closable",
            "isStatic": true,
            "descriptionElements": [
                "<div class=\"block\">\n Creates a new <a href=\"ThreadLocalReason.Closable.html\" title=\"class in net.dv8tion.jda.api.audit\"><code>ThreadLocalReason.Closable</code></a> instance. \n <br>\n Allows to use try-with-resources blocks for setting reasons\n</div>"
            ],
            "deprecationElement": null,
            "details": {
                "PARAMETERS": [
                    "<dd>\n <code>reason</code> - The reason to use\n</dd>"
                ],
                "RETURNS": [
                    "<dd>\n The closable instance\n</dd>"
                ]
            },
            "seeAlso": null
        }
    },
    "fields": {}
}