{
    "classNameFqcn": "net.dv8tion.jda.api.events.message.MessageUpdateEvent",
    "descriptionElements": [
        "<div class=\"block\">\n Indicates that a Message was edited in a <a href=\"../../entities/channel/middleman/MessageChannel.html\" title=\"interface in net.dv8tion.jda.api.entities.channel.middleman\"><code>MessageChannel</code></a>. \n <p>Can be used to detect a Message is edited in either a private or guild channel. Providing a MessageChannel and Message. <br>\n  This also includes whether a message is being pinned.</p>\n <p><b>JDA does not have a cache for messages and is not able to provide previous information due to limitations by the Discord API!</b></p>\n <p><b>Requirements</b><br></p>\n <p>This event requires at least one of the following intents (Will not fire at all if neither is enabled):</p>\n <ul>\n  <li><a href=\"../../requests/GatewayIntent.html#GUILD_MESSAGES\"><code>GUILD_MESSAGES</code></a> to work in guild text channels</li>\n  <li><a href=\"../../requests/GatewayIntent.html#DIRECT_MESSAGES\"><code>DIRECT_MESSAGES</code></a> to work in private channels</li>\n </ul>\n</div>"
    ],
    "deprecationElement": null,
    "details": {
        "ALL_IMPLEMENTED_INTERFACES": [
            "<dd>\n <code><a href=\"../GenericEvent.html\" title=\"interface in net.dv8tion.jda.api.events\">GenericEvent</a></code>\n</dd>"
        ]
    },
    "seeAlso": null,
    "methods": {
        "getJDA()": {
            "elementId": "getJDA()",
            "methodAnnotations": "@Nonnull",
            "methodName": "getJDA",
            "methodSignature": "@Nonnull public JDA getJDA()",
            "methodParameters": null,
            "methodReturnType": "JDA",
            "isStatic": false,
            "descriptionElements": [
                "<div class=\"block\">\n <span class=\"descfrm-type-label\">Description copied from interface:&nbsp;<code><a href=\"GenericEvent.html#getJDA()\">GenericEvent</a></code></span>\n</div>",
                "<div class=\"block\">\n The current JDA instance corresponding to this Event\n</div>"
            ],
            "deprecationElement": null,
            "details": {
                "RETURNS": [
                    "<dd>\n The corresponding JDA instance\n</dd>"
                ],
                "SPECIFIED_BY": [
                    "<dd>\n <code><a href=\"GenericEvent.html#getJDA()\">getJDA</a></code>&nbsp;in interface&nbsp;<code><a href=\"GenericEvent.html\" title=\"interface in net.dv8tion.jda.api.events\">GenericEvent</a></code>\n</dd>"
                ]
            },
            "seeAlso": null
        },
        "isFromType(net.dv8tion.jda.api.entities.channel.ChannelType)": {
            "elementId": "isFromType(net.dv8tion.jda.api.entities.channel.ChannelType)",
            "methodAnnotations": null,
            "methodName": "isFromType",
            "methodSignature": "public boolean isFromType(@Nonnull ChannelType type)",
            "methodParameters": {
                "originalText": "(@Nonnull ChannelType type)",
                "parameters": [
                    {
                        "annotations": [
                            "Nonnull"
                        ],
                        "type": "net.dv8tion.jda.api.entities.channel.ChannelType",
                        "simpleType": "ChannelType",
                        "name": "type"
                    }
                ]
            },
            "methodReturnType": "boolean",
            "isStatic": false,
            "descriptionElements": [
                "<div class=\"block\">\n Indicates whether the message is from the specified <a href=\"../../entities/channel/ChannelType.html\" title=\"enum in net.dv8tion.jda.api.entities.channel\"><code>ChannelType</code></a>\n</div>"
            ],
            "deprecationElement": null,
            "details": {
                "PARAMETERS": [
                    "<dd>\n <code>type</code> - The ChannelType\n</dd>"
                ],
                "RETURNS": [
                    "<dd>\n True, if the message is from the specified channel type\n</dd>"
                ]
            },
            "seeAlso": null
        },
        "getChannel()": {
            "elementId": "getChannel()",
            "methodAnnotations": "@Nonnull",
            "methodName": "getChannel",
            "methodSignature": "@Nonnull public MessageChannelUnion getChannel()",
            "methodParameters": null,
            "methodReturnType": "MessageChannelUnion",
            "isStatic": false,
            "descriptionElements": [
                "<div class=\"block\">\n The <a href=\"../../entities/channel/middleman/MessageChannel.html\" title=\"interface in net.dv8tion.jda.api.entities.channel.middleman\"><code>MessageChannel</code></a> for this Message\n</div>"
            ],
            "deprecationElement": null,
            "details": {
                "RETURNS": [
                    "<dd>\n The MessageChannel\n</dd>"
                ]
            },
            "seeAlso": null
        },
        "getResponseNumber()": {
            "elementId": "getResponseNumber()",
            "methodAnnotations": null,
            "methodName": "getResponseNumber",
            "methodSignature": "public long getResponseNumber()",
            "methodParameters": null,
            "methodReturnType": "long",
            "isStatic": false,
            "descriptionElements": [
                "<div class=\"block\">\n <span class=\"descfrm-type-label\">Description copied from interface:&nbsp;<code><a href=\"GenericEvent.html#getResponseNumber()\">GenericEvent</a></code></span>\n</div>",
                "<div class=\"block\">\n The current sequence for this event. \n <br>\n This can be used to keep events in order when making sequencing system.\n</div>"
            ],
            "deprecationElement": null,
            "details": {
                "RETURNS": [
                    "<dd>\n The current sequence number for this event\n</dd>"
                ],
                "SPECIFIED_BY": [
                    "<dd>\n <code><a href=\"GenericEvent.html#getResponseNumber()\">getResponseNumber</a></code>&nbsp;in interface&nbsp;<code><a href=\"GenericEvent.html\" title=\"interface in net.dv8tion.jda.api.events\">GenericEvent</a></code>\n</dd>"
                ]
            },
            "seeAlso": null
        },
        "toString()": {
            "elementId": "toString()",
            "methodAnnotations": null,
            "methodName": "toString",
            "methodSignature": "public String toString()",
            "methodParameters": null,
            "methodReturnType": "String",
            "isStatic": false,
            "descriptionElements": [],
            "deprecationElement": null,
            "details": {
                "OVERRIDES": [
                    "<dd>\n <code><a href=\"https://docs.oracle.com/javase/8/docs/api/java/lang/Object.html#toString--\" title=\"class or interface in java.lang\" class=\"external-link\">toString</a></code>&nbsp;in class&nbsp;<code><a href=\"https://docs.oracle.com/javase/8/docs/api/java/lang/Object.html\" title=\"class or interface in java.lang\" class=\"external-link\">Object</a></code>\n</dd>"
                ]
            },
            "seeAlso": null
        },
        "getAuthor()": {
            "elementId": "getAuthor()",
            "methodAnnotations": "@Nonnull",
            "methodName": "getAuthor",
            "methodSignature": "@Nonnull public User getAuthor()",
            "methodParameters": null,
            "methodReturnType": "User",
            "isStatic": false,
            "descriptionElements": [
                "<div class=\"block\">\n The author of the Message.\n</div>"
            ],
            "deprecationElement": null,
            "details": {
                "RETURNS": [
                    "<dd>\n The message author\n</dd>"
                ],
                "SEE_ALSO": [
                    "<dd>\n <ul class=\"see-list\">\n  <li><a href=\"../../entities/User.html\" title=\"interface in net.dv8tion.jda.api.entities\"><code>User</code></a></li>\n </ul>\n</dd>"
                ]
            },
            "seeAlso": {
                "references": [
                    {
                        "text": "User",
                        "link": "https://docs.jda.wiki/net/dv8tion/jda/api/entities/User.html",
                        "targetType": "CLASS",
                        "fullSignature": "User"
                    }
                ]
            }
        },
        "getChannelType()": {
            "elementId": "getChannelType()",
            "methodAnnotations": "@Nonnull",
            "methodName": "getChannelType",
            "methodSignature": "@Nonnull public ChannelType getChannelType()",
            "methodParameters": null,
            "methodReturnType": "ChannelType",
            "isStatic": false,
            "descriptionElements": [
                "<div class=\"block\">\n The <a href=\"../../entities/channel/ChannelType.html\" title=\"enum in net.dv8tion.jda.api.entities.channel\"><code>ChannelType</code></a> for this message\n</div>"
            ],
            "deprecationElement": null,
            "details": {
                "RETURNS": [
                    "<dd>\n The ChannelType\n</dd>"
                ]
            },
            "seeAlso": null
        },
        "getRawData()": {
            "elementId": "getRawData()",
            "methodAnnotations": "@Nullable",
            "methodName": "getRawData",
            "methodSignature": "@Nullable public DataObject getRawData()",
            "methodParameters": null,
            "methodReturnType": "DataObject",
            "isStatic": false,
            "descriptionElements": [
                "<div class=\"block\">\n <span class=\"descfrm-type-label\">Description copied from interface:&nbsp;<code><a href=\"GenericEvent.html#getRawData()\">GenericEvent</a></code></span>\n</div>",
                "<div class=\"block\">\n The passthrough data that this event was serialized from. This data might be null in rare situations, for example, if the event came from a rest action. \n <br>\n This provides the full gateway message payload, including sequence, event name and dispatch type. For details, read the official <a href=\"https://discord.dev/topics/gateway\" target=\"_blank\">Discord Documentation</a>.\n</div>"
            ],
            "deprecationElement": null,
            "details": {
                "RETURNS": [
                    "<dd>\n The corresponding <a href=\"../utils/data/DataObject.html\" title=\"class in net.dv8tion.jda.api.utils.data\"><code>DataObject</code></a>\n</dd>"
                ],
                "SPECIFIED_BY": [
                    "<dd>\n <code><a href=\"GenericEvent.html#getRawData()\">getRawData</a></code>&nbsp;in interface&nbsp;<code><a href=\"GenericEvent.html\" title=\"interface in net.dv8tion.jda.api.events\">GenericEvent</a></code>\n</dd>"
                ]
            },
            "seeAlso": null
        },
        "getMessage()": {
            "elementId": "getMessage()",
            "methodAnnotations": "@Nonnull",
            "methodName": "getMessage",
            "methodSignature": "@Nonnull public Message getMessage()",
            "methodParameters": null,
            "methodReturnType": "Message",
            "isStatic": false,
            "descriptionElements": [
                "<div class=\"block\">\n The <a href=\"../../entities/Message.html\" title=\"interface in net.dv8tion.jda.api.entities\"><code>Message</code></a> that was updated \n <br>\n Note: Messages in JDA are not updated, they are immutable and will not change their state.\n</div>"
            ],
            "deprecationElement": null,
            "details": {
                "RETURNS": [
                    "<dd>\n The updated Message\n</dd>"
                ]
            },
            "seeAlso": null
        },
        "getMessageId()": {
            "elementId": "getMessageId()",
            "methodAnnotations": "@Nonnull",
            "methodName": "getMessageId",
            "methodSignature": "@Nonnull public String getMessageId()",
            "methodParameters": null,
            "methodReturnType": "String",
            "isStatic": false,
            "descriptionElements": [
                "<div class=\"block\">\n The id for this message\n</div>"
            ],
            "deprecationElement": null,
            "details": {
                "RETURNS": [
                    "<dd>\n The id for this message\n</dd>"
                ]
            },
            "seeAlso": null
        },
        "<init>(net.dv8tion.jda.api.JDA,long,net.dv8tion.jda.api.entities.Message)": {
            "elementId": "<init>(net.dv8tion.jda.api.JDA,long,net.dv8tion.jda.api.entities.Message)",
            "methodAnnotations": null,
            "methodName": "MessageUpdateEvent",
            "methodSignature": "public MessageUpdateEvent(@Nonnull JDA api, long responseNumber, @Nonnull Message message)",
            "methodParameters": {
                "originalText": "(@Nonnull JDA api, long responseNumber, @Nonnull Message message)",
                "parameters": [
                    {
                        "annotations": [
                            "Nonnull"
                        ],
                        "type": "net.dv8tion.jda.api.JDA",
                        "simpleType": "JDA",
                        "name": "api"
                    },
                    {
                        "annotations": [],
                        "type": "long",
                        "simpleType": "long",
                        "name": "responseNumber"
                    },
                    {
                        "annotations": [
                            "Nonnull"
                        ],
                        "type": "net.dv8tion.jda.api.entities.Message",
                        "simpleType": "Message",
                        "name": "message"
                    }
                ]
            },
            "methodReturnType": "MessageUpdateEvent",
            "isStatic": false,
            "descriptionElements": [],
            "deprecationElement": null,
            "details": {},
            "seeAlso": null
        },
        "getGuild()": {
            "elementId": "getGuild()",
            "methodAnnotations": "@Nonnull",
            "methodName": "getGuild",
            "methodSignature": "@Nonnull public Guild getGuild()",
            "methodParameters": null,
            "methodReturnType": "Guild",
            "isStatic": false,
            "descriptionElements": [
                "<div class=\"block\">\n The <a href=\"../../entities/Guild.html\" title=\"interface in net.dv8tion.jda.api.entities\"><code>Guild</code></a> the Message was received in. \n <br>\n If this Message was not received in a <a href=\"../../entities/Guild.html\" title=\"interface in net.dv8tion.jda.api.entities\"><code>Guild</code></a>, this will throw an <a href=\"https://docs.oracle.com/javase/8/docs/api/java/lang/IllegalStateException.html\" title=\"class or interface in java.lang\" class=\"external-link\"><code>IllegalStateException</code></a>.\n</div>"
            ],
            "deprecationElement": null,
            "details": {
                "RETURNS": [
                    "<dd>\n The Guild the Message was received in\n</dd>"
                ],
                "SEE_ALSO": [
                    "<dd>\n <ul class=\"see-list\">\n  <li><a href=\"#isFromGuild()\"><code>isFromGuild()</code></a></li>\n  <li><a href=\"#isFromType(net.dv8tion.jda.api.entities.channel.ChannelType)\"><code>isFromType(ChannelType)</code></a></li>\n  <li><a href=\"#getChannelType()\"><code>getChannelType()</code></a></li>\n </ul>\n</dd>"
                ],
                "THROWS": [
                    "<dd>\n <code><a href=\"https://docs.oracle.com/javase/8/docs/api/java/lang/IllegalStateException.html\" title=\"class or interface in java.lang\" class=\"external-link\">IllegalStateException</a></code> - If this was not sent in a <a href=\"../../entities/channel/middleman/GuildChannel.html\" title=\"interface in net.dv8tion.jda.api.entities.channel.middleman\"><code>GuildChannel</code></a>.\n</dd>"
                ]
            },
            "seeAlso": {
                "references": [
                    {
                        "text": "isFromGuild()",
                        "link": "https://docs.jda.wiki/net/dv8tion/jda/api/events/message/GenericMessageEvent.html#isFromGuild()",
                        "targetType": "METHOD",
                        "fullSignature": "GenericMessageEvent#isFromGuild()"
                    },
                    {
                        "text": "isFromType(ChannelType)",
                        "link": "https://docs.jda.wiki/net/dv8tion/jda/api/events/message/GenericMessageEvent.html#isFromType(net.dv8tion.jda.api.entities.channel.ChannelType)",
                        "targetType": "METHOD",
                        "fullSignature": "GenericMessageEvent#isFromType(ChannelType)"
                    },
                    {
                        "text": "getChannelType()",
                        "link": "https://docs.jda.wiki/net/dv8tion/jda/api/events/message/GenericMessageEvent.html#getChannelType()",
                        "targetType": "METHOD",
                        "fullSignature": "GenericMessageEvent#getChannelType()"
                    }
                ]
            }
        },
        "isFromGuild()": {
            "elementId": "isFromGuild()",
            "methodAnnotations": null,
            "methodName": "isFromGuild",
            "methodSignature": "public boolean isFromGuild()",
            "methodParameters": null,
            "methodReturnType": "boolean",
            "isStatic": false,
            "descriptionElements": [
                "<div class=\"block\">\n Whether this message was sent in a <a href=\"../../entities/Guild.html\" title=\"interface in net.dv8tion.jda.api.entities\"><code>Guild</code></a>. \n <br>\n If this is <code>false</code> then <a href=\"#getGuild()\"><code>getGuild()</code></a> will throw an <a href=\"https://docs.oracle.com/javase/8/docs/api/java/lang/IllegalStateException.html\" title=\"class or interface in java.lang\" class=\"external-link\"><code>IllegalStateException</code></a>.\n</div>"
            ],
            "deprecationElement": null,
            "details": {
                "RETURNS": [
                    "<dd>\n True, if <a href=\"#getChannelType()\"><code>getChannelType()</code></a>.<a href=\"../../entities/channel/ChannelType.html#isGuild()\"><code>isGuild()</code></a> is true.\n</dd>"
                ]
            },
            "seeAlso": null
        },
        "getMember()": {
            "elementId": "getMember()",
            "methodAnnotations": "@Nullable",
            "methodName": "getMember",
            "methodSignature": "@Nullable public Member getMember()",
            "methodParameters": null,
            "methodReturnType": "Member",
            "isStatic": false,
            "descriptionElements": [
                "<div class=\"block\">\n Member instance for the author of this message or <code>null</code> if this was not in a Guild.\n</div>"
            ],
            "deprecationElement": null,
            "details": {
                "RETURNS": [
                    "<dd>\n The Member instance for the author or null\n</dd>"
                ]
            },
            "seeAlso": null
        },
        "isFromThread()": {
            "elementId": "isFromThread()",
            "methodAnnotations": null,
            "methodName": "isFromThread",
            "methodSignature": "public boolean isFromThread()",
            "methodParameters": null,
            "methodReturnType": "boolean",
            "isStatic": false,
            "descriptionElements": [
                "<div class=\"block\">\n If the message event was from a <a href=\"../../entities/channel/concrete/ThreadChannel.html\" title=\"interface in net.dv8tion.jda.api.entities.channel.concrete\"><code>ThreadChannel</code></a>\n</div>"
            ],
            "deprecationElement": null,
            "details": {
                "RETURNS": [
                    "<dd>\n If the message event was from a ThreadChannel\n</dd>"
                ],
                "SEE_ALSO": [
                    "<dd>\n <ul class=\"see-list\">\n  <li><a href=\"../../entities/channel/ChannelType.html#isThread()\"><code>ChannelType.isThread()</code></a></li>\n </ul>\n</dd>"
                ]
            },
            "seeAlso": {
                "references": [
                    {
                        "text": "ChannelType#isThread()",
                        "link": "https://docs.jda.wiki/net/dv8tion/jda/api/entities/channel/ChannelType.html#isThread()",
                        "targetType": "METHOD",
                        "fullSignature": "ChannelType#isThread()"
                    }
                ]
            }
        },
        "getGuildChannel()": {
            "elementId": "getGuildChannel()",
            "methodAnnotations": "@Nonnull",
            "methodName": "getGuildChannel",
            "methodSignature": "@Nonnull public GuildMessageChannelUnion getGuildChannel()",
            "methodParameters": null,
            "methodReturnType": "GuildMessageChannelUnion",
            "isStatic": false,
            "descriptionElements": [
                "<div class=\"block\">\n The <a href=\"../../entities/channel/middleman/GuildMessageChannel.html\" title=\"interface in net.dv8tion.jda.api.entities.channel.middleman\"><code>GuildMessageChannel</code></a> for this Message if it was sent in a Guild. \n <br>\n If this Message was not received from a <a href=\"../../entities/Guild.html\" title=\"interface in net.dv8tion.jda.api.entities\"><code>Guild</code></a>, this will throw an <a href=\"https://docs.oracle.com/javase/8/docs/api/java/lang/IllegalStateException.html\" title=\"class or interface in java.lang\" class=\"external-link\"><code>IllegalStateException</code></a>.\n</div>"
            ],
            "deprecationElement": null,
            "details": {
                "RETURNS": [
                    "<dd>\n The GuildMessageChannel\n</dd>"
                ],
                "THROWS": [
                    "<dd>\n <code><a href=\"https://docs.oracle.com/javase/8/docs/api/java/lang/IllegalStateException.html\" title=\"class or interface in java.lang\" class=\"external-link\">IllegalStateException</a></code> - If this was not sent in a channel in a Guild.\n</dd>"
                ]
            },
            "seeAlso": null
        },
        "getMessageIdLong()": {
            "elementId": "getMessageIdLong()",
            "methodAnnotations": null,
            "methodName": "getMessageIdLong",
            "methodSignature": "public long getMessageIdLong()",
            "methodParameters": null,
            "methodReturnType": "long",
            "isStatic": false,
            "descriptionElements": [
                "<div class=\"block\">\n The id for this message\n</div>"
            ],
            "deprecationElement": null,
            "details": {
                "RETURNS": [
                    "<dd>\n The id for this message\n</dd>"
                ]
            },
            "seeAlso": null
        },
        "getJumpUrl()": {
            "elementId": "getJumpUrl()",
            "methodAnnotations": "@Nonnull",
            "methodName": "getJumpUrl",
            "methodSignature": "@Nonnull public String getJumpUrl()",
            "methodParameters": null,
            "methodReturnType": "String",
            "isStatic": false,
            "descriptionElements": [
                "<div class=\"block\">\n Returns the jump-to URL for the received message. \n <br>\n Clicking this URL in the Discord client will cause the client to jump to the specified message.\n</div>"
            ],
            "deprecationElement": null,
            "details": {
                "RETURNS": [
                    "<dd>\n A String representing the jump-to URL for the message\n</dd>"
                ]
            },
            "seeAlso": null
        }
    },
    "fields": {}
}