{
    "classNameFqcn": "net.dv8tion.jda.api.events.message.MessageBulkDeleteEvent",
    "descriptionElements": [
        "<div class=\"block\">\n Indicates that a bulk deletion is executed in a <a href=\"../../entities/channel/middleman/GuildMessageChannel.html\" title=\"interface in net.dv8tion.jda.api.entities.channel.middleman\"><code>GuildMessageChannel</code></a>. \n <br>\n Set <a href=\"../../JDABuilder.html#setBulkDeleteSplittingEnabled(boolean)\"><code>JDABuilder.setBulkDeleteSplittingEnabled(boolean)</code></a> to false in order to enable this event. \n <p>Can be used to detect that a large chunk of Messages is deleted in a GuildMessageChannel. Providing a list of Message IDs and the specific GuildMessageChannel.</p>\n <p><b>Requirements</b><br></p>\n <p>This event requires at least one of the following intents (Will not fire at all if neither is enabled):</p>\n <ul>\n  <li><a href=\"../../requests/GatewayIntent.html#GUILD_MESSAGES\"><code>GUILD_MESSAGES</code></a> to work in guild message channels</li>\n  <li><a href=\"../../requests/GatewayIntent.html#DIRECT_MESSAGES\"><code>DIRECT_MESSAGES</code></a> to work in private channels</li>\n </ul>\n</div>"
    ],
    "deprecationElement": null,
    "details": {
        "ALL_IMPLEMENTED_INTERFACES": [
            "<dd>\n <code><a href=\"../GenericEvent.html\" title=\"interface in net.dv8tion.jda.api.events\">GenericEvent</a></code>\n</dd>"
        ]
    },
    "seeAlso": null,
    "methods": {
        "getJDA()": {
            "elementId": "getJDA()",
            "methodAnnotations": "@Nonnull",
            "methodName": "getJDA",
            "methodSignature": "@Nonnull public JDA getJDA()",
            "methodParameters": null,
            "methodReturnType": "JDA",
            "isStatic": false,
            "descriptionElements": [
                "<div class=\"block\">\n <span class=\"descfrm-type-label\">Description copied from interface:&nbsp;<code><a href=\"GenericEvent.html#getJDA()\">GenericEvent</a></code></span>\n</div>",
                "<div class=\"block\">\n The current JDA instance corresponding to this Event\n</div>"
            ],
            "deprecationElement": null,
            "details": {
                "RETURNS": [
                    "<dd>\n The corresponding JDA instance\n</dd>"
                ],
                "SPECIFIED_BY": [
                    "<dd>\n <code><a href=\"GenericEvent.html#getJDA()\">getJDA</a></code>&nbsp;in interface&nbsp;<code><a href=\"GenericEvent.html\" title=\"interface in net.dv8tion.jda.api.events\">GenericEvent</a></code>\n</dd>"
                ]
            },
            "seeAlso": null
        },
        "getChannel()": {
            "elementId": "getChannel()",
            "methodAnnotations": "@Nonnull",
            "methodName": "getChannel",
            "methodSignature": "@Nonnull public GuildMessageChannelUnion getChannel()",
            "methodParameters": null,
            "methodReturnType": "GuildMessageChannelUnion",
            "isStatic": false,
            "descriptionElements": [
                "<div class=\"block\">\n The <a href=\"../../entities/channel/middleman/GuildMessageChannel.html\" title=\"interface in net.dv8tion.jda.api.entities.channel.middleman\"><code>GuildMessageChannel</code></a> where the messages have been deleted\n</div>"
            ],
            "deprecationElement": null,
            "details": {
                "RETURNS": [
                    "<dd>\n The TextChannel\n</dd>"
                ]
            },
            "seeAlso": null
        },
        "getResponseNumber()": {
            "elementId": "getResponseNumber()",
            "methodAnnotations": null,
            "methodName": "getResponseNumber",
            "methodSignature": "public long getResponseNumber()",
            "methodParameters": null,
            "methodReturnType": "long",
            "isStatic": false,
            "descriptionElements": [
                "<div class=\"block\">\n <span class=\"descfrm-type-label\">Description copied from interface:&nbsp;<code><a href=\"GenericEvent.html#getResponseNumber()\">GenericEvent</a></code></span>\n</div>",
                "<div class=\"block\">\n The current sequence for this event. \n <br>\n This can be used to keep events in order when making sequencing system.\n</div>"
            ],
            "deprecationElement": null,
            "details": {
                "RETURNS": [
                    "<dd>\n The current sequence number for this event\n</dd>"
                ],
                "SPECIFIED_BY": [
                    "<dd>\n <code><a href=\"GenericEvent.html#getResponseNumber()\">getResponseNumber</a></code>&nbsp;in interface&nbsp;<code><a href=\"GenericEvent.html\" title=\"interface in net.dv8tion.jda.api.events\">GenericEvent</a></code>\n</dd>"
                ]
            },
            "seeAlso": null
        },
        "getMessageIds()": {
            "elementId": "getMessageIds()",
            "methodAnnotations": "@Nonnull",
            "methodName": "getMessageIds",
            "methodSignature": "@Nonnull public List<String> getMessageIds()",
            "methodParameters": null,
            "methodReturnType": "List<String>",
            "isStatic": false,
            "descriptionElements": [
                "<div class=\"block\">\n List of messages that have been deleted.\n</div>"
            ],
            "deprecationElement": null,
            "details": {
                "RETURNS": [
                    "<dd>\n The list of message ids\n</dd>"
                ]
            },
            "seeAlso": null
        },
        "toString()": {
            "elementId": "toString()",
            "methodAnnotations": null,
            "methodName": "toString",
            "methodSignature": "public String toString()",
            "methodParameters": null,
            "methodReturnType": "String",
            "isStatic": false,
            "descriptionElements": [],
            "deprecationElement": null,
            "details": {
                "OVERRIDES": [
                    "<dd>\n <code><a href=\"https://docs.oracle.com/javase/8/docs/api/java/lang/Object.html#toString--\" title=\"class or interface in java.lang\" class=\"external-link\">toString</a></code>&nbsp;in class&nbsp;<code><a href=\"https://docs.oracle.com/javase/8/docs/api/java/lang/Object.html\" title=\"class or interface in java.lang\" class=\"external-link\">Object</a></code>\n</dd>"
                ]
            },
            "seeAlso": null
        },
        "<init>(net.dv8tion.jda.api.JDA,long,net.dv8tion.jda.api.entities.channel.middleman.GuildMessageChannel,java.util.List)": {
            "elementId": "<init>(net.dv8tion.jda.api.JDA,long,net.dv8tion.jda.api.entities.channel.middleman.GuildMessageChannel,java.util.List)",
            "methodAnnotations": null,
            "methodName": "MessageBulkDeleteEvent",
            "methodSignature": "public MessageBulkDeleteEvent(@Nonnull JDA api, long responseNumber, @Nonnull GuildMessageChannel channel, @Nonnull List<String> messageIds)",
            "methodParameters": {
                "originalText": "(@Nonnull JDA api, long responseNumber, @Nonnull GuildMessageChannel channel, @Nonnull List<String> messageIds)",
                "parameters": [
                    {
                        "annotations": [
                            "Nonnull"
                        ],
                        "type": "net.dv8tion.jda.api.JDA",
                        "simpleType": "JDA",
                        "name": "api"
                    },
                    {
                        "annotations": [],
                        "type": "long",
                        "simpleType": "long",
                        "name": "responseNumber"
                    },
                    {
                        "annotations": [
                            "Nonnull"
                        ],
                        "type": "net.dv8tion.jda.api.entities.channel.middleman.GuildMessageChannel",
                        "simpleType": "GuildMessageChannel",
                        "name": "channel"
                    },
                    {
                        "annotations": [
                            "Nonnull"
                        ],
                        "type": "java.util.List",
                        "simpleType": "List",
                        "name": "messageIds"
                    }
                ]
            },
            "methodReturnType": "MessageBulkDeleteEvent",
            "isStatic": false,
            "descriptionElements": [],
            "deprecationElement": null,
            "details": {},
            "seeAlso": null
        },
        "getRawData()": {
            "elementId": "getRawData()",
            "methodAnnotations": "@Nullable",
            "methodName": "getRawData",
            "methodSignature": "@Nullable public DataObject getRawData()",
            "methodParameters": null,
            "methodReturnType": "DataObject",
            "isStatic": false,
            "descriptionElements": [
                "<div class=\"block\">\n <span class=\"descfrm-type-label\">Description copied from interface:&nbsp;<code><a href=\"GenericEvent.html#getRawData()\">GenericEvent</a></code></span>\n</div>",
                "<div class=\"block\">\n The passthrough data that this event was serialized from. This data might be null in rare situations, for example, if the event came from a rest action. \n <br>\n This provides the full gateway message payload, including sequence, event name and dispatch type. For details, read the official <a href=\"https://discord.dev/topics/gateway\" target=\"_blank\">Discord Documentation</a>.\n</div>"
            ],
            "deprecationElement": null,
            "details": {
                "RETURNS": [
                    "<dd>\n The corresponding <a href=\"../utils/data/DataObject.html\" title=\"class in net.dv8tion.jda.api.utils.data\"><code>DataObject</code></a>\n</dd>"
                ],
                "SPECIFIED_BY": [
                    "<dd>\n <code><a href=\"GenericEvent.html#getRawData()\">getRawData</a></code>&nbsp;in interface&nbsp;<code><a href=\"GenericEvent.html\" title=\"interface in net.dv8tion.jda.api.events\">GenericEvent</a></code>\n</dd>"
                ]
            },
            "seeAlso": null
        },
        "getGuild()": {
            "elementId": "getGuild()",
            "methodAnnotations": "@Nonnull",
            "methodName": "getGuild",
            "methodSignature": "@Nonnull public Guild getGuild()",
            "methodParameters": null,
            "methodReturnType": "Guild",
            "isStatic": false,
            "descriptionElements": [
                "<div class=\"block\">\n The <a href=\"../../entities/Guild.html\" title=\"interface in net.dv8tion.jda.api.entities\"><code>Guild</code></a> where the messages were deleted.\n</div>"
            ],
            "deprecationElement": null,
            "details": {
                "RETURNS": [
                    "<dd>\n The Guild\n</dd>"
                ]
            },
            "seeAlso": null
        }
    },
    "fields": {}
}