{
    "classNameFqcn": "net.dv8tion.jda.api.EmbedBuilder",
    "descriptionElements": [
        "<div class=\"block\">\n Builder system used to build <a href=\"entities/MessageEmbed.html\" title=\"class in net.dv8tion.jda.api.entities\"><code>MessageEmbeds</code></a>. \n <br>\n A visual breakdown of an Embed and how it relates to this class is available at <a href=\"https://raw.githubusercontent.com/discord-jda/JDA/assets/assets/docs/embeds/01-Overview.png\" target=\"_blank\">Embed Overview</a>.\n</div>"
    ],
    "deprecationElement": null,
    "details": {
        "SINCE": [
            "<dd>\n 3.0\n</dd>"
        ],
        "AUTHOR": [
            "<dd>\n John A. Grosh\n</dd>"
        ]
    },
    "seeAlso": null,
    "methods": {
        "<init>(net.dv8tion.jda.api.entities.MessageEmbed)": {
            "elementId": "<init>(net.dv8tion.jda.api.entities.MessageEmbed)",
            "methodAnnotations": null,
            "methodName": "EmbedBuilder",
            "methodSignature": "public EmbedBuilder(@Nullable MessageEmbed embed)",
            "methodParameters": {
                "originalText": "(@Nullable MessageEmbed embed)",
                "parameters": [
                    {
                        "annotations": [
                            "Nullable"
                        ],
                        "type": "MessageEmbed",
                        "simpleType": "MessageEmbed",
                        "name": "embed"
                    }
                ]
            },
            "methodReturnType": "EmbedBuilder",
            "isStatic": false,
            "descriptionElements": [
                "<div class=\"block\">\n Creates an EmbedBuilder using fields in an existing embed.\n</div>"
            ],
            "deprecationElement": null,
            "details": {
                "PARAMETERS": [
                    "<dd>\n <code>embed</code> - the existing embed\n</dd>"
                ]
            },
            "seeAlso": null
        },
        "addBlankField(boolean)": {
            "elementId": "addBlankField(boolean)",
            "methodAnnotations": "@Nonnull",
            "methodName": "addBlankField",
            "methodSignature": "@Nonnull public EmbedBuilder addBlankField(boolean inline)",
            "methodParameters": {
                "originalText": "(boolean inline)",
                "parameters": [
                    {
                        "annotations": [],
                        "type": "boolean",
                        "simpleType": "boolean",
                        "name": "inline"
                    }
                ]
            },
            "methodReturnType": "EmbedBuilder",
            "isStatic": false,
            "descriptionElements": [
                "<div class=\"block\">\n Adds a blank (empty) Field to the embed. \n <p><b><a href=\"https://raw.githubusercontent.com/discord-jda/JDA/assets/assets/docs/embeds/07-addField.png\">Example of Inline</a></b></p>\n <p><b><a href=\"https://raw.githubusercontent.com/discord-jda/JDA/assets/assets/docs/embeds/08-addField.png\">Example of Non-inline</a></b></p>\n</div>"
            ],
            "deprecationElement": null,
            "details": {
                "PARAMETERS": [
                    "<dd>\n <code>inline</code> - whether or not this field should display inline\n</dd>"
                ],
                "RETURNS": [
                    "<dd>\n the builder after the field has been added\n</dd>"
                ]
            },
            "seeAlso": null
        },
        "setImage(java.lang.String)": {
            "elementId": "setImage(java.lang.String)",
            "methodAnnotations": "@Nonnull",
            "methodName": "setImage",
            "methodSignature": "@Nonnull public EmbedBuilder setImage(@Nullable String url)",
            "methodParameters": {
                "originalText": "(@Nullable String url)",
                "parameters": [
                    {
                        "annotations": [
                            "Nullable"
                        ],
                        "type": "String",
                        "simpleType": "String",
                        "name": "url"
                    }
                ]
            },
            "methodReturnType": "EmbedBuilder",
            "isStatic": false,
            "descriptionElements": [
                "<div class=\"block\">\n Sets the Image of the embed. \n <p><b><a href=\"https://raw.githubusercontent.com/discord-jda/JDA/assets/assets/docs/embeds/11-setImage.png\">Example</a></b></p>\n <p><b>Uploading images with Embeds</b> <br>\n  When uploading an <u>image</u> (using <a href=\"entities/channel/middleman/MessageChannel.html#sendFiles(net.dv8tion.jda.api.utils.FileUpload...)\"><code>MessageChannel.sendFiles(...)</code></a>) you can reference said image using the specified filename as URI <code>attachment://filename.ext</code>.</p>\n <p><u>Example</u></p>\n <pre><code>\n MessageChannel channel; // = reference of a MessageChannel\n EmbedBuilder embed = new EmbedBuilder();\n InputStream file = new URL(\"https://http.cat/500\").openStream();\n embed.setImage(\"attachment://cat.png\") // we specify this in sendFile as \"cat.png\"\n      .setDescription(\"This is a cute cat :3\");\n channel.sendFiles(FileUpload.fromData(file, \"cat.png\")).setEmbeds(embed.build()).queue();\n </code></pre>\n</div>"
            ],
            "deprecationElement": null,
            "details": {
                "PARAMETERS": [
                    "<dd>\n <code>url</code> - the url of the image of the embed\n</dd>"
                ],
                "RETURNS": [
                    "<dd>\n the builder after the image has been set\n</dd>"
                ],
                "SEE_ALSO": [
                    "<dd>\n <ul class=\"see-list\">\n  <li><a href=\"entities/channel/middleman/MessageChannel.html#sendFiles(net.dv8tion.jda.api.utils.FileUpload...)\"><code>MessageChannel.sendFiles(...)</code></a></li>\n </ul>\n</dd>"
                ],
                "THROWS": [
                    "<dd>\n <code><a href=\"https://docs.oracle.com/javase/8/docs/api/java/lang/IllegalArgumentException.html\" title=\"class or interface in java.lang\" class=\"external-link\">IllegalArgumentException</a></code> - \n <ul>\n  <li>If the character limit for <code>url</code>, defined by <a href=\"entities/MessageEmbed.html#URL_MAX_LENGTH\"><code>MessageEmbed.URL_MAX_LENGTH</code></a> as <a href=\"entities/MessageEmbed.html#URL_MAX_LENGTH\">2000</a>, is exceeded.</li>\n  <li>If the provided <code>url</code> is not a properly formatted http or https url.</li>\n </ul>\n</dd>"
                ]
            },
            "seeAlso": {
                "references": [
                    {
                        "text": "MessageChannel#sendFiles(...)",
                        "link": "https://docs.jda.wiki/net/dv8tion/jda/api/entities/channel/middleman/MessageChannel.html#sendFiles(net.dv8tion.jda.api.utils.FileUpload...)",
                        "targetType": "METHOD",
                        "fullSignature": "MessageChannel#sendFiles(FileUpload...)"
                    }
                ]
            }
        },
        "setUrl(java.lang.String)": {
            "elementId": "setUrl(java.lang.String)",
            "methodAnnotations": "@Nonnull",
            "methodName": "setUrl",
            "methodSignature": "@Nonnull public EmbedBuilder setUrl(@Nullable String url)",
            "methodParameters": {
                "originalText": "(@Nullable String url)",
                "parameters": [
                    {
                        "annotations": [
                            "Nullable"
                        ],
                        "type": "String",
                        "simpleType": "String",
                        "name": "url"
                    }
                ]
            },
            "methodReturnType": "EmbedBuilder",
            "isStatic": false,
            "descriptionElements": [
                "<div class=\"block\">\n Sets the URL of the embed. \n <br>\n The Discord client mostly only uses this property in combination with the <a href=\"#setTitle(java.lang.String)\"><code>title</code></a> for a clickable Hyperlink. \n <p>If multiple embeds in a message use the same URL, the Discord client will merge them into a single embed and aggregate images into a gallery view.</p>\n</div>"
            ],
            "deprecationElement": null,
            "details": {
                "RETURNS": [
                    "<dd>\n the builder after the URL has been set\n</dd>"
                ],
                "SEE_ALSO": [
                    "<dd>\n <ul class=\"see-list-long\">\n  <li><a href=\"#setTitle(java.lang.String,java.lang.String)\"><code>setTitle(String, String)</code></a></li>\n </ul>\n</dd>"
                ],
                "THROWS": [
                    "<dd>\n <code><a href=\"https://docs.oracle.com/javase/8/docs/api/java/lang/IllegalArgumentException.html\" title=\"class or interface in java.lang\" class=\"external-link\">IllegalArgumentException</a></code> - \n <ul>\n  <li>If the character limit for <code>url</code>, defined by <a href=\"entities/MessageEmbed.html#URL_MAX_LENGTH\"><code>MessageEmbed.URL_MAX_LENGTH</code></a> as <a href=\"entities/MessageEmbed.html#URL_MAX_LENGTH\">2000</a>, is exceeded.</li>\n  <li>If the provided <code>url</code> is not a properly formatted http or https url.</li>\n </ul>\n</dd>"
                ]
            },
            "seeAlso": {
                "references": [
                    {
                        "text": "setTitle(String, String)",
                        "link": "https://docs.jda.wiki/net/dv8tion/jda/api/EmbedBuilder.html#setTitle(java.lang.String,java.lang.String)",
                        "targetType": "METHOD",
                        "fullSignature": "EmbedBuilder#setTitle(String, String)"
                    }
                ]
            }
        },
        "addField(java.lang.String,java.lang.String,boolean)": {
            "elementId": "addField(java.lang.String,java.lang.String,boolean)",
            "methodAnnotations": "@Nonnull",
            "methodName": "addField",
            "methodSignature": "@Nonnull public EmbedBuilder addField(@Nonnull String name, @Nonnull String value, boolean inline)",
            "methodParameters": {
                "originalText": "(@Nonnull String name, @Nonnull String value, boolean inline)",
                "parameters": [
                    {
                        "annotations": [
                            "Nonnull"
                        ],
                        "type": "String",
                        "simpleType": "String",
                        "name": "name"
                    },
                    {
                        "annotations": [
                            "Nonnull"
                        ],
                        "type": "String",
                        "simpleType": "String",
                        "name": "value"
                    },
                    {
                        "annotations": [],
                        "type": "boolean",
                        "simpleType": "boolean",
                        "name": "inline"
                    }
                ]
            },
            "methodReturnType": "EmbedBuilder",
            "isStatic": false,
            "descriptionElements": [
                "<div class=\"block\">\n Adds a Field to the embed. \n <p>Note: If a blank string is provided to either <code>name</code> or <code>value</code>, the blank string is replaced with <a href=\"#ZERO_WIDTH_SPACE\"><code>ZERO_WIDTH_SPACE</code></a>.</p>\n <p><b><a href=\"https://raw.githubusercontent.com/discord-jda/JDA/assets/assets/docs/embeds/07-addField.png\">Example of Inline</a></b></p>\n <p><b><a href=\"https://raw.githubusercontent.com/discord-jda/JDA/assets/assets/docs/embeds/08-addField.png\">Example of Non-inline</a></b></p>\n</div>"
            ],
            "deprecationElement": null,
            "details": {
                "PARAMETERS": [
                    "<dd>\n <code>name</code> - the name of the Field, displayed in bold above the <code>value</code>.\n</dd>",
                    "<dd>\n <code>value</code> - the contents of the field.\n</dd>",
                    "<dd>\n <code>inline</code> - whether or not this field should display inline.\n</dd>"
                ],
                "RETURNS": [
                    "<dd>\n the builder after the field has been added\n</dd>"
                ],
                "THROWS": [
                    "<dd>\n <code><a href=\"https://docs.oracle.com/javase/8/docs/api/java/lang/IllegalArgumentException.html\" title=\"class or interface in java.lang\" class=\"external-link\">IllegalArgumentException</a></code> - \n <ul>\n  <li>If <code>null</code> is provided</li>\n  <li>If the character limit for <code>name</code>, defined by <a href=\"entities/MessageEmbed.html#TITLE_MAX_LENGTH\"><code>MessageEmbed.TITLE_MAX_LENGTH</code></a> as <a href=\"entities/MessageEmbed.html#TITLE_MAX_LENGTH\">256</a>, is exceeded.</li>\n  <li>If the character limit for <code>value</code>, defined by <a href=\"entities/MessageEmbed.html#VALUE_MAX_LENGTH\"><code>MessageEmbed.VALUE_MAX_LENGTH</code></a> as <a href=\"entities/MessageEmbed.html#VALUE_MAX_LENGTH\">1024</a>, is exceeded.</li>\n </ul>\n</dd>"
                ]
            },
            "seeAlso": null
        },
        "clearFields()": {
            "elementId": "clearFields()",
            "methodAnnotations": "@Nonnull",
            "methodName": "clearFields",
            "methodSignature": "@Nonnull public EmbedBuilder clearFields()",
            "methodParameters": null,
            "methodReturnType": "EmbedBuilder",
            "isStatic": false,
            "descriptionElements": [
                "<div class=\"block\">\n Clears all fields from the embed, such as those created with the <a href=\"#%3Cinit%3E(net.dv8tion.jda.api.entities.MessageEmbed)\"><code>EmbedBuilder(MessageEmbed)</code></a> constructor or via the <a href=\"#addField(net.dv8tion.jda.api.entities.MessageEmbed.Field)\"><code>addField</code></a> methods.\n</div>"
            ],
            "deprecationElement": null,
            "details": {
                "RETURNS": [
                    "<dd>\n the builder after the field has been added\n</dd>"
                ]
            },
            "seeAlso": null
        },
        "setFooter(java.lang.String)": {
            "elementId": "setFooter(java.lang.String)",
            "methodAnnotations": "@Nonnull",
            "methodName": "setFooter",
            "methodSignature": "@Nonnull public EmbedBuilder setFooter(@Nullable String text)",
            "methodParameters": {
                "originalText": "(@Nullable String text)",
                "parameters": [
                    {
                        "annotations": [
                            "Nullable"
                        ],
                        "type": "String",
                        "simpleType": "String",
                        "name": "text"
                    }
                ]
            },
            "methodReturnType": "EmbedBuilder",
            "isStatic": false,
            "descriptionElements": [
                "<div class=\"block\">\n Sets the Footer of the embed without icon. \n <p><b><a href=\"https://raw.githubusercontent.com/discord-jda/JDA/assets/assets/docs/embeds/12-setFooter.png\">Example</a></b></p>\n</div>"
            ],
            "deprecationElement": null,
            "details": {
                "PARAMETERS": [
                    "<dd>\n <code>text</code> - the text of the footer of the embed. If this is not set or set to null, the footer will not appear in the embed.\n</dd>"
                ],
                "RETURNS": [
                    "<dd>\n the builder after the footer has been set\n</dd>"
                ],
                "THROWS": [
                    "<dd>\n <code><a href=\"https://docs.oracle.com/javase/8/docs/api/java/lang/IllegalArgumentException.html\" title=\"class or interface in java.lang\" class=\"external-link\">IllegalArgumentException</a></code> - If <code>text</code> is longer than <a href=\"entities/MessageEmbed.html#TEXT_MAX_LENGTH\">2048</a> characters, as defined by <a href=\"entities/MessageEmbed.html#TEXT_MAX_LENGTH\"><code>MessageEmbed.TEXT_MAX_LENGTH</code></a>\n</dd>"
                ]
            },
            "seeAlso": null
        },
        "getFields()": {
            "elementId": "getFields()",
            "methodAnnotations": "@Nonnull",
            "methodName": "getFields",
            "methodSignature": "@Nonnull public List<MessageEmbed.Field> getFields()",
            "methodParameters": null,
            "methodReturnType": "List<MessageEmbed.Field>",
            "isStatic": false,
            "descriptionElements": [
                "<div class=\"block\">\n <b>Modifiable</b> list of <a href=\"entities/MessageEmbed.html\" title=\"class in net.dv8tion.jda.api.entities\"><code>MessageEmbed</code></a> Fields that the builder will use for <a href=\"#build()\"><code>build()</code></a>. \n <br>\n You can add/remove Fields and restructure this <a href=\"https://docs.oracle.com/javase/8/docs/api/java/util/List.html\" title=\"class or interface in java.util\" class=\"external-link\"><code>List</code></a> and it will then be applied in the built MessageEmbed. These fields will be available again through <a href=\"entities/MessageEmbed.html#getFields()\"><code>MessageEmbed.getFields()</code></a>.\n</div>"
            ],
            "deprecationElement": null,
            "details": {
                "RETURNS": [
                    "<dd>\n Mutable List of <a href=\"entities/MessageEmbed.Field.html\" title=\"class in net.dv8tion.jda.api.entities\"><code>Fields</code></a>\n</dd>"
                ]
            },
            "seeAlso": null
        },
        "setAuthor(java.lang.String,java.lang.String,java.lang.String)": {
            "elementId": "setAuthor(java.lang.String,java.lang.String,java.lang.String)",
            "methodAnnotations": "@Nonnull",
            "methodName": "setAuthor",
            "methodSignature": "@Nonnull public EmbedBuilder setAuthor(@Nullable String name, @Nullable String url, @Nullable String iconUrl)",
            "methodParameters": {
                "originalText": "(@Nullable String name, @Nullable String url, @Nullable String iconUrl)",
                "parameters": [
                    {
                        "annotations": [
                            "Nullable"
                        ],
                        "type": "String",
                        "simpleType": "String",
                        "name": "name"
                    },
                    {
                        "annotations": [
                            "Nullable"
                        ],
                        "type": "String",
                        "simpleType": "String",
                        "name": "url"
                    },
                    {
                        "annotations": [
                            "Nullable"
                        ],
                        "type": "String",
                        "simpleType": "String",
                        "name": "iconUrl"
                    }
                ]
            },
            "methodReturnType": "EmbedBuilder",
            "isStatic": false,
            "descriptionElements": [
                "<div class=\"block\">\n Sets the Author of the embed. The author appears in the top left of the embed and can have a small image beside it along with the author's name being made clickable by way of providing a url. \n <p><b><a href=\"https://raw.githubusercontent.com/discord-jda/JDA/assets/assets/docs/embeds/03-setAuthor.png\">Example</a></b></p>\n <p><b>Uploading images with Embeds</b> <br>\n  When uploading an <u>image</u> (using <a href=\"entities/channel/middleman/MessageChannel.html#sendFiles(net.dv8tion.jda.api.utils.FileUpload...)\"><code>MessageChannel.sendFiles(...)</code></a>) you can reference said image using the specified filename as URI <code>attachment://filename.ext</code>.</p>\n <p><u>Example</u></p>\n <pre><code>\n MessageChannel channel; // = reference of a MessageChannel\n EmbedBuilder embed = new EmbedBuilder();\n InputStream file = new URL(\"https://http.cat/500\").openStream();\n embed.setAuthor(\"Minn\", null, \"attachment://cat.png\") // we specify this in sendFile as \"cat.png\"\n      .setDescription(\"This is a cute cat :3\");\n channel.sendFiles(FileUpload.fromData(file, \"cat.png\")).setEmbeds(embed.build()).queue();\n </code></pre>\n</div>"
            ],
            "deprecationElement": null,
            "details": {
                "PARAMETERS": [
                    "<dd>\n <code>name</code> - the name of the author of the embed. If this is not set, the author will not appear in the embed\n</dd>",
                    "<dd>\n <code>url</code> - the url of the author of the embed\n</dd>",
                    "<dd>\n <code>iconUrl</code> - the url of the icon for the author\n</dd>"
                ],
                "RETURNS": [
                    "<dd>\n the builder after the author has been set\n</dd>"
                ],
                "THROWS": [
                    "<dd>\n <code><a href=\"https://docs.oracle.com/javase/8/docs/api/java/lang/IllegalArgumentException.html\" title=\"class or interface in java.lang\" class=\"external-link\">IllegalArgumentException</a></code> - \n <ul>\n  <li>If the character limit for <code>name</code>, defined by <a href=\"entities/MessageEmbed.html#AUTHOR_MAX_LENGTH\"><code>MessageEmbed.AUTHOR_MAX_LENGTH</code></a> as <a href=\"entities/MessageEmbed.html#AUTHOR_MAX_LENGTH\">256</a>, is exceeded.</li>\n  <li>If the character limit for <code>url</code>, defined by <a href=\"entities/MessageEmbed.html#URL_MAX_LENGTH\"><code>MessageEmbed.URL_MAX_LENGTH</code></a> as <a href=\"entities/MessageEmbed.html#URL_MAX_LENGTH\">2000</a>, is exceeded.</li>\n  <li>If the provided <code>url</code> is not a properly formatted http or https url.</li>\n  <li>If the character limit for <code>iconUrl</code>, defined by <a href=\"entities/MessageEmbed.html#URL_MAX_LENGTH\"><code>MessageEmbed.URL_MAX_LENGTH</code></a> as <a href=\"entities/MessageEmbed.html#URL_MAX_LENGTH\">2000</a>, is exceeded.</li>\n  <li>If the provided <code>iconUrl</code> is not a properly formatted http or https url.</li>\n </ul>\n</dd>"
                ]
            },
            "seeAlso": null
        },
        "length()": {
            "elementId": "length()",
            "methodAnnotations": null,
            "methodName": "length",
            "methodSignature": "public int length()",
            "methodParameters": null,
            "methodReturnType": "int",
            "isStatic": false,
            "descriptionElements": [
                "<div class=\"block\">\n The overall length of the current EmbedBuilder in displayed characters. \n <br>\n Represents the <a href=\"entities/MessageEmbed.html#getLength()\"><code>MessageEmbed.getLength()</code></a> value.\n</div>"
            ],
            "deprecationElement": null,
            "details": {
                "RETURNS": [
                    "<dd>\n length of the current builder state\n</dd>"
                ]
            },
            "seeAlso": null
        },
        "setThumbnail(java.lang.String)": {
            "elementId": "setThumbnail(java.lang.String)",
            "methodAnnotations": "@Nonnull",
            "methodName": "setThumbnail",
            "methodSignature": "@Nonnull public EmbedBuilder setThumbnail(@Nullable String url)",
            "methodParameters": {
                "originalText": "(@Nullable String url)",
                "parameters": [
                    {
                        "annotations": [
                            "Nullable"
                        ],
                        "type": "String",
                        "simpleType": "String",
                        "name": "url"
                    }
                ]
            },
            "methodReturnType": "EmbedBuilder",
            "isStatic": false,
            "descriptionElements": [
                "<div class=\"block\">\n Sets the Thumbnail of the embed. \n <p><b><a href=\"https://raw.githubusercontent.com/discord-jda/JDA/assets/assets/docs/embeds/06-setThumbnail.png\">Example</a></b></p>\n <p><b>Uploading images with Embeds</b> <br>\n  When uploading an <u>image</u> (using <a href=\"entities/channel/middleman/MessageChannel.html#sendFiles(net.dv8tion.jda.api.utils.FileUpload...)\"><code>MessageChannel.sendFiles(...)</code></a>) you can reference said image using the specified filename as URI <code>attachment://filename.ext</code>.</p>\n <p><u>Example</u></p>\n <pre><code>\n MessageChannel channel; // = reference of a MessageChannel\n EmbedBuilder embed = new EmbedBuilder();\n InputStream file = new URL(\"https://http.cat/500\").openStream();\n embed.setThumbnail(\"attachment://cat.png\") // we specify this in sendFile as \"cat.png\"\n      .setDescription(\"This is a cute cat :3\");\n channel.sendFiles(FileUpload.fromData(file, \"cat.png\")).setEmbeds(embed.build()).queue();\n </code></pre>\n</div>"
            ],
            "deprecationElement": null,
            "details": {
                "PARAMETERS": [
                    "<dd>\n <code>url</code> - the url of the thumbnail of the embed\n</dd>"
                ],
                "RETURNS": [
                    "<dd>\n the builder after the thumbnail has been set\n</dd>"
                ],
                "THROWS": [
                    "<dd>\n <code><a href=\"https://docs.oracle.com/javase/8/docs/api/java/lang/IllegalArgumentException.html\" title=\"class or interface in java.lang\" class=\"external-link\">IllegalArgumentException</a></code> - \n <ul>\n  <li>If the character limit for <code>url</code>, defined by <a href=\"entities/MessageEmbed.html#URL_MAX_LENGTH\"><code>MessageEmbed.URL_MAX_LENGTH</code></a> as <a href=\"entities/MessageEmbed.html#URL_MAX_LENGTH\">2000</a>, is exceeded.</li>\n  <li>If the provided <code>url</code> is not a properly formatted http or https url.</li>\n </ul>\n</dd>"
                ]
            },
            "seeAlso": null
        },
        "copyFrom(net.dv8tion.jda.api.entities.MessageEmbed)": {
            "elementId": "copyFrom(net.dv8tion.jda.api.entities.MessageEmbed)",
            "methodAnnotations": null,
            "methodName": "copyFrom",
            "methodSignature": "public void copyFrom(@Nullable MessageEmbed embed)",
            "methodParameters": {
                "originalText": "(@Nullable MessageEmbed embed)",
                "parameters": [
                    {
                        "annotations": [
                            "Nullable"
                        ],
                        "type": "MessageEmbed",
                        "simpleType": "MessageEmbed",
                        "name": "embed"
                    }
                ]
            },
            "methodReturnType": "void",
            "isStatic": false,
            "descriptionElements": [
                "<div class=\"block\">\n Copies the data from the given embed into this builder. \n <br>\n All the parts of the given embed will be applied to this builder.\n</div>"
            ],
            "deprecationElement": null,
            "details": {
                "PARAMETERS": [
                    "<dd>\n <code>embed</code> - the existing embed\n</dd>"
                ]
            },
            "seeAlso": null
        },
        "<init>()": {
            "elementId": "<init>()",
            "methodAnnotations": null,
            "methodName": "EmbedBuilder",
            "methodSignature": "public EmbedBuilder()",
            "methodParameters": null,
            "methodReturnType": "EmbedBuilder",
            "isStatic": false,
            "descriptionElements": [
                "<div class=\"block\">\n Constructs a new EmbedBuilder instance, which can be used to create <a href=\"entities/MessageEmbed.html\" title=\"class in net.dv8tion.jda.api.entities\"><code>MessageEmbeds</code></a>. These can then be sent to a channel using <a href=\"entities/channel/middleman/MessageChannel.html#sendMessageEmbeds(net.dv8tion.jda.api.entities.MessageEmbed,net.dv8tion.jda.api.entities.MessageEmbed...)\"><code>MessageChannel.sendMessageEmbeds(MessageEmbed, MessageEmbed...)</code></a>. \n <br>\n Every part of an embed can be removed or cleared by providing <code>null</code> to the setter method.\n</div>"
            ],
            "deprecationElement": null,
            "details": {},
            "seeAlso": null
        },
        "setDescription(java.lang.CharSequence)": {
            "elementId": "setDescription(java.lang.CharSequence)",
            "methodAnnotations": "@Nonnull",
            "methodName": "setDescription",
            "methodSignature": "@Nonnull public final EmbedBuilder setDescription(@Nullable CharSequence description)",
            "methodParameters": {
                "originalText": "(@Nullable CharSequence description)",
                "parameters": [
                    {
                        "annotations": [
                            "Nullable"
                        ],
                        "type": "CharSequence",
                        "simpleType": "CharSequence",
                        "name": "description"
                    }
                ]
            },
            "methodReturnType": "EmbedBuilder",
            "isStatic": false,
            "descriptionElements": [
                "<div class=\"block\">\n Sets the Description of the embed. This is where the main chunk of text for an embed is typically placed. \n <p><b><a href=\"https://raw.githubusercontent.com/discord-jda/JDA/assets/assets/docs/embeds/05-setDescription.png\">Example</a></b></p>\n</div>"
            ],
            "deprecationElement": null,
            "details": {
                "PARAMETERS": [
                    "<dd>\n <code>description</code> - the description of the embed, <code>null</code> to reset\n</dd>"
                ],
                "RETURNS": [
                    "<dd>\n the builder after the description has been set\n</dd>"
                ],
                "THROWS": [
                    "<dd>\n <code><a href=\"https://docs.oracle.com/javase/8/docs/api/java/lang/IllegalArgumentException.html\" title=\"class or interface in java.lang\" class=\"external-link\">IllegalArgumentException</a></code> - If <code>description</code> is longer than <a href=\"entities/MessageEmbed.html#DESCRIPTION_MAX_LENGTH\">4096</a> characters, as defined by <a href=\"entities/MessageEmbed.html#DESCRIPTION_MAX_LENGTH\"><code>MessageEmbed.DESCRIPTION_MAX_LENGTH</code></a>\n</dd>"
                ]
            },
            "seeAlso": null
        },
        "clear()": {
            "elementId": "clear()",
            "methodAnnotations": "@Nonnull",
            "methodName": "clear",
            "methodSignature": "@Nonnull public EmbedBuilder clear()",
            "methodParameters": null,
            "methodReturnType": "EmbedBuilder",
            "isStatic": false,
            "descriptionElements": [
                "<div class=\"block\">\n Resets this builder to default state. \n <br>\n All parts will be either empty or null after this method has returned.\n</div>"
            ],
            "deprecationElement": null,
            "details": {
                "RETURNS": [
                    "<dd>\n The current EmbedBuilder with default values\n</dd>"
                ]
            },
            "seeAlso": null
        },
        "<init>(net.dv8tion.jda.api.EmbedBuilder)": {
            "elementId": "<init>(net.dv8tion.jda.api.EmbedBuilder)",
            "methodAnnotations": null,
            "methodName": "EmbedBuilder",
            "methodSignature": "public EmbedBuilder(@Nullable EmbedBuilder builder)",
            "methodParameters": {
                "originalText": "(@Nullable EmbedBuilder builder)",
                "parameters": [
                    {
                        "annotations": [
                            "Nullable"
                        ],
                        "type": "EmbedBuilder",
                        "simpleType": "EmbedBuilder",
                        "name": "builder"
                    }
                ]
            },
            "methodReturnType": "EmbedBuilder",
            "isStatic": false,
            "descriptionElements": [
                "<div class=\"block\">\n Creates an EmbedBuilder using fields from an existing builder\n</div>"
            ],
            "deprecationElement": null,
            "details": {
                "PARAMETERS": [
                    "<dd>\n <code>builder</code> - the existing builder\n</dd>"
                ]
            },
            "seeAlso": null
        },
        "isEmpty()": {
            "elementId": "isEmpty()",
            "methodAnnotations": null,
            "methodName": "isEmpty",
            "methodSignature": "public boolean isEmpty()",
            "methodParameters": null,
            "methodReturnType": "boolean",
            "isStatic": false,
            "descriptionElements": [
                "<div class=\"block\">\n Checks if the given embed is empty. Empty embeds will throw an exception if built.\n</div>"
            ],
            "deprecationElement": null,
            "details": {
                "RETURNS": [
                    "<dd>\n true if the embed is empty and cannot be built\n</dd>"
                ]
            },
            "seeAlso": null
        },
        "copyFrom(net.dv8tion.jda.api.EmbedBuilder)": {
            "elementId": "copyFrom(net.dv8tion.jda.api.EmbedBuilder)",
            "methodAnnotations": null,
            "methodName": "copyFrom",
            "methodSignature": "public void copyFrom(@Nullable EmbedBuilder builder)",
            "methodParameters": {
                "originalText": "(@Nullable EmbedBuilder builder)",
                "parameters": [
                    {
                        "annotations": [
                            "Nullable"
                        ],
                        "type": "EmbedBuilder",
                        "simpleType": "EmbedBuilder",
                        "name": "builder"
                    }
                ]
            },
            "methodReturnType": "void",
            "isStatic": false,
            "descriptionElements": [
                "<div class=\"block\">\n Copies the data from the given builder into this builder. \n <br>\n All the parts of the given builder will be applied to this one.\n</div>"
            ],
            "deprecationElement": null,
            "details": {
                "PARAMETERS": [
                    "<dd>\n <code>builder</code> - the existing builder\n</dd>"
                ]
            },
            "seeAlso": null
        },
        "fromData(net.dv8tion.jda.api.utils.data.DataObject)": {
            "elementId": "fromData(net.dv8tion.jda.api.utils.data.DataObject)",
            "methodAnnotations": "@Nonnull",
            "methodName": "fromData",
            "methodSignature": "@Nonnull public static EmbedBuilder fromData(@Nonnull DataObject data)",
            "methodParameters": {
                "originalText": "(@Nonnull DataObject data)",
                "parameters": [
                    {
                        "annotations": [
                            "Nonnull"
                        ],
                        "type": "DataObject",
                        "simpleType": "DataObject",
                        "name": "data"
                    }
                ]
            },
            "methodReturnType": "EmbedBuilder",
            "isStatic": true,
            "descriptionElements": [
                "<div class=\"block\">\n Creates an instance of this builder from the provided <a href=\"utils/data/DataObject.html\" title=\"class in net.dv8tion.jda.api.utils.data\"><code>DataObject</code></a>. \n <p>This is the inverse of <a href=\"entities/MessageEmbed.html#toData()\"><code>MessageEmbed.toData()</code></a>.</p>\n</div>"
            ],
            "deprecationElement": null,
            "details": {
                "PARAMETERS": [
                    "<dd>\n <code>data</code> - The serialized embed object\n</dd>"
                ],
                "RETURNS": [
                    "<dd>\n The new builder instance\n</dd>"
                ],
                "THROWS": [
                    "<dd>\n <code><a href=\"https://docs.oracle.com/javase/8/docs/api/java/lang/IllegalArgumentException.html\" title=\"class or interface in java.lang\" class=\"external-link\">IllegalArgumentException</a></code> - If the provided data is <code>null</code> or invalid\n</dd>",
                    "<dd>\n <code><a href=\"exceptions/ParsingException.html\" title=\"class in net.dv8tion.jda.api.exceptions\">ParsingException</a></code> - If the provided data is malformed\n</dd>"
                ]
            },
            "seeAlso": null
        },
        "setFooter(java.lang.String,java.lang.String)": {
            "elementId": "setFooter(java.lang.String,java.lang.String)",
            "methodAnnotations": "@Nonnull",
            "methodName": "setFooter",
            "methodSignature": "@Nonnull public EmbedBuilder setFooter(@Nullable String text, @Nullable String iconUrl)",
            "methodParameters": {
                "originalText": "(@Nullable String text, @Nullable String iconUrl)",
                "parameters": [
                    {
                        "annotations": [
                            "Nullable"
                        ],
                        "type": "String",
                        "simpleType": "String",
                        "name": "text"
                    },
                    {
                        "annotations": [
                            "Nullable"
                        ],
                        "type": "String",
                        "simpleType": "String",
                        "name": "iconUrl"
                    }
                ]
            },
            "methodReturnType": "EmbedBuilder",
            "isStatic": false,
            "descriptionElements": [
                "<div class=\"block\">\n Sets the Footer of the embed. \n <p><b><a href=\"https://raw.githubusercontent.com/discord-jda/JDA/assets/assets/docs/embeds/12-setFooter.png\">Example</a></b></p>\n <p><b>Uploading images with Embeds</b> <br>\n  When uploading an <u>image</u> (using <a href=\"entities/channel/middleman/MessageChannel.html#sendFiles(net.dv8tion.jda.api.utils.FileUpload...)\"><code>MessageChannel.sendFiles(...)</code></a>) you can reference said image using the specified filename as URI <code>attachment://filename.ext</code>.</p>\n <p><u>Example</u></p>\n <pre><code>\n MessageChannel channel; // = reference of a MessageChannel\n EmbedBuilder embed = new EmbedBuilder();\n InputStream file = new URL(\"https://http.cat/500\").openStream();\n embed.setFooter(\"Cool footer!\", \"attachment://cat.png\") // we specify this in sendFile as \"cat.png\"\n      .setDescription(\"This is a cute cat :3\");\n channel.sendFiles(FileUpload.fromData(file, \"cat.png\")).setEmbeds(embed.build()).queue();\n </code></pre>\n</div>"
            ],
            "deprecationElement": null,
            "details": {
                "PARAMETERS": [
                    "<dd>\n <code>text</code> - the text of the footer of the embed. If this is not set, the footer will not appear in the embed.\n</dd>",
                    "<dd>\n <code>iconUrl</code> - the url of the icon for the footer\n</dd>"
                ],
                "RETURNS": [
                    "<dd>\n the builder after the footer has been set\n</dd>"
                ],
                "THROWS": [
                    "<dd>\n <code><a href=\"https://docs.oracle.com/javase/8/docs/api/java/lang/IllegalArgumentException.html\" title=\"class or interface in java.lang\" class=\"external-link\">IllegalArgumentException</a></code> - \n <ul>\n  <li>If the character limit for <code>text</code>, defined by <a href=\"entities/MessageEmbed.html#TEXT_MAX_LENGTH\"><code>MessageEmbed.TEXT_MAX_LENGTH</code></a> as <a href=\"entities/MessageEmbed.html#TEXT_MAX_LENGTH\">2048</a>, is exceeded.</li>\n  <li>If the character limit for <code>iconUrl</code>, defined by <a href=\"entities/MessageEmbed.html#URL_MAX_LENGTH\"><code>MessageEmbed.URL_MAX_LENGTH</code></a> as <a href=\"entities/MessageEmbed.html#URL_MAX_LENGTH\">2000</a>, is exceeded.</li>\n  <li>If the provided <code>iconUrl</code> is not a properly formatted http or https url.</li>\n </ul>\n</dd>"
                ]
            },
            "seeAlso": null
        },
        "setTimestamp(java.time.temporal.TemporalAccessor)": {
            "elementId": "setTimestamp(java.time.temporal.TemporalAccessor)",
            "methodAnnotations": "@Nonnull",
            "methodName": "setTimestamp",
            "methodSignature": "@Nonnull public EmbedBuilder setTimestamp(@Nullable TemporalAccessor temporal)",
            "methodParameters": {
                "originalText": "(@Nullable TemporalAccessor temporal)",
                "parameters": [
                    {
                        "annotations": [
                            "Nullable"
                        ],
                        "type": "TemporalAccessor",
                        "simpleType": "TemporalAccessor",
                        "name": "temporal"
                    }
                ]
            },
            "methodReturnType": "EmbedBuilder",
            "isStatic": false,
            "descriptionElements": [
                "<div class=\"block\">\n Sets the Timestamp of the embed. \n <p><b><a href=\"https://raw.githubusercontent.com/discord-jda/JDA/assets/assets/docs/embeds/13-setTimestamp.png\">Example</a></b></p>\n <p><b>Hint:</b> You can get the current time using <a href=\"https://docs.oracle.com/javase/8/docs/api/java/time/Instant.html#now--\" title=\"class or interface in java.time\" class=\"external-link\"><code>Instant.now()</code></a> or convert time from a millisecond representation by using <a href=\"https://docs.oracle.com/javase/8/docs/api/java/time/Instant.html#ofEpochMilli-long-\" title=\"class or interface in java.time\" class=\"external-link\"><code>Instant.ofEpochMilli(long)</code></a>;</p>\n</div>"
            ],
            "deprecationElement": null,
            "details": {
                "PARAMETERS": [
                    "<dd>\n <code>temporal</code> - the temporal accessor of the timestamp\n</dd>"
                ],
                "RETURNS": [
                    "<dd>\n the builder after the timestamp has been set\n</dd>"
                ]
            },
            "seeAlso": null
        },
        "getDescriptionBuilder()": {
            "elementId": "getDescriptionBuilder()",
            "methodAnnotations": "@Nonnull",
            "methodName": "getDescriptionBuilder",
            "methodSignature": "@Nonnull public StringBuilder getDescriptionBuilder()",
            "methodParameters": null,
            "methodReturnType": "StringBuilder",
            "isStatic": false,
            "descriptionElements": [
                "<div class=\"block\">\n The <a href=\"https://docs.oracle.com/javase/8/docs/api/java/lang/StringBuilder.html\" title=\"class or interface in java.lang\" class=\"external-link\"><code>StringBuilder</code></a> used to build the description for the embed. \n <br>\n Note: To reset the description use <a href=\"#setDescription(java.lang.CharSequence)\"><code>setDescription(null)</code></a>\n</div>"
            ],
            "deprecationElement": null,
            "details": {
                "RETURNS": [
                    "<dd>\n StringBuilder with current description context\n</dd>"
                ]
            },
            "seeAlso": null
        },
        "build()": {
            "elementId": "build()",
            "methodAnnotations": "@Nonnull",
            "methodName": "build",
            "methodSignature": "@Nonnull public MessageEmbed build()",
            "methodParameters": null,
            "methodReturnType": "MessageEmbed",
            "isStatic": false,
            "descriptionElements": [
                "<div class=\"block\">\n Returns a <a href=\"entities/MessageEmbed.html\" title=\"class in net.dv8tion.jda.api.entities\"><code>MessageEmbed</code></a> that has been checked as being valid for sending.\n</div>"
            ],
            "deprecationElement": null,
            "details": {
                "RETURNS": [
                    "<dd>\n the built, sendable <a href=\"entities/MessageEmbed.html\" title=\"class in net.dv8tion.jda.api.entities\"><code>MessageEmbed</code></a>\n</dd>"
                ],
                "THROWS": [
                    "<dd>\n <code><a href=\"https://docs.oracle.com/javase/8/docs/api/java/lang/IllegalStateException.html\" title=\"class or interface in java.lang\" class=\"external-link\">IllegalStateException</a></code> - \n <ul>\n  <li>If the embed is empty. Can be checked with <a href=\"#isEmpty()\"><code>isEmpty()</code></a>.</li>\n  <li>If the character limit for <code>description</code>, defined by <a href=\"entities/MessageEmbed.html#DESCRIPTION_MAX_LENGTH\"><code>MessageEmbed.DESCRIPTION_MAX_LENGTH</code></a> as <a href=\"entities/MessageEmbed.html#DESCRIPTION_MAX_LENGTH\">4096</a>, is exceeded.</li>\n  <li>If the embed's total length, defined by <a href=\"entities/MessageEmbed.html#EMBED_MAX_LENGTH_BOT\"><code>MessageEmbed.EMBED_MAX_LENGTH_BOT</code></a> as <a href=\"entities/MessageEmbed.html#EMBED_MAX_LENGTH_BOT\">6000</a>, is exceeded.</li>\n  <li>If the embed's number of embed fields, defined by <a href=\"entities/MessageEmbed.html#MAX_FIELD_AMOUNT\"><code>MessageEmbed.MAX_FIELD_AMOUNT</code></a> as <a href=\"entities/MessageEmbed.html#MAX_FIELD_AMOUNT\">25</a>, is exceeded.</li>\n </ul>\n</dd>"
                ]
            },
            "seeAlso": null
        },
        "setAuthor(java.lang.String,java.lang.String)": {
            "elementId": "setAuthor(java.lang.String,java.lang.String)",
            "methodAnnotations": "@Nonnull",
            "methodName": "setAuthor",
            "methodSignature": "@Nonnull public EmbedBuilder setAuthor(@Nullable String name, @Nullable String url)",
            "methodParameters": {
                "originalText": "(@Nullable String name, @Nullable String url)",
                "parameters": [
                    {
                        "annotations": [
                            "Nullable"
                        ],
                        "type": "String",
                        "simpleType": "String",
                        "name": "name"
                    },
                    {
                        "annotations": [
                            "Nullable"
                        ],
                        "type": "String",
                        "simpleType": "String",
                        "name": "url"
                    }
                ]
            },
            "methodReturnType": "EmbedBuilder",
            "isStatic": false,
            "descriptionElements": [
                "<div class=\"block\">\n Sets the Author of the embed. The author appears in the top left of the embed and can have a small image beside it along with the author's name being made clickable by way of providing a url. This convenience method just sets the name and the url. \n <p><b><a href=\"https://raw.githubusercontent.com/discord-jda/JDA/assets/assets/docs/embeds/03-setAuthor.png\">Example</a></b></p>\n</div>"
            ],
            "deprecationElement": null,
            "details": {
                "PARAMETERS": [
                    "<dd>\n <code>name</code> - the name of the author of the embed. If this is not set, the author will not appear in the embed\n</dd>",
                    "<dd>\n <code>url</code> - the url of the author of the embed\n</dd>"
                ],
                "RETURNS": [
                    "<dd>\n the builder after the author has been set\n</dd>"
                ],
                "THROWS": [
                    "<dd>\n <code><a href=\"https://docs.oracle.com/javase/8/docs/api/java/lang/IllegalArgumentException.html\" title=\"class or interface in java.lang\" class=\"external-link\">IllegalArgumentException</a></code> - \n <ul>\n  <li>If the character limit for <code>name</code>, defined by <a href=\"entities/MessageEmbed.html#AUTHOR_MAX_LENGTH\"><code>MessageEmbed.AUTHOR_MAX_LENGTH</code></a> as <a href=\"entities/MessageEmbed.html#AUTHOR_MAX_LENGTH\">256</a>, is exceeded.</li>\n  <li>If the character limit for <code>url</code>, defined by <a href=\"entities/MessageEmbed.html#URL_MAX_LENGTH\"><code>MessageEmbed.URL_MAX_LENGTH</code></a> as <a href=\"entities/MessageEmbed.html#URL_MAX_LENGTH\">2000</a>, is exceeded.</li>\n  <li>If the provided <code>url</code> is not a properly formatted http or https url.</li>\n </ul>\n</dd>"
                ]
            },
            "seeAlso": null
        },
        "addField(net.dv8tion.jda.api.entities.MessageEmbed.Field)": {
            "elementId": "addField(net.dv8tion.jda.api.entities.MessageEmbed.Field)",
            "methodAnnotations": "@Nonnull",
            "methodName": "addField",
            "methodSignature": "@Nonnull public EmbedBuilder addField(@Nullable MessageEmbed.Field field)",
            "methodParameters": {
                "originalText": "(@Nullable MessageEmbed.Field field)",
                "parameters": [
                    {
                        "annotations": [
                            "Nullable"
                        ],
                        "type": "MessageEmbed.Field",
                        "simpleType": "MessageEmbed.Field",
                        "name": "field"
                    }
                ]
            },
            "methodReturnType": "EmbedBuilder",
            "isStatic": false,
            "descriptionElements": [
                "<div class=\"block\">\n Copies the provided Field into a new Field for this builder. \n <br>\n For additional documentation, see <a href=\"#addField(java.lang.String,java.lang.String,boolean)\"><code>addField(String, String, boolean)</code></a>\n</div>"
            ],
            "deprecationElement": null,
            "details": {
                "PARAMETERS": [
                    "<dd>\n <code>field</code> - the field object to add\n</dd>"
                ],
                "RETURNS": [
                    "<dd>\n the builder after the field has been added\n</dd>"
                ]
            },
            "seeAlso": null
        },
        "appendDescription(java.lang.CharSequence)": {
            "elementId": "appendDescription(java.lang.CharSequence)",
            "methodAnnotations": "@Nonnull",
            "methodName": "appendDescription",
            "methodSignature": "@Nonnull public EmbedBuilder appendDescription(@Nonnull CharSequence description)",
            "methodParameters": {
                "originalText": "(@Nonnull CharSequence description)",
                "parameters": [
                    {
                        "annotations": [
                            "Nonnull"
                        ],
                        "type": "CharSequence",
                        "simpleType": "CharSequence",
                        "name": "description"
                    }
                ]
            },
            "methodReturnType": "EmbedBuilder",
            "isStatic": false,
            "descriptionElements": [
                "<div class=\"block\">\n Appends to the description of the embed. This is where the main chunk of text for an embed is typically placed. \n <p><b><a href=\"https://raw.githubusercontent.com/discord-jda/JDA/assets/assets/docs/embeds/05-setDescription.png\">Example</a></b></p>\n</div>"
            ],
            "deprecationElement": null,
            "details": {
                "PARAMETERS": [
                    "<dd>\n <code>description</code> - the string to append to the description of the embed\n</dd>"
                ],
                "RETURNS": [
                    "<dd>\n the builder after the description has been set\n</dd>"
                ],
                "THROWS": [
                    "<dd>\n <code><a href=\"https://docs.oracle.com/javase/8/docs/api/java/lang/IllegalArgumentException.html\" title=\"class or interface in java.lang\" class=\"external-link\">IllegalArgumentException</a></code> - \n <ul>\n  <li>If the provided <code>description</code> String is null.</li>\n  <li>If the character limit for <code>description</code>, defined by <a href=\"entities/MessageEmbed.html#DESCRIPTION_MAX_LENGTH\"><code>MessageEmbed.DESCRIPTION_MAX_LENGTH</code></a> as <a href=\"entities/MessageEmbed.html#DESCRIPTION_MAX_LENGTH\">4096</a>, is exceeded.</li>\n </ul>\n</dd>"
                ]
            },
            "seeAlso": null
        },
        "setTitle(java.lang.String,java.lang.String)": {
            "elementId": "setTitle(java.lang.String,java.lang.String)",
            "methodAnnotations": "@Nonnull",
            "methodName": "setTitle",
            "methodSignature": "@Nonnull public EmbedBuilder setTitle(@Nullable String title, @Nullable String url)",
            "methodParameters": {
                "originalText": "(@Nullable String title, @Nullable String url)",
                "parameters": [
                    {
                        "annotations": [
                            "Nullable"
                        ],
                        "type": "String",
                        "simpleType": "String",
                        "name": "title"
                    },
                    {
                        "annotations": [
                            "Nullable"
                        ],
                        "type": "String",
                        "simpleType": "String",
                        "name": "url"
                    }
                ]
            },
            "methodReturnType": "EmbedBuilder",
            "isStatic": false,
            "descriptionElements": [
                "<div class=\"block\">\n Sets the Title of the embed. \n <br>\n You can provide <code>null</code> as url if no url should be used. \n <br>\n If you want to set a URL without a title, use <a href=\"#setUrl(java.lang.String)\"><code>setUrl(String)</code></a> instead. \n <p><b><a href=\"https://raw.githubusercontent.com/discord-jda/JDA/assets/assets/docs/embeds/04-setTitle.png\">Example</a></b></p>\n</div>"
            ],
            "deprecationElement": null,
            "details": {
                "PARAMETERS": [
                    "<dd>\n <code>title</code> - the title of the embed\n</dd>",
                    "<dd>\n <code>url</code> - Makes the title into a hyperlink pointed at this url.\n</dd>"
                ],
                "RETURNS": [
                    "<dd>\n the builder after the title has been set\n</dd>"
                ],
                "THROWS": [
                    "<dd>\n <code><a href=\"https://docs.oracle.com/javase/8/docs/api/java/lang/IllegalArgumentException.html\" title=\"class or interface in java.lang\" class=\"external-link\">IllegalArgumentException</a></code> - \n <ul>\n  <li>If the provided <code>title</code> is an empty String.</li>\n  <li>If the character limit for <code>title</code>, defined by <a href=\"entities/MessageEmbed.html#TITLE_MAX_LENGTH\"><code>MessageEmbed.TITLE_MAX_LENGTH</code></a> as <a href=\"entities/MessageEmbed.html#TITLE_MAX_LENGTH\">256</a>, is exceeded.</li>\n  <li>If the character limit for <code>url</code>, defined by <a href=\"entities/MessageEmbed.html#URL_MAX_LENGTH\"><code>MessageEmbed.URL_MAX_LENGTH</code></a> as <a href=\"entities/MessageEmbed.html#URL_MAX_LENGTH\">2000</a>, is exceeded.</li>\n  <li>If the provided <code>url</code> is not a properly formatted http or https url.</li>\n </ul>\n</dd>"
                ]
            },
            "seeAlso": null
        },
        "isValidLength()": {
            "elementId": "isValidLength()",
            "methodAnnotations": null,
            "methodName": "isValidLength",
            "methodSignature": "public boolean isValidLength()",
            "methodParameters": null,
            "methodReturnType": "boolean",
            "isStatic": false,
            "descriptionElements": [
                "<div class=\"block\">\n Checks whether the constructed <a href=\"entities/MessageEmbed.html\" title=\"class in net.dv8tion.jda.api.entities\"><code>MessageEmbed</code></a> is within the limits for a bot account.\n</div>"
            ],
            "deprecationElement": null,
            "details": {
                "RETURNS": [
                    "<dd>\n True, if the <a href=\"#length()\"><code>length</code></a> is less or equal to <a href=\"entities/MessageEmbed.html#EMBED_MAX_LENGTH_BOT\">6000</a>\n</dd>"
                ],
                "SEE_ALSO": [
                    "<dd>\n <ul class=\"see-list-long\">\n  <li><a href=\"entities/MessageEmbed.html#EMBED_MAX_LENGTH_BOT\"><code>MessageEmbed.EMBED_MAX_LENGTH_BOT</code></a></li>\n </ul>\n</dd>"
                ]
            },
            "seeAlso": {
                "references": [
                    {
                        "text": "MessageEmbed.EMBED_MAX_LENGTH_BOT",
                        "link": "https://docs.jda.wiki/net/dv8tion/jda/api/entities/MessageEmbed.html#EMBED_MAX_LENGTH_BOT",
                        "targetType": "FIELD",
                        "fullSignature": "MessageEmbed#EMBED_MAX_LENGTH_BOT"
                    }
                ]
            }
        },
        "setTitle(java.lang.String)": {
            "elementId": "setTitle(java.lang.String)",
            "methodAnnotations": "@Nonnull",
            "methodName": "setTitle",
            "methodSignature": "@Nonnull public EmbedBuilder setTitle(@Nullable String title)",
            "methodParameters": {
                "originalText": "(@Nullable String title)",
                "parameters": [
                    {
                        "annotations": [
                            "Nullable"
                        ],
                        "type": "String",
                        "simpleType": "String",
                        "name": "title"
                    }
                ]
            },
            "methodReturnType": "EmbedBuilder",
            "isStatic": false,
            "descriptionElements": [
                "<div class=\"block\">\n Sets the Title of the embed. \n <br>\n Overload for <a href=\"#setTitle(java.lang.String,java.lang.String)\"><code>setTitle(String, String)</code></a> without URL parameter. \n <p><b><a href=\"https://raw.githubusercontent.com/discord-jda/JDA/assets/assets/docs/embeds/04-setTitle.png\">Example</a></b></p>\n</div>"
            ],
            "deprecationElement": null,
            "details": {
                "PARAMETERS": [
                    "<dd>\n <code>title</code> - the title of the embed\n</dd>"
                ],
                "RETURNS": [
                    "<dd>\n the builder after the title has been set\n</dd>"
                ],
                "THROWS": [
                    "<dd>\n <code><a href=\"https://docs.oracle.com/javase/8/docs/api/java/lang/IllegalArgumentException.html\" title=\"class or interface in java.lang\" class=\"external-link\">IllegalArgumentException</a></code> - \n <ul>\n  <li>If the provided <code>title</code> is an empty String.</li>\n  <li>If the character limit for <code>title</code>, defined by <a href=\"entities/MessageEmbed.html#TITLE_MAX_LENGTH\"><code>MessageEmbed.TITLE_MAX_LENGTH</code></a> as <a href=\"entities/MessageEmbed.html#TITLE_MAX_LENGTH\">256</a>, is exceeded.</li>\n </ul>\n</dd>"
                ]
            },
            "seeAlso": null
        },
        "setColor(int)": {
            "elementId": "setColor(int)",
            "methodAnnotations": "@Nonnull",
            "methodName": "setColor",
            "methodSignature": "@Nonnull public EmbedBuilder setColor(int color)",
            "methodParameters": {
                "originalText": "(int color)",
                "parameters": [
                    {
                        "annotations": [],
                        "type": "int",
                        "simpleType": "int",
                        "name": "color"
                    }
                ]
            },
            "methodReturnType": "EmbedBuilder",
            "isStatic": false,
            "descriptionElements": [
                "<div class=\"block\">\n Sets the raw RGB color value for the embed. \n <p><b><a href=\"https://raw.githubusercontent.com/discord-jda/JDA/assets/assets/docs/embeds/02-setColor.png\" target=\"_blank\">Example</a></b></p>\n</div>"
            ],
            "deprecationElement": null,
            "details": {
                "PARAMETERS": [
                    "<dd>\n <code>color</code> - The raw rgb value, or <a href=\"entities/Role.html#DEFAULT_COLOR_RAW\"><code>Role.DEFAULT_COLOR_RAW</code></a> to use no color\n</dd>"
                ],
                "RETURNS": [
                    "<dd>\n the builder after the color has been set\n</dd>"
                ],
                "SEE_ALSO": [
                    "<dd>\n <ul class=\"see-list\">\n  <li><a href=\"#setColor(java.awt.Color)\"><code>setColor(java.awt.Color)</code></a></li>\n </ul>\n</dd>"
                ]
            },
            "seeAlso": {
                "references": [
                    {
                        "text": "setColor(java.awt.Color)",
                        "link": "https://docs.jda.wiki/net/dv8tion/jda/api/EmbedBuilder.html#setColor(java.awt.Color)",
                        "targetType": "METHOD",
                        "fullSignature": "EmbedBuilder#setColor(Color)"
                    }
                ]
            }
        },
        "setColor(java.awt.Color)": {
            "elementId": "setColor(java.awt.Color)",
            "methodAnnotations": "@Nonnull",
            "methodName": "setColor",
            "methodSignature": "@Nonnull public EmbedBuilder setColor(@Nullable Color color)",
            "methodParameters": {
                "originalText": "(@Nullable Color color)",
                "parameters": [
                    {
                        "annotations": [
                            "Nullable"
                        ],
                        "type": "Color",
                        "simpleType": "Color",
                        "name": "color"
                    }
                ]
            },
            "methodReturnType": "EmbedBuilder",
            "isStatic": false,
            "descriptionElements": [
                "<div class=\"block\">\n Sets the Color of the embed. \n <p><b><a href=\"https://raw.githubusercontent.com/discord-jda/JDA/assets/assets/docs/embeds/02-setColor.png\" target=\"_blank\">Example</a></b></p>\n</div>"
            ],
            "deprecationElement": null,
            "details": {
                "PARAMETERS": [
                    "<dd>\n <code>color</code> - The <a href=\"https://docs.oracle.com/javase/8/docs/api/java/awt/Color.html\" title=\"class or interface in java.awt\" class=\"external-link\"><code>Color</code></a> of the embed or <code>null</code> to use no color\n</dd>"
                ],
                "RETURNS": [
                    "<dd>\n the builder after the color has been set\n</dd>"
                ],
                "SEE_ALSO": [
                    "<dd>\n <ul class=\"see-list\">\n  <li><a href=\"#setColor(int)\"><code>setColor(int)</code></a></li>\n </ul>\n</dd>"
                ]
            },
            "seeAlso": {
                "references": [
                    {
                        "text": "setColor(int)",
                        "link": "https://docs.jda.wiki/net/dv8tion/jda/api/EmbedBuilder.html#setColor(int)",
                        "targetType": "METHOD",
                        "fullSignature": "EmbedBuilder#setColor(int)"
                    }
                ]
            }
        },
        "setAuthor(java.lang.String)": {
            "elementId": "setAuthor(java.lang.String)",
            "methodAnnotations": "@Nonnull",
            "methodName": "setAuthor",
            "methodSignature": "@Nonnull public EmbedBuilder setAuthor(@Nullable String name)",
            "methodParameters": {
                "originalText": "(@Nullable String name)",
                "parameters": [
                    {
                        "annotations": [
                            "Nullable"
                        ],
                        "type": "String",
                        "simpleType": "String",
                        "name": "name"
                    }
                ]
            },
            "methodReturnType": "EmbedBuilder",
            "isStatic": false,
            "descriptionElements": [
                "<div class=\"block\">\n Sets the Author of the embed. The author appears in the top left of the embed and can have a small image beside it along with the author's name being made clickable by way of providing a url. This convenience method just sets the name. \n <p><b><a href=\"https://raw.githubusercontent.com/discord-jda/JDA/assets/assets/docs/embeds/03-setAuthor.png\">Example</a></b></p>\n</div>"
            ],
            "deprecationElement": null,
            "details": {
                "PARAMETERS": [
                    "<dd>\n <code>name</code> - the name of the author of the embed. If this is not set, the author will not appear in the embed\n</dd>"
                ],
                "RETURNS": [
                    "<dd>\n the builder after the author has been set\n</dd>"
                ],
                "THROWS": [
                    "<dd>\n <code><a href=\"https://docs.oracle.com/javase/8/docs/api/java/lang/IllegalArgumentException.html\" title=\"class or interface in java.lang\" class=\"external-link\">IllegalArgumentException</a></code> - If <code>name</code> is longer than <a href=\"entities/MessageEmbed.html#AUTHOR_MAX_LENGTH\">256</a> characters, as defined by <a href=\"entities/MessageEmbed.html#AUTHOR_MAX_LENGTH\"><code>MessageEmbed.AUTHOR_MAX_LENGTH</code></a>\n</dd>"
                ]
            },
            "seeAlso": null
        }
    },
    "fields": {
        "ZERO_WIDTH_SPACE": {
            "elementId": "ZERO_WIDTH_SPACE",
            "fieldName": "ZERO_WIDTH_SPACE",
            "fieldType": "String",
            "fieldValue": "\"\\u200e\"",
            "descriptionElements": [],
            "deprecationElement": null,
            "modifiers": "public static final"
        },
        "URL_PATTERN": {
            "elementId": "URL_PATTERN",
            "fieldName": "URL_PATTERN",
            "fieldType": "Pattern",
            "fieldValue": null,
            "descriptionElements": [],
            "deprecationElement": null,
            "modifiers": "public static final"
        }
    }
}