{
    "classNameFqcn": "net.dv8tion.jda.api.GatewayEncoding",
    "descriptionElements": [
        "<div class=\"block\">\n Encoding mode used by the gateway for incoming and outgoing payloads.\n</div>"
    ],
    "deprecationElement": null,
    "details": {
        "ALL_IMPLEMENTED_INTERFACES": [
            "<dd>\n <code><a href=\"https://docs.oracle.com/javase/8/docs/api/java/io/Serializable.html\" title=\"class or interface in java.io\" class=\"external-link\">Serializable</a></code>, <code><a href=\"https://docs.oracle.com/javase/8/docs/api/java/lang/Comparable.html\" title=\"class or interface in java.lang\" class=\"external-link\">Comparable</a>&lt;<a href=\"GatewayEncoding.html\" title=\"enum in net.dv8tion.jda.api\">GatewayEncoding</a>&gt;</code>\n</dd>"
        ]
    },
    "seeAlso": null,
    "methods": {
        "values()": {
            "elementId": "values()",
            "methodAnnotations": null,
            "methodName": "values",
            "methodSignature": "public static GatewayEncoding[] values()",
            "methodParameters": null,
            "methodReturnType": "GatewayEncoding[]",
            "isStatic": true,
            "descriptionElements": [
                "<div class=\"block\">\n Returns an array containing the constants of this enum type, in the order they are declared.\n</div>"
            ],
            "deprecationElement": null,
            "details": {
                "RETURNS": [
                    "<dd>\n an array containing the constants of this enum type, in the order they are declared\n</dd>"
                ]
            },
            "seeAlso": null
        },
        "valueOf(java.lang.String)": {
            "elementId": "valueOf(java.lang.String)",
            "methodAnnotations": null,
            "methodName": "valueOf",
            "methodSignature": "public static GatewayEncoding valueOf(String name)",
            "methodParameters": {
                "originalText": "(String name)",
                "parameters": [
                    {
                        "annotations": [],
                        "type": "String",
                        "simpleType": "String",
                        "name": "name"
                    }
                ]
            },
            "methodReturnType": "GatewayEncoding",
            "isStatic": true,
            "descriptionElements": [
                "<div class=\"block\">\n Returns the enum constant of this type with the specified name. The string must match <i>exactly</i> an identifier used to declare an enum constant in this type. (Extraneous whitespace characters are not permitted.)\n</div>"
            ],
            "deprecationElement": null,
            "details": {
                "PARAMETERS": [
                    "<dd>\n <code>name</code> - the name of the enum constant to be returned.\n</dd>"
                ],
                "RETURNS": [
                    "<dd>\n the enum constant with the specified name\n</dd>"
                ],
                "THROWS": [
                    "<dd>\n <code><a href=\"https://docs.oracle.com/javase/8/docs/api/java/lang/IllegalArgumentException.html\" title=\"class or interface in java.lang\" class=\"external-link\">IllegalArgumentException</a></code> - if this enum type has no constant with the specified name\n</dd>",
                    "<dd>\n <code><a href=\"https://docs.oracle.com/javase/8/docs/api/java/lang/NullPointerException.html\" title=\"class or interface in java.lang\" class=\"external-link\">NullPointerException</a></code> - if the argument is null\n</dd>"
                ]
            },
            "seeAlso": null
        }
    },
    "fields": {
        "ETF": {
            "elementId": "ETF",
            "fieldName": "ETF",
            "fieldType": "GatewayEncoding",
            "fieldValue": null,
            "descriptionElements": [
                "<div class=\"block\">\n Erlang External Term Format (binary). This is an optimized format which encodes all payloads in a binary stream.\n</div>"
            ],
            "deprecationElement": null,
            "modifiers": "public static final"
        },
        "JSON": {
            "elementId": "JSON",
            "fieldName": "JSON",
            "fieldType": "GatewayEncoding",
            "fieldValue": null,
            "descriptionElements": [
                "<div class=\"block\">\n Standard JSON format. This format uses a human-readable string encoding.\n</div>"
            ],
            "deprecationElement": null,
            "modifiers": "public static final"
        }
    }
}