{
    "classNameFqcn": "net.dv8tion.jda.api.JDA.ShardInfo",
    "descriptionElements": [
        "<div class=\"block\">Represents the information used to create this shard.</div>"
    ],
    "deprecationElement": null,
    "details": {
        "ENCLOSING_INTERFACE": [
            "<dd>\n <code><a href=\"JDA.html\" title=\"interface in net.dv8tion.jda.api\">JDA</a></code>\n</dd>"
        ]
    },
    "seeAlso": null,
    "methods": {
        "toString()": {
            "elementId": "toString()",
            "methodAnnotations": "@Nonnull",
            "methodName": "toString",
            "methodSignature": "@Nonnull public String toString()",
            "parameters": [],
            "methodReturnType": "String",
            "isStatic": false,
            "descriptionElements": [],
            "deprecationElement": null,
            "details": {
                "OVERRIDES": [
                    "<dd>\n <code><a href=\"https://docs.oracle.com/javase/8/docs/api/java/lang/Object.html#toString--\" title=\"class or interface in java.lang\" class=\"external-link\">toString</a></code>&nbsp;in class&nbsp;<code><a href=\"https://docs.oracle.com/javase/8/docs/api/java/lang/Object.html\" title=\"class or interface in java.lang\" class=\"external-link\">Object</a></code>\n</dd>"
                ]
            },
            "seeAlso": null
        },
        "getShardId()": {
            "elementId": "getShardId()",
            "methodAnnotations": null,
            "methodName": "getShardId",
            "methodSignature": "public int getShardId()",
            "parameters": [],
            "methodReturnType": "int",
            "isStatic": false,
            "descriptionElements": [
                "<div class=\"block\">\n Represents the id of the shard of the current instance.\n <br>\n This value will be between 0 and (<a href=\"#getShardTotal()\"><code>getShardTotal()</code></a> - 1).\n</div>"
            ],
            "deprecationElement": null,
            "details": {
                "RETURNS": [
                    "<dd>The id of the currently logged in shard.</dd>"
                ]
            },
            "seeAlso": null
        },
        "equals(java.lang.Object)": {
            "elementId": "equals(java.lang.Object)",
            "methodAnnotations": null,
            "methodName": "equals",
            "methodSignature": "public boolean equals(Object o)",
            "parameters": [
                {
                    "annotations": [],
                    "type": "java.lang.Object",
                    "simpleType": "Object",
                    "name": "o"
                }
            ],
            "methodReturnType": "boolean",
            "isStatic": false,
            "descriptionElements": [],
            "deprecationElement": null,
            "details": {
                "OVERRIDES": [
                    "<dd>\n <code><a href=\"https://docs.oracle.com/javase/8/docs/api/java/lang/Object.html#equals-java.lang.Object-\" title=\"class or interface in java.lang\" class=\"external-link\">equals</a></code>&nbsp;in class&nbsp;<code><a href=\"https://docs.oracle.com/javase/8/docs/api/java/lang/Object.html\" title=\"class or interface in java.lang\" class=\"external-link\">Object</a></code>\n</dd>"
                ]
            },
            "seeAlso": null
        },
        "getShardTotal()": {
            "elementId": "getShardTotal()",
            "methodAnnotations": null,
            "methodName": "getShardTotal",
            "methodSignature": "public int getShardTotal()",
            "parameters": [],
            "methodReturnType": "int",
            "isStatic": false,
            "descriptionElements": [
                "<div class=\"block\">\n The total amount of shards based on the value provided during JDA instance creation using <a href=\"JDABuilder.html#useSharding(int,int)\"><code>JDABuilder.useSharding(int, int)</code></a>.\n <br>\n This <b>does not</b> query Discord to determine the total number of shards.\n <br>\n This <b>does not</b> represent the amount of logged in shards.\n <br>\n It strictly represents the integer value provided to discord representing the total amount of shards that the developer indicated that it was going to use when initially starting JDA.\n</div>"
            ],
            "deprecationElement": null,
            "details": {
                "RETURNS": [
                    "<dd>The total of shards based on the total provided by the developer during JDA initialization.</dd>"
                ]
            },
            "seeAlso": null
        },
        "getShardString()": {
            "elementId": "getShardString()",
            "methodAnnotations": "@Nonnull",
            "methodName": "getShardString",
            "methodSignature": "@Nonnull public String getShardString()",
            "parameters": [],
            "methodReturnType": "String",
            "isStatic": false,
            "descriptionElements": [
                "<div class=\"block\">\n Provides a shortcut method for easily printing shard info.\n <br>\n Format: \"[# / #]\"\n <br>\n Where the first # is shardId and the second # is shardTotal.\n</div>"
            ],
            "deprecationElement": null,
            "details": {
                "RETURNS": [
                    "<dd>A String representing the information used to build this shard.</dd>"
                ]
            },
            "seeAlso": null
        },
        "<init>(int,int)": {
            "elementId": "<init>(int,int)",
            "methodAnnotations": null,
            "methodName": "ShardInfo",
            "methodSignature": "public ShardInfo(int shardId, int shardTotal)",
            "parameters": [
                {
                    "annotations": [],
                    "type": "int",
                    "simpleType": "int",
                    "name": "shardId"
                },
                {
                    "annotations": [],
                    "type": "int",
                    "simpleType": "int",
                    "name": "shardTotal"
                }
            ],
            "methodReturnType": "JDA.ShardInfo",
            "isStatic": false,
            "descriptionElements": [],
            "deprecationElement": null,
            "details": {},
            "seeAlso": null
        }
    },
    "fields": {
        "SINGLE": {
            "elementId": "SINGLE",
            "fieldName": "SINGLE",
            "fieldType": "JDA.ShardInfo",
            "fieldValue": null,
            "descriptionElements": [
                "<div class=\"block\">Default sharding config with one shard</div>"
            ],
            "deprecationElement": null,
            "modifiers": "public static final"
        }
    }
}