{
    "classNameFqcn": "net.dv8tion.jda.api.events.guild.voice.GuildVoiceRequestToSpeakEvent",
    "descriptionElements": [
        "<div class=\"block\">\n Indicates that a guild member has updated their <a href=\"../../../entities/GuildVoiceState.html#getRequestToSpeakTimestamp()\"><code>Request-to-Speak</code></a>. \n <p>If <a href=\"#getNewTime()\"><code>getNewTime()</code></a> is non-null, this means the member has <em>raised their hand</em> and wants to speak. You can use <a href=\"#approveSpeaker()\"><code>approveSpeaker()</code></a> or <a href=\"#declineSpeaker()\"><code>declineSpeaker()</code></a> to handle this request if you have <a href=\"../../../Permission.html#VOICE_MUTE_OTHERS\"><code>Permission.VOICE_MUTE_OTHERS</code></a>.</p>\n <p><b>Requirements</b><br></p>\n <p>These events require the <a href=\"../../../utils/cache/CacheFlag.html#VOICE_STATE\"><code>VOICE_STATE</code></a> CacheFlag to be enabled, which requires the <a href=\"../../../requests/GatewayIntent.html#GUILD_VOICE_STATES\"><code>GUILD_VOICE_STATES</code></a> intent. <br><a href=\"../../../JDABuilder.html#createLight(java.lang.String)\"><code>createLight(String)</code></a> disables that CacheFlag by default!</p>\n</div>"
    ],
    "deprecationElement": null,
    "details": {
        "ALL_IMPLEMENTED_INTERFACES": [
            "<dd>\n <code><a href=\"../../GenericEvent.html\" title=\"interface in net.dv8tion.jda.api.events\">GenericEvent</a></code>\n</dd>"
        ]
    },
    "seeAlso": null,
    "methods": {
        "getJDA()": {
            "elementId": "getJDA()",
            "methodAnnotations": "@Nonnull",
            "methodName": "getJDA",
            "methodSignature": "@Nonnull public JDA getJDA()",
            "methodParameters": null,
            "methodReturnType": "JDA",
            "isStatic": false,
            "descriptionElements": [
                "<div class=\"block\">\n <span class=\"descfrm-type-label\">Description copied from interface:&nbsp;<code><a href=\"GenericEvent.html#getJDA()\">GenericEvent</a></code></span>\n</div>",
                "<div class=\"block\">\n The current JDA instance corresponding to this Event\n</div>"
            ],
            "deprecationElement": null,
            "details": {
                "RETURNS": [
                    "<dd>\n The corresponding JDA instance\n</dd>"
                ],
                "SPECIFIED_BY": [
                    "<dd>\n <code><a href=\"GenericEvent.html#getJDA()\">getJDA</a></code>&nbsp;in interface&nbsp;<code><a href=\"GenericEvent.html\" title=\"interface in net.dv8tion.jda.api.events\">GenericEvent</a></code>\n</dd>"
                ]
            },
            "seeAlso": null
        },
        "approveSpeaker()": {
            "elementId": "approveSpeaker()",
            "methodAnnotations": "@Nonnull @CheckReturnValue",
            "methodName": "approveSpeaker",
            "methodSignature": "@Nonnull @CheckReturnValue public RestAction<Void> approveSpeaker()",
            "methodParameters": null,
            "methodReturnType": "RestAction<Void>",
            "isStatic": false,
            "descriptionElements": [
                "<div class=\"block\">\n Promote the member to speaker. \n <p>This requires a non-null <a href=\"#getNewTime()\"><code>getNewTime()</code></a>. You can use <a href=\"../../../entities/GuildVoiceState.html#inviteSpeaker()\"><code>GuildVoiceState.inviteSpeaker()</code></a> to invite the member to become a speaker if they haven't requested to speak.</p>\n <p>This does nothing if the member is not connected to a <a href=\"../../../entities/channel/concrete/StageChannel.html\" title=\"interface in net.dv8tion.jda.api.entities.channel.concrete\"><code>StageChannel</code></a>.</p>\n</div>"
            ],
            "deprecationElement": null,
            "details": {
                "RETURNS": [
                    "<dd>\n <a href=\"../../../requests/RestAction.html\" title=\"interface in net.dv8tion.jda.api.requests\"><code>RestAction</code></a>\n</dd>"
                ],
                "THROWS": [
                    "<dd>\n <code><a href=\"../../../exceptions/InsufficientPermissionException.html\" title=\"class in net.dv8tion.jda.api.exceptions\">InsufficientPermissionException</a></code> - If the currently logged in account does not have <a href=\"../../../Permission.html#VOICE_MUTE_OTHERS\"><code>Permission.VOICE_MUTE_OTHERS</code></a> in the associated <a href=\"../../../entities/channel/concrete/StageChannel.html\" title=\"interface in net.dv8tion.jda.api.entities.channel.concrete\"><code>StageChannel</code></a>\n</dd>"
                ]
            },
            "seeAlso": null
        },
        "getResponseNumber()": {
            "elementId": "getResponseNumber()",
            "methodAnnotations": null,
            "methodName": "getResponseNumber",
            "methodSignature": "public long getResponseNumber()",
            "methodParameters": null,
            "methodReturnType": "long",
            "isStatic": false,
            "descriptionElements": [
                "<div class=\"block\">\n <span class=\"descfrm-type-label\">Description copied from interface:&nbsp;<code><a href=\"GenericEvent.html#getResponseNumber()\">GenericEvent</a></code></span>\n</div>",
                "<div class=\"block\">\n The current sequence for this event. \n <br>\n This can be used to keep events in order when making sequencing system.\n</div>"
            ],
            "deprecationElement": null,
            "details": {
                "RETURNS": [
                    "<dd>\n The current sequence number for this event\n</dd>"
                ],
                "SPECIFIED_BY": [
                    "<dd>\n <code><a href=\"GenericEvent.html#getResponseNumber()\">getResponseNumber</a></code>&nbsp;in interface&nbsp;<code><a href=\"GenericEvent.html\" title=\"interface in net.dv8tion.jda.api.events\">GenericEvent</a></code>\n</dd>"
                ]
            },
            "seeAlso": null
        },
        "getMember()": {
            "elementId": "getMember()",
            "methodAnnotations": "@Nonnull",
            "methodName": "getMember",
            "methodSignature": "@Nonnull public Member getMember()",
            "methodParameters": null,
            "methodReturnType": "Member",
            "isStatic": false,
            "descriptionElements": [
                "<div class=\"block\">\n The affected <a href=\"../../../entities/Member.html\" title=\"interface in net.dv8tion.jda.api.entities\"><code>Member</code></a>\n</div>"
            ],
            "deprecationElement": null,
            "details": {
                "RETURNS": [
                    "<dd>\n The affected Member\n</dd>"
                ]
            },
            "seeAlso": null
        },
        "toString()": {
            "elementId": "toString()",
            "methodAnnotations": null,
            "methodName": "toString",
            "methodSignature": "public String toString()",
            "methodParameters": null,
            "methodReturnType": "String",
            "isStatic": false,
            "descriptionElements": [],
            "deprecationElement": null,
            "details": {
                "OVERRIDES": [
                    "<dd>\n <code><a href=\"https://docs.oracle.com/javase/8/docs/api/java/lang/Object.html#toString--\" title=\"class or interface in java.lang\" class=\"external-link\">toString</a></code>&nbsp;in class&nbsp;<code><a href=\"https://docs.oracle.com/javase/8/docs/api/java/lang/Object.html\" title=\"class or interface in java.lang\" class=\"external-link\">Object</a></code>\n</dd>"
                ]
            },
            "seeAlso": null
        },
        "getOldTime()": {
            "elementId": "getOldTime()",
            "methodAnnotations": "@Nullable",
            "methodName": "getOldTime",
            "methodSignature": "@Nullable public OffsetDateTime getOldTime()",
            "methodParameters": null,
            "methodReturnType": "OffsetDateTime",
            "isStatic": false,
            "descriptionElements": [
                "<div class=\"block\">\n The old <a href=\"../../../entities/GuildVoiceState.html#getRequestToSpeakTimestamp()\"><code>GuildVoiceState.getRequestToSpeakTimestamp()</code></a>\n</div>"
            ],
            "deprecationElement": null,
            "details": {
                "RETURNS": [
                    "<dd>\n The old timestamp, or null if this member did not request to speak before\n</dd>"
                ]
            },
            "seeAlso": null
        },
        "getRawData()": {
            "elementId": "getRawData()",
            "methodAnnotations": "@Nullable",
            "methodName": "getRawData",
            "methodSignature": "@Nullable public DataObject getRawData()",
            "methodParameters": null,
            "methodReturnType": "DataObject",
            "isStatic": false,
            "descriptionElements": [
                "<div class=\"block\">\n <span class=\"descfrm-type-label\">Description copied from interface:&nbsp;<code><a href=\"GenericEvent.html#getRawData()\">GenericEvent</a></code></span>\n</div>",
                "<div class=\"block\">\n The passthrough data that this event was serialized from. This data might be null in rare situations, for example, if the event came from a rest action. \n <br>\n This provides the full gateway message payload, including sequence, event name and dispatch type. For details, read the official <a href=\"https://discord.dev/topics/gateway\" target=\"_blank\">Discord Documentation</a>.\n</div>"
            ],
            "deprecationElement": null,
            "details": {
                "RETURNS": [
                    "<dd>\n The corresponding <a href=\"../utils/data/DataObject.html\" title=\"class in net.dv8tion.jda.api.utils.data\"><code>DataObject</code></a>\n</dd>"
                ],
                "SPECIFIED_BY": [
                    "<dd>\n <code><a href=\"GenericEvent.html#getRawData()\">getRawData</a></code>&nbsp;in interface&nbsp;<code><a href=\"GenericEvent.html\" title=\"interface in net.dv8tion.jda.api.events\">GenericEvent</a></code>\n</dd>"
                ]
            },
            "seeAlso": null
        },
        "getVoiceState()": {
            "elementId": "getVoiceState()",
            "methodAnnotations": "@Nonnull",
            "methodName": "getVoiceState",
            "methodSignature": "@Nonnull public GuildVoiceState getVoiceState()",
            "methodParameters": null,
            "methodReturnType": "GuildVoiceState",
            "isStatic": false,
            "descriptionElements": [
                "<div class=\"block\">\n The <a href=\"../../../entities/GuildVoiceState.html\" title=\"interface in net.dv8tion.jda.api.entities\"><code>GuildVoiceState</code></a> of the member \n <br>\n Shortcut for <code>getMember().getVoiceState()</code>\n</div>"
            ],
            "deprecationElement": null,
            "details": {
                "RETURNS": [
                    "<dd>\n The <a href=\"../../../entities/GuildVoiceState.html\" title=\"interface in net.dv8tion.jda.api.entities\"><code>GuildVoiceState</code></a> of the member\n</dd>"
                ]
            },
            "seeAlso": null
        },
        "getNewTime()": {
            "elementId": "getNewTime()",
            "methodAnnotations": "@Nullable",
            "methodName": "getNewTime",
            "methodSignature": "@Nullable public OffsetDateTime getNewTime()",
            "methodParameters": null,
            "methodReturnType": "OffsetDateTime",
            "isStatic": false,
            "descriptionElements": [
                "<div class=\"block\">\n The new <a href=\"../../../entities/GuildVoiceState.html#getRequestToSpeakTimestamp()\"><code>GuildVoiceState.getRequestToSpeakTimestamp()</code></a>\n</div>"
            ],
            "deprecationElement": null,
            "details": {
                "RETURNS": [
                    "<dd>\n The new timestamp, or null if the request to speak was declined or cancelled\n</dd>"
                ]
            },
            "seeAlso": null
        },
        "getGuild()": {
            "elementId": "getGuild()",
            "methodAnnotations": "@Nonnull",
            "methodName": "getGuild",
            "methodSignature": "@Nonnull public Guild getGuild()",
            "methodParameters": null,
            "methodReturnType": "Guild",
            "isStatic": false,
            "descriptionElements": [
                "<div class=\"block\">\n The <a href=\"../../entities/Guild.html\" title=\"interface in net.dv8tion.jda.api.entities\"><code>Guild</code></a>\n</div>"
            ],
            "deprecationElement": null,
            "details": {
                "RETURNS": [
                    "<dd>\n The Guild\n</dd>"
                ]
            },
            "seeAlso": null
        },
        "<init>(net.dv8tion.jda.api.JDA,long,net.dv8tion.jda.api.entities.Member,java.time.OffsetDateTime,java.time.OffsetDateTime)": {
            "elementId": "<init>(net.dv8tion.jda.api.JDA,long,net.dv8tion.jda.api.entities.Member,java.time.OffsetDateTime,java.time.OffsetDateTime)",
            "methodAnnotations": null,
            "methodName": "GuildVoiceRequestToSpeakEvent",
            "methodSignature": "public GuildVoiceRequestToSpeakEvent(@Nonnull JDA api, long responseNumber, @Nonnull Member member, @Nullable OffsetDateTime oldTime, @Nullable OffsetDateTime newTime)",
            "methodParameters": {
                "originalText": "(@Nonnull JDA api, long responseNumber, @Nonnull Member member, @Nullable OffsetDateTime oldTime, @Nullable OffsetDateTime newTime)",
                "parameters": [
                    {
                        "annotations": [
                            "Nonnull"
                        ],
                        "type": "JDA",
                        "simpleType": "JDA",
                        "name": "api"
                    },
                    {
                        "annotations": [],
                        "type": "long",
                        "simpleType": "long",
                        "name": "responseNumber"
                    },
                    {
                        "annotations": [
                            "Nonnull"
                        ],
                        "type": "Member",
                        "simpleType": "Member",
                        "name": "member"
                    },
                    {
                        "annotations": [
                            "Nullable"
                        ],
                        "type": "OffsetDateTime",
                        "simpleType": "OffsetDateTime",
                        "name": "oldTime"
                    },
                    {
                        "annotations": [
                            "Nullable"
                        ],
                        "type": "OffsetDateTime",
                        "simpleType": "OffsetDateTime",
                        "name": "newTime"
                    }
                ]
            },
            "methodReturnType": "GuildVoiceRequestToSpeakEvent",
            "isStatic": false,
            "descriptionElements": [],
            "deprecationElement": null,
            "details": {},
            "seeAlso": null
        },
        "declineSpeaker()": {
            "elementId": "declineSpeaker()",
            "methodAnnotations": "@Nonnull @CheckReturnValue",
            "methodName": "declineSpeaker",
            "methodSignature": "@Nonnull @CheckReturnValue public RestAction<Void> declineSpeaker()",
            "methodParameters": null,
            "methodReturnType": "RestAction<Void>",
            "isStatic": false,
            "descriptionElements": [
                "<div class=\"block\">\n Reject this members <a href=\"../../../entities/GuildVoiceState.html#getRequestToSpeakTimestamp()\"><code>request to speak</code></a>. \n <p>This requires a non-null <a href=\"#getNewTime()\"><code>getNewTime()</code></a>. The member will have to request to speak again.</p>\n <p>This does nothing if the member is not connected to a <a href=\"../../../entities/channel/concrete/StageChannel.html\" title=\"interface in net.dv8tion.jda.api.entities.channel.concrete\"><code>StageChannel</code></a>.</p>\n</div>"
            ],
            "deprecationElement": null,
            "details": {
                "RETURNS": [
                    "<dd>\n <a href=\"../../../requests/RestAction.html\" title=\"interface in net.dv8tion.jda.api.requests\"><code>RestAction</code></a>\n</dd>"
                ],
                "THROWS": [
                    "<dd>\n <code><a href=\"../../../exceptions/InsufficientPermissionException.html\" title=\"class in net.dv8tion.jda.api.exceptions\">InsufficientPermissionException</a></code> - If the currently logged in account does not have <a href=\"../../../Permission.html#VOICE_MUTE_OTHERS\"><code>Permission.VOICE_MUTE_OTHERS</code></a> in the associated <a href=\"../../../entities/channel/concrete/StageChannel.html\" title=\"interface in net.dv8tion.jda.api.entities.channel.concrete\"><code>StageChannel</code></a>\n</dd>"
                ]
            },
            "seeAlso": null
        }
    },
    "fields": {}
}