{
    "classNameFqcn": "net.dv8tion.jda.api.events.guild.voice.GuildVoiceUpdateEvent",
    "descriptionElements": [
        "<div class=\"block\">\n Indicates that a <a href=\"../../../entities/Member.html\" title=\"interface in net.dv8tion.jda.api.entities\"><code>Member</code></a> joined or left an <a href=\"../../../entities/channel/middleman/AudioChannel.html\" title=\"interface in net.dv8tion.jda.api.entities.channel.middleman\"><code>AudioChannel</code></a>.\n <p>Can be used to detect when a Member leaves/joins an AudioChannel.</p>\n <p><b>Example</b>\n  <br></p>\n <pre><code>\n AudioChannelUnion joinedChannel = event.getChannelJoined();\n AudioChannelUnion leftChannel = event.getChannelLeft();\n\n if (joinedChannel != null) {\n   // the member joined an audio channel\n }\n if (leftChannel != null) {\n   // the member left an audio channel\n }\n if (joinedChannel != null &amp;&amp; leftChannel != null) {\n   // the member moved between two audio channels in the same guild\n }\n </code></pre>\n <p><b>Requirements</b>\n  <br></p>\n <p>This event requires the <a href=\"../../../utils/cache/CacheFlag.html#VOICE_STATE\"><code>VOICE_STATE</code></a> CacheFlag to be enabled, which requires the <a href=\"../../../requests/GatewayIntent.html#GUILD_VOICE_STATES\"><code>GUILD_VOICE_STATES</code></a> intent.\n  <br>\n  <a href=\"../../../JDABuilder.html#createLight(java.lang.String)\"><code>createLight(String)</code></a> disables that CacheFlag by default!</p>\n <p>Identifier: <code>audio-channel</code></p>\n</div>"
    ],
    "deprecationElement": null,
    "details": {
        "ALL_IMPLEMENTED_INTERFACES": [
            "<dd>\n <code><a href=\"../../GenericEvent.html\" title=\"interface in net.dv8tion.jda.api.events\">GenericEvent</a></code>, <code><a href=\"../../UpdateEvent.html\" title=\"interface in net.dv8tion.jda.api.events\">UpdateEvent</a>&lt;<a href=\"../../../entities/Member.html\" title=\"interface in net.dv8tion.jda.api.entities\">Member</a>,<wbr><a href=\"../../../entities/channel/middleman/AudioChannel.html\" title=\"interface in net.dv8tion.jda.api.entities.channel.middleman\">AudioChannel</a>&gt;</code>\n</dd>"
        ]
    },
    "seeAlso": null,
    "methods": {
        "getJDA()": {
            "elementId": "getJDA()",
            "methodAnnotations": "@Nonnull",
            "methodName": "getJDA",
            "methodSignature": "@Nonnull JDA getJDA()",
            "parameters": [],
            "methodReturnType": "JDA",
            "isStatic": false,
            "descriptionElements": [
                "<div class=\"block\">The current JDA instance corresponding to this Event</div>"
            ],
            "deprecationElement": null,
            "details": {
                "RETURNS": [
                    "<dd>The corresponding JDA instance</dd>"
                ]
            },
            "seeAlso": null
        },
        "getEntityType()": {
            "elementId": "getEntityType()",
            "methodAnnotations": "@Nonnull",
            "methodName": "getEntityType",
            "methodSignature": "@Nonnull default Class<E> getEntityType()",
            "parameters": [],
            "methodReturnType": "Class<E>",
            "isStatic": false,
            "descriptionElements": [
                "<div class=\"block\">Class representation of the affected entity, useful when dealing with refection.</div>"
            ],
            "deprecationElement": null,
            "details": {
                "RETURNS": [
                    "<dd>The class of the affected entity</dd>"
                ]
            },
            "seeAlso": null
        },
        "getPropertyIdentifier()": {
            "elementId": "getPropertyIdentifier()",
            "methodAnnotations": "@Nonnull",
            "methodName": "getPropertyIdentifier",
            "methodSignature": "@Nonnull public String getPropertyIdentifier()",
            "parameters": [],
            "methodReturnType": "String",
            "isStatic": false,
            "descriptionElements": [
                "<div class=\"block\">\n <span class=\"descfrm-type-label\">Description copied from interface:&nbsp;<code><a href=\"../../UpdateEvent.html#getPropertyIdentifier()\">UpdateEvent</a></code></span>\n</div>",
                "<div class=\"block\">\n The field name for the updated property\n <p><b>Example</b>\n  <br></p>\n <pre><code>\n @Override\n public void onGenericRoleUpdate(GenericRoleUpdateEvent event)\n {\n     switch (event.getPropertyIdentifier())\n     {\n     case RoleUpdateColorEvent.IDENTIFIER:\n         System.out.printf(\"Updated color for role: %s%n\", event);\n         break;\n     case RoleUpdatePositionEvent.IDENTIFIER:\n         RoleUpdatePositionEvent update = (RoleUpdatePositionEvent) event;\n         System.out.printf(\"Updated position for role: %s raw(%s-&gt;%s)%n\", event, update.getOldPositionRaw(), update.getNewPositionRaw());\n         break;\n     default: return;\n     }\n }\n </code></pre>\n</div>"
            ],
            "deprecationElement": null,
            "details": {
                "RETURNS": [
                    "<dd>The name of the updated property</dd>"
                ],
                "SPECIFIED_BY": [
                    "<dd>\n <code><a href=\"../../UpdateEvent.html#getPropertyIdentifier()\">getPropertyIdentifier</a></code>&nbsp;in interface&nbsp;<code><a href=\"../../UpdateEvent.html\" title=\"interface in net.dv8tion.jda.api.events\">UpdateEvent</a>&lt;<a href=\"../../../entities/Member.html\" title=\"interface in net.dv8tion.jda.api.entities\">Member</a>,<wbr><a href=\"../../../entities/channel/middleman/AudioChannel.html\" title=\"interface in net.dv8tion.jda.api.entities.channel.middleman\">AudioChannel</a>&gt;</code>\n</dd>"
                ]
            },
            "seeAlso": null
        },
        "getResponseNumber()": {
            "elementId": "getResponseNumber()",
            "methodAnnotations": null,
            "methodName": "getResponseNumber",
            "methodSignature": "long getResponseNumber()",
            "parameters": [],
            "methodReturnType": "long",
            "isStatic": false,
            "descriptionElements": [
                "<div class=\"block\">\n The current sequence for this event.\n <br>\n This can be used to keep events in order when making sequencing system.\n</div>"
            ],
            "deprecationElement": null,
            "details": {
                "RETURNS": [
                    "<dd>The current sequence number for this event</dd>"
                ]
            },
            "seeAlso": null
        },
        "toString()": {
            "elementId": "toString()",
            "methodAnnotations": null,
            "methodName": "toString",
            "methodSignature": "public String toString()",
            "parameters": [],
            "methodReturnType": "String",
            "isStatic": false,
            "descriptionElements": [],
            "deprecationElement": null,
            "details": {
                "OVERRIDES": [
                    "<dd>\n <code><a href=\"https://docs.oracle.com/javase/8/docs/api/java/lang/Object.html#toString--\" title=\"class or interface in java.lang\" class=\"external-link\">toString</a></code>&nbsp;in class&nbsp;<code><a href=\"https://docs.oracle.com/javase/8/docs/api/java/lang/Object.html\" title=\"class or interface in java.lang\" class=\"external-link\">Object</a></code>\n</dd>"
                ]
            },
            "seeAlso": null
        },
        "getRawData()": {
            "elementId": "getRawData()",
            "methodAnnotations": "@Nullable",
            "methodName": "getRawData",
            "methodSignature": "@Nullable DataObject getRawData()",
            "parameters": [],
            "methodReturnType": "DataObject",
            "isStatic": false,
            "descriptionElements": [
                "<div class=\"block\">\n The passthrough data that this event was serialized from. This data might be null in rare situations, for example, if the event came from a rest action.\n <br>\n This provides the full gateway message payload, including sequence, event name and dispatch type. For details, read the official <a href=\"https://discord.dev/topics/gateway\" target=\"_blank\">Discord Documentation</a>.\n</div>"
            ],
            "deprecationElement": null,
            "details": {
                "RETURNS": [
                    "<dd>\n The corresponding <a href=\"../utils/data/DataObject.html\" title=\"class in net.dv8tion.jda.api.utils.data\"><code>DataObject</code></a>\n</dd>"
                ],
                "THROWS": [
                    "<dd>\n <code><a href=\"https://docs.oracle.com/javase/8/docs/api/java/lang/IllegalStateException.html\" title=\"class or interface in java.lang\" class=\"external-link\">IllegalStateException</a></code> - If event passthrough was not enabled, see <a href=\"../JDABuilder.html#setEventPassthrough(boolean)\"><code>JDABuilder#setEventPassthrough(boolean)</code></a>\n</dd>"
                ]
            },
            "seeAlso": null
        },
        "getNewValue()": {
            "elementId": "getNewValue()",
            "methodAnnotations": "@Nullable",
            "methodName": "getNewValue",
            "methodSignature": "@Nullable public AudioChannel getNewValue()",
            "parameters": [],
            "methodReturnType": "AudioChannel",
            "isStatic": false,
            "descriptionElements": [
                "<div class=\"block\">\n <span class=\"descfrm-type-label\">Description copied from interface:&nbsp;<code><a href=\"../../UpdateEvent.html#getNewValue()\">UpdateEvent</a></code></span>\n</div>",
                "<div class=\"block\">The new value</div>"
            ],
            "deprecationElement": null,
            "details": {
                "RETURNS": [
                    "<dd>The new value</dd>"
                ],
                "SPECIFIED_BY": [
                    "<dd>\n <code><a href=\"../../UpdateEvent.html#getNewValue()\">getNewValue</a></code>&nbsp;in interface&nbsp;<code><a href=\"../../UpdateEvent.html\" title=\"interface in net.dv8tion.jda.api.events\">UpdateEvent</a>&lt;<a href=\"../../../entities/Member.html\" title=\"interface in net.dv8tion.jda.api.entities\">Member</a>,<wbr><a href=\"../../../entities/channel/middleman/AudioChannel.html\" title=\"interface in net.dv8tion.jda.api.entities.channel.middleman\">AudioChannel</a>&gt;</code>\n</dd>"
                ]
            },
            "seeAlso": null
        },
        "getGuild()": {
            "elementId": "getGuild()",
            "methodAnnotations": "@Nonnull",
            "methodName": "getGuild",
            "methodSignature": "@Nonnull public Guild getGuild()",
            "parameters": [],
            "methodReturnType": "Guild",
            "isStatic": false,
            "descriptionElements": [
                "<div class=\"block\">\n The <a href=\"../../entities/Guild.html\" title=\"interface in net.dv8tion.jda.api.entities\"><code>Guild</code></a>\n</div>"
            ],
            "deprecationElement": null,
            "details": {
                "RETURNS": [
                    "<dd>The Guild</dd>"
                ]
            },
            "seeAlso": null
        },
        "getChannelLeft()": {
            "elementId": "getChannelLeft()",
            "methodAnnotations": "@Nullable",
            "methodName": "getChannelLeft",
            "methodSignature": "@Nullable public AudioChannelUnion getChannelLeft()",
            "parameters": [],
            "methodReturnType": "AudioChannelUnion",
            "isStatic": false,
            "descriptionElements": [
                "<div class=\"block\">\n The <a href=\"../../../entities/channel/unions/AudioChannelUnion.html\" title=\"interface in net.dv8tion.jda.api.entities.channel.unions\"><code>AudioChannelUnion</code></a> that the <a href=\"../../../entities/Member.html\" title=\"interface in net.dv8tion.jda.api.entities\"><code>Member</code></a> is moved from\n</div>"
            ],
            "deprecationElement": null,
            "details": {
                "RETURNS": [
                    "<dd>\n The <a href=\"../../../entities/channel/unions/AudioChannelUnion.html\" title=\"interface in net.dv8tion.jda.api.entities.channel.unions\"><code>AudioChannelUnion</code></a>, or <code>null</code> if the member was not connected to a channel before\n</dd>"
                ]
            },
            "seeAlso": null
        },
        "getOldValue()": {
            "elementId": "getOldValue()",
            "methodAnnotations": "@Nullable",
            "methodName": "getOldValue",
            "methodSignature": "@Nullable public AudioChannel getOldValue()",
            "parameters": [],
            "methodReturnType": "AudioChannel",
            "isStatic": false,
            "descriptionElements": [
                "<div class=\"block\">\n <span class=\"descfrm-type-label\">Description copied from interface:&nbsp;<code><a href=\"../../UpdateEvent.html#getOldValue()\">UpdateEvent</a></code></span>\n</div>",
                "<div class=\"block\">The old value</div>"
            ],
            "deprecationElement": null,
            "details": {
                "RETURNS": [
                    "<dd>The old value</dd>"
                ],
                "SPECIFIED_BY": [
                    "<dd>\n <code><a href=\"../../UpdateEvent.html#getOldValue()\">getOldValue</a></code>&nbsp;in interface&nbsp;<code><a href=\"../../UpdateEvent.html\" title=\"interface in net.dv8tion.jda.api.events\">UpdateEvent</a>&lt;<a href=\"../../../entities/Member.html\" title=\"interface in net.dv8tion.jda.api.entities\">Member</a>,<wbr><a href=\"../../../entities/channel/middleman/AudioChannel.html\" title=\"interface in net.dv8tion.jda.api.entities.channel.middleman\">AudioChannel</a>&gt;</code>\n</dd>"
                ]
            },
            "seeAlso": null
        },
        "getEntity()": {
            "elementId": "getEntity()",
            "methodAnnotations": "@Nonnull",
            "methodName": "getEntity",
            "methodSignature": "@Nonnull public Member getEntity()",
            "parameters": [],
            "methodReturnType": "Member",
            "isStatic": false,
            "descriptionElements": [
                "<div class=\"block\">\n <span class=\"descfrm-type-label\">Description copied from interface:&nbsp;<code><a href=\"../../UpdateEvent.html#getEntity()\">UpdateEvent</a></code></span>\n</div>",
                "<div class=\"block\">The affected entity</div>"
            ],
            "deprecationElement": null,
            "details": {
                "RETURNS": [
                    "<dd>The affected entity</dd>"
                ],
                "SPECIFIED_BY": [
                    "<dd>\n <code><a href=\"../../UpdateEvent.html#getEntity()\">getEntity</a></code>&nbsp;in interface&nbsp;<code><a href=\"../../UpdateEvent.html\" title=\"interface in net.dv8tion.jda.api.events\">UpdateEvent</a>&lt;<a href=\"../../../entities/Member.html\" title=\"interface in net.dv8tion.jda.api.entities\">Member</a>,<wbr><a href=\"../../../entities/channel/middleman/AudioChannel.html\" title=\"interface in net.dv8tion.jda.api.entities.channel.middleman\">AudioChannel</a>&gt;</code>\n</dd>"
                ]
            },
            "seeAlso": null
        },
        "getMember()": {
            "elementId": "getMember()",
            "methodAnnotations": "@Nonnull",
            "methodName": "getMember",
            "methodSignature": "@Nonnull public Member getMember()",
            "parameters": [],
            "methodReturnType": "Member",
            "isStatic": false,
            "descriptionElements": [
                "<div class=\"block\">\n The affected <a href=\"../../../entities/Member.html\" title=\"interface in net.dv8tion.jda.api.entities\"><code>Member</code></a>\n</div>"
            ],
            "deprecationElement": null,
            "details": {
                "RETURNS": [
                    "<dd>The affected Member</dd>"
                ]
            },
            "seeAlso": null
        },
        "getChannelJoined()": {
            "elementId": "getChannelJoined()",
            "methodAnnotations": "@Nullable",
            "methodName": "getChannelJoined",
            "methodSignature": "@Nullable public AudioChannelUnion getChannelJoined()",
            "parameters": [],
            "methodReturnType": "AudioChannelUnion",
            "isStatic": false,
            "descriptionElements": [
                "<div class=\"block\">\n The <a href=\"../../../entities/channel/unions/AudioChannelUnion.html\" title=\"interface in net.dv8tion.jda.api.entities.channel.unions\"><code>AudioChannelUnion</code></a> that was joined\n</div>"
            ],
            "deprecationElement": null,
            "details": {
                "RETURNS": [
                    "<dd>\n The <a href=\"../../../entities/channel/unions/AudioChannelUnion.html\" title=\"interface in net.dv8tion.jda.api.entities.channel.unions\"><code>AudioChannelUnion</code></a>, or <code>null</code> if the member has disconnected\n</dd>"
                ]
            },
            "seeAlso": null
        },
        "getVoiceState()": {
            "elementId": "getVoiceState()",
            "methodAnnotations": "@Nonnull",
            "methodName": "getVoiceState",
            "methodSignature": "@Nonnull public GuildVoiceState getVoiceState()",
            "parameters": [],
            "methodReturnType": "GuildVoiceState",
            "isStatic": false,
            "descriptionElements": [
                "<div class=\"block\">\n The <a href=\"../../../entities/GuildVoiceState.html\" title=\"interface in net.dv8tion.jda.api.entities\"><code>GuildVoiceState</code></a> of the member\n <br>\n Shortcut for <code>getMember().getVoiceState()</code>\n</div>"
            ],
            "deprecationElement": null,
            "details": {
                "RETURNS": [
                    "<dd>\n The <a href=\"../../../entities/GuildVoiceState.html\" title=\"interface in net.dv8tion.jda.api.entities\"><code>GuildVoiceState</code></a> of the member\n</dd>"
                ]
            },
            "seeAlso": null
        },
        "<init>(net.dv8tion.jda.api.JDA,long,net.dv8tion.jda.api.entities.Member,net.dv8tion.jda.api.entities.channel.middleman.AudioChannel)": {
            "elementId": "<init>(net.dv8tion.jda.api.JDA,long,net.dv8tion.jda.api.entities.Member,net.dv8tion.jda.api.entities.channel.middleman.AudioChannel)",
            "methodAnnotations": null,
            "methodName": "GuildVoiceUpdateEvent",
            "methodSignature": "public GuildVoiceUpdateEvent(@Nonnull JDA api, long responseNumber, @Nonnull Member member, @Nullable AudioChannel previous)",
            "parameters": [
                {
                    "annotations": [
                        "Nonnull"
                    ],
                    "type": "net.dv8tion.jda.api.JDA",
                    "simpleType": "JDA",
                    "name": "api"
                },
                {
                    "annotations": [],
                    "type": "long",
                    "simpleType": "long",
                    "name": "responseNumber"
                },
                {
                    "annotations": [
                        "Nonnull"
                    ],
                    "type": "net.dv8tion.jda.api.entities.Member",
                    "simpleType": "Member",
                    "name": "member"
                },
                {
                    "annotations": [
                        "Nullable"
                    ],
                    "type": "net.dv8tion.jda.api.entities.channel.middleman.AudioChannel",
                    "simpleType": "AudioChannel",
                    "name": "previous"
                }
            ],
            "methodReturnType": "GuildVoiceUpdateEvent",
            "isStatic": false,
            "descriptionElements": [],
            "deprecationElement": null,
            "details": {},
            "seeAlso": null
        }
    },
    "fields": {
        "IDENTIFIER": {
            "elementId": "IDENTIFIER",
            "fieldName": "IDENTIFIER",
            "fieldType": "String",
            "fieldValue": "\"audio-channel\"",
            "descriptionElements": [],
            "deprecationElement": null,
            "modifiers": "public static final"
        }
    }
}