{
    "classNameFqcn": "net.dv8tion.jda.api.entities.channel.ChannelFlag",
    "descriptionElements": [
        "<div class=\"block\">\n Flags for specific channel settings.\n</div>"
    ],
    "deprecationElement": null,
    "details": {
        "ALL_IMPLEMENTED_INTERFACES": [
            "<dd>\n <code><a href=\"https://docs.oracle.com/javase/8/docs/api/java/io/Serializable.html\" title=\"class or interface in java.io\" class=\"external-link\">Serializable</a></code>, <code><a href=\"https://docs.oracle.com/javase/8/docs/api/java/lang/Comparable.html\" title=\"class or interface in java.lang\" class=\"external-link\">Comparable</a>&lt;<a href=\"ChannelFlag.html\" title=\"enum in net.dv8tion.jda.api.entities.channel\">ChannelFlag</a>&gt;</code>\n</dd>"
        ]
    },
    "seeAlso": null,
    "methods": {
        "values()": {
            "elementId": "values()",
            "methodAnnotations": null,
            "methodName": "values",
            "methodSignature": "public static ChannelFlag[] values()",
            "parameters": [],
            "methodReturnType": "ChannelFlag[]",
            "isStatic": true,
            "descriptionElements": [
                "<div class=\"block\">\n Returns an array containing the constants of this enum type, in the order they are declared.\n</div>"
            ],
            "deprecationElement": null,
            "details": {
                "RETURNS": [
                    "<dd>\n an array containing the constants of this enum type, in the order they are declared\n</dd>"
                ]
            },
            "seeAlso": null
        },
        "valueOf(java.lang.String)": {
            "elementId": "valueOf(java.lang.String)",
            "methodAnnotations": null,
            "methodName": "valueOf",
            "methodSignature": "public static ChannelFlag valueOf(String name)",
            "parameters": [
                {
                    "annotations": [],
                    "type": "java.lang.String",
                    "simpleType": "String",
                    "name": "name"
                }
            ],
            "methodReturnType": "ChannelFlag",
            "isStatic": true,
            "descriptionElements": [
                "<div class=\"block\">\n Returns the enum constant of this type with the specified name. The string must match <i>exactly</i> an identifier used to declare an enum constant in this type. (Extraneous whitespace characters are not permitted.)\n</div>"
            ],
            "deprecationElement": null,
            "details": {
                "PARAMETERS": [
                    "<dd>\n <code>name</code> - the name of the enum constant to be returned.\n</dd>"
                ],
                "RETURNS": [
                    "<dd>\n the enum constant with the specified name\n</dd>"
                ],
                "THROWS": [
                    "<dd>\n <code><a href=\"https://docs.oracle.com/javase/8/docs/api/java/lang/IllegalArgumentException.html\" title=\"class or interface in java.lang\" class=\"external-link\">IllegalArgumentException</a></code> - if this enum type has no constant with the specified name\n</dd>",
                    "<dd>\n <code><a href=\"https://docs.oracle.com/javase/8/docs/api/java/lang/NullPointerException.html\" title=\"class or interface in java.lang\" class=\"external-link\">NullPointerException</a></code> - if the argument is null\n</dd>"
                ]
            },
            "seeAlso": null
        },
        "getRaw()": {
            "elementId": "getRaw()",
            "methodAnnotations": null,
            "methodName": "getRaw",
            "methodSignature": "public int getRaw()",
            "parameters": [],
            "methodReturnType": "int",
            "isStatic": false,
            "descriptionElements": [
                "<div class=\"block\">\n The raw bitset value of this flag.\n</div>"
            ],
            "deprecationElement": null,
            "details": {
                "RETURNS": [
                    "<dd>\n The raw value\n</dd>"
                ]
            },
            "seeAlso": null
        },
        "fromRaw(int)": {
            "elementId": "fromRaw(int)",
            "methodAnnotations": "@Nonnull",
            "methodName": "fromRaw",
            "methodSignature": "@Nonnull public static EnumSet<ChannelFlag> fromRaw(int bitset)",
            "parameters": [
                {
                    "annotations": [],
                    "type": "int",
                    "simpleType": "int",
                    "name": "bitset"
                }
            ],
            "methodReturnType": "EnumSet<ChannelFlag>",
            "isStatic": true,
            "descriptionElements": [
                "<div class=\"block\">\n Parses the provided bitset to the corresponding enum constants.\n</div>"
            ],
            "deprecationElement": null,
            "details": {
                "PARAMETERS": [
                    "<dd>\n <code>bitset</code> - The bitset of channel flags\n</dd>"
                ],
                "RETURNS": [
                    "<dd>\n The enum constants of the provided bitset\n</dd>"
                ]
            },
            "seeAlso": null
        },
        "getRaw(java.util.Collection)": {
            "elementId": "getRaw(java.util.Collection)",
            "methodAnnotations": null,
            "methodName": "getRaw",
            "methodSignature": "public static int getRaw(@Nonnull Collection<ChannelFlag> flags)",
            "parameters": [
                {
                    "annotations": [
                        "Nonnull"
                    ],
                    "type": "java.util.Collection",
                    "simpleType": "Collection",
                    "name": "flags"
                }
            ],
            "methodReturnType": "int",
            "isStatic": true,
            "descriptionElements": [
                "<div class=\"block\">\n The raw bitset value for the provided flags.\n</div>"
            ],
            "deprecationElement": null,
            "details": {
                "RETURNS": [
                    "<dd>\n The raw value\n</dd>"
                ]
            },
            "seeAlso": null
        }
    },
    "fields": {
        "HIDE_MEDIA_DOWNLOAD_OPTIONS": {
            "elementId": "HIDE_MEDIA_DOWNLOAD_OPTIONS",
            "fieldName": "HIDE_MEDIA_DOWNLOAD_OPTIONS",
            "fieldType": "ChannelFlag",
            "fieldValue": null,
            "descriptionElements": [
                "<div class=\"block\">\n This is a <a href=\"concrete/MediaChannel.html\" title=\"interface in net.dv8tion.jda.api.entities.channel.concrete\"><code>MediaChannel</code></a> which hides the copy embed option.\n</div>"
            ],
            "deprecationElement": null,
            "modifiers": "public static final"
        },
        "REQUIRE_TAG": {
            "elementId": "REQUIRE_TAG",
            "fieldName": "REQUIRE_TAG",
            "fieldType": "ChannelFlag",
            "fieldValue": null,
            "descriptionElements": [
                "<div class=\"block\">\n This is a <a href=\"concrete/ForumChannel.html\" title=\"interface in net.dv8tion.jda.api.entities.channel.concrete\"><code>ForumChannel</code></a> which requires all new post threads to have at least one applied tag.\n</div>"
            ],
            "deprecationElement": null,
            "modifiers": "public static final"
        },
        "PINNED": {
            "elementId": "PINNED",
            "fieldName": "PINNED",
            "fieldType": "ChannelFlag",
            "fieldValue": null,
            "descriptionElements": [
                "<div class=\"block\">\n This is a forum post <a href=\"concrete/ThreadChannel.html\" title=\"interface in net.dv8tion.jda.api.entities.channel.concrete\"><code>ThreadChannel</code></a> which is pinned in the <a href=\"concrete/ForumChannel.html\" title=\"interface in net.dv8tion.jda.api.entities.channel.concrete\"><code>ForumChannel</code></a>.\n</div>"
            ],
            "deprecationElement": null,
            "modifiers": "public static final"
        }
    }
}