{
    "classNameFqcn": "net.dv8tion.jda.api.entities.templates.TemplateChannel.PermissionOverride",
    "descriptionElements": [
        "<div class=\"block\">\n Represents the specific <a href=\"TemplateRole.html\" title=\"class in net.dv8tion.jda.api.entities.templates\"><code>Role</code></a> permission overrides that can be set for channels.\n</div>"
    ],
    "deprecationElement": null,
    "details": {
        "SEE_ALSO": [
            "<dd>\n <ul class=\"see-list-long\">\n  <li><a href=\"TemplateChannel.html#getPermissionOverrides()\"><code>TemplateChannel.getPermissionOverrides()</code></a></li>\n </ul>\n</dd>"
        ],
        "ALL_IMPLEMENTED_INTERFACES": [
            "<dd>\n <code><a href=\"../ISnowflake.html\" title=\"interface in net.dv8tion.jda.api.entities\">ISnowflake</a></code>\n</dd>"
        ],
        "ENCLOSING_CLASS": [
            "<dd>\n <a href=\"TemplateChannel.html\" title=\"class in net.dv8tion.jda.api.entities.templates\">TemplateChannel</a>\n</dd>"
        ]
    },
    "seeAlso": {
        "references": [
            {
                "text": "TemplateChannel#getPermissionOverrides()",
                "link": "https://docs.jda.wiki/net/dv8tion/jda/api/entities/templates/TemplateChannel.html#getPermissionOverrides()",
                "targetType": "METHOD",
                "fullSignature": "TemplateChannel#getPermissionOverrides()"
            }
        ]
    },
    "methods": {
        "getId()": {
            "elementId": "getId()",
            "methodAnnotations": "@Nonnull",
            "methodName": "getId",
            "methodSignature": "@Nonnull default String getId()",
            "methodParameters": null,
            "methodReturnType": "String",
            "isStatic": false,
            "descriptionElements": [
                "<div class=\"block\">\n The Snowflake id of this entity. This is unique to every entity and will never change.\n</div>"
            ],
            "deprecationElement": null,
            "details": {
                "RETURNS": [
                    "<dd>\n Never-null String containing the Id.\n</dd>"
                ]
            },
            "seeAlso": null
        },
        "getAllowed()": {
            "elementId": "getAllowed()",
            "methodAnnotations": "@Nonnull",
            "methodName": "getAllowed",
            "methodSignature": "@Nonnull public EnumSet<Permission> getAllowed()",
            "methodParameters": null,
            "methodReturnType": "EnumSet<Permission>",
            "isStatic": false,
            "descriptionElements": [
                "<div class=\"block\">\n EnumSet of all <a href=\"../../Permission.html\" title=\"enum in net.dv8tion.jda.api\"><code>Permissions</code></a> that are specifically allowed by this override. \n <br><u>Changes to the returned set do not affect this entity directly.</u>\n</div>"
            ],
            "deprecationElement": null,
            "details": {
                "RETURNS": [
                    "<dd>\n Possibly-empty set of allowed <a href=\"../../Permission.html\" title=\"enum in net.dv8tion.jda.api\"><code>Permissions</code></a>.\n</dd>"
                ]
            },
            "seeAlso": null
        },
        "getDenied()": {
            "elementId": "getDenied()",
            "methodAnnotations": "@Nonnull",
            "methodName": "getDenied",
            "methodSignature": "@Nonnull public EnumSet<Permission> getDenied()",
            "methodParameters": null,
            "methodReturnType": "EnumSet<Permission>",
            "isStatic": false,
            "descriptionElements": [
                "<div class=\"block\">\n EnumSet of all <a href=\"../../Permission.html\" title=\"enum in net.dv8tion.jda.api\"><code>Permissions</code></a> that are denied by this override. \n <br><u>Changes to the returned set do not affect this entity directly.</u>\n</div>"
            ],
            "deprecationElement": null,
            "details": {
                "RETURNS": [
                    "<dd>\n Possibly-empty set of denied <a href=\"../../Permission.html\" title=\"enum in net.dv8tion.jda.api\"><code>Permissions</code></a>.\n</dd>"
                ]
            },
            "seeAlso": null
        },
        "getInheritRaw()": {
            "elementId": "getInheritRaw()",
            "methodAnnotations": null,
            "methodName": "getInheritRaw",
            "methodSignature": "public long getInheritRaw()",
            "methodParameters": null,
            "methodReturnType": "long",
            "isStatic": false,
            "descriptionElements": [
                "<div class=\"block\">\n This is the raw binary representation (as a base 10 long) of the permissions <b>not affected</b> by this override. \n <br>\n The long relates to the offsets used by each <a href=\"../../Permission.html\" title=\"enum in net.dv8tion.jda.api\"><code>Permission</code></a>.\n</div>"
            ],
            "deprecationElement": null,
            "details": {
                "RETURNS": [
                    "<dd>\n Never-negative long containing the binary representation of the unaffected permissions of this override.\n</dd>"
                ]
            },
            "seeAlso": null
        },
        "<init>(long,long,long)": {
            "elementId": "<init>(long,long,long)",
            "methodAnnotations": null,
            "methodName": "PermissionOverride",
            "methodSignature": "public PermissionOverride(long id, long allow, long deny)",
            "methodParameters": {
                "originalText": "(long id, long allow, long deny)",
                "parameters": [
                    {
                        "annotations": [],
                        "type": "long",
                        "simpleType": "long",
                        "name": "id"
                    },
                    {
                        "annotations": [],
                        "type": "long",
                        "simpleType": "long",
                        "name": "allow"
                    },
                    {
                        "annotations": [],
                        "type": "long",
                        "simpleType": "long",
                        "name": "deny"
                    }
                ]
            },
            "methodReturnType": "TemplateChannel.PermissionOverride",
            "isStatic": false,
            "descriptionElements": [],
            "deprecationElement": null,
            "details": {},
            "seeAlso": null
        },
        "getTimeCreated()": {
            "elementId": "getTimeCreated()",
            "methodAnnotations": "@Nonnull",
            "methodName": "getTimeCreated",
            "methodSignature": "@Nonnull public OffsetDateTime getTimeCreated()",
            "methodParameters": null,
            "methodReturnType": "OffsetDateTime",
            "isStatic": false,
            "descriptionElements": [
                "<div class=\"block\">\n As the ids of roles are their position, the date of creation cannot be calculated.\n</div>"
            ],
            "deprecationElement": null,
            "details": {
                "RETURNS": [
                    "<dd>\n OffsetDateTime - Time this entity was created at.\n</dd>"
                ],
                "SEE_ALSO": [
                    "<dd>\n <ul class=\"see-list\">\n  <li><a href=\"../../utils/TimeUtil.html#getTimeCreated(long)\"><code>TimeUtil.getTimeCreated(long)</code></a></li>\n </ul>\n</dd>"
                ],
                "SPECIFIED_BY": [
                    "<dd>\n <code><a href=\"../ISnowflake.html#getTimeCreated()\">getTimeCreated</a></code>&nbsp;in interface&nbsp;<code><a href=\"../ISnowflake.html\" title=\"interface in net.dv8tion.jda.api.entities\">ISnowflake</a></code>\n</dd>"
                ],
                "THROWS": [
                    "<dd>\n <code><a href=\"https://docs.oracle.com/javase/8/docs/api/java/lang/UnsupportedOperationException.html\" title=\"class or interface in java.lang\" class=\"external-link\">UnsupportedOperationException</a></code> - The date of creation cannot be calculated.\n</dd>"
                ]
            },
            "seeAlso": {
                "references": [
                    {
                        "text": "TimeUtil#getTimeCreated(long)",
                        "link": "https://docs.jda.wiki/net/dv8tion/jda/api/utils/TimeUtil.html#getTimeCreated(long)",
                        "targetType": "METHOD",
                        "fullSignature": "TimeUtil#getTimeCreated(long)"
                    }
                ]
            }
        },
        "getIdLong()": {
            "elementId": "getIdLong()",
            "methodAnnotations": null,
            "methodName": "getIdLong",
            "methodSignature": "public long getIdLong()",
            "methodParameters": null,
            "methodReturnType": "long",
            "isStatic": false,
            "descriptionElements": [
                "<div class=\"block\">\n The ids of roles are their position as stored by Discord so this will not look like a typical snowflake.\n</div>"
            ],
            "deprecationElement": null,
            "details": {
                "RETURNS": [
                    "<dd>\n The id for the role this override is for\n</dd>"
                ],
                "SPECIFIED_BY": [
                    "<dd>\n <code><a href=\"../ISnowflake.html#getIdLong()\">getIdLong</a></code>&nbsp;in interface&nbsp;<code><a href=\"../ISnowflake.html\" title=\"interface in net.dv8tion.jda.api.entities\">ISnowflake</a></code>\n</dd>"
                ]
            },
            "seeAlso": null
        },
        "getAllowedRaw()": {
            "elementId": "getAllowedRaw()",
            "methodAnnotations": null,
            "methodName": "getAllowedRaw",
            "methodSignature": "public long getAllowedRaw()",
            "methodParameters": null,
            "methodReturnType": "long",
            "isStatic": false,
            "descriptionElements": [
                "<div class=\"block\">\n This is the raw binary representation (as a base 10 long) of the permissions <b>allowed</b> by this override. \n <br>\n The long relates to the offsets used by each <a href=\"../../Permission.html\" title=\"enum in net.dv8tion.jda.api\"><code>Permission</code></a>.\n</div>"
            ],
            "deprecationElement": null,
            "details": {
                "RETURNS": [
                    "<dd>\n Never-negative long containing the binary representation of the allowed permissions of this override.\n</dd>"
                ]
            },
            "seeAlso": null
        },
        "getDeniedRaw()": {
            "elementId": "getDeniedRaw()",
            "methodAnnotations": null,
            "methodName": "getDeniedRaw",
            "methodSignature": "public long getDeniedRaw()",
            "methodParameters": null,
            "methodReturnType": "long",
            "isStatic": false,
            "descriptionElements": [
                "<div class=\"block\">\n This is the raw binary representation (as a base 10 long) of the permissions <b>denied</b> by this override. \n <br>\n The long relates to the offsets used by each <a href=\"../../Permission.html\" title=\"enum in net.dv8tion.jda.api\"><code>Permission</code></a>.\n</div>"
            ],
            "deprecationElement": null,
            "details": {
                "RETURNS": [
                    "<dd>\n Never-negative long containing the binary representation of the denied permissions of this override.\n</dd>"
                ]
            },
            "seeAlso": null
        },
        "getInherit()": {
            "elementId": "getInherit()",
            "methodAnnotations": "@Nonnull",
            "methodName": "getInherit",
            "methodSignature": "@Nonnull public EnumSet<Permission> getInherit()",
            "methodParameters": null,
            "methodReturnType": "EnumSet<Permission>",
            "isStatic": false,
            "descriptionElements": [
                "<div class=\"block\">\n EnumSet of all <a href=\"../../Permission.html\" title=\"enum in net.dv8tion.jda.api\"><code>Permission</code></a> that are unaffected by this override. \n <br><u>Changes to the returned set do not affect this entity directly.</u>\n</div>"
            ],
            "deprecationElement": null,
            "details": {
                "RETURNS": [
                    "<dd>\n Possibly-empty set of unaffected <a href=\"../../Permission.html\" title=\"enum in net.dv8tion.jda.api\"><code>Permissions</code></a>.\n</dd>"
                ]
            },
            "seeAlso": null
        }
    },
    "fields": {}
}