{
    "classNameFqcn": "net.dv8tion.jda.api.events.channel.forum.ForumTagRemoveEvent",
    "descriptionElements": [
        "<div class=\"block\">\n Indicates that a <a href=\"../../../entities/channel/forums/ForumTag.html\" title=\"interface in net.dv8tion.jda.api.entities.channel.forums\"><code>ForumTag</code></a> was removed from a <a href=\"../../../entities/channel/attribute/IPostContainer.html\" title=\"interface in net.dv8tion.jda.api.entities.channel.attribute\"><code>IPostContainer</code></a>. \n <p>Use <a href=\"../update/ChannelUpdateAppliedTagsEvent.html\" title=\"class in net.dv8tion.jda.api.events.channel.update\"><code>ChannelUpdateAppliedTagsEvent</code></a> to detect when a tag is removed from a forum post instead.</p>\n <p><b>Requirements</b><br>\n   This requires <a href=\"../../../utils/cache/CacheFlag.html#FORUM_TAGS\"><code>CacheFlag.FORUM_TAGS</code></a> to be enabled. <a href=\"../../../JDABuilder.html#createLight(java.lang.String,java.util.Collection)\"><code>JDABuilder.createLight(...)</code></a> disables this by default.</p>\n</div>"
    ],
    "deprecationElement": null,
    "details": {
        "ALL_IMPLEMENTED_INTERFACES": [
            "<dd>\n <code><a href=\"../../GenericEvent.html\" title=\"interface in net.dv8tion.jda.api.events\">GenericEvent</a></code>\n</dd>"
        ]
    },
    "seeAlso": null,
    "methods": {
        "getJDA()": {
            "elementId": "getJDA()",
            "methodAnnotations": "@Nonnull",
            "methodName": "getJDA",
            "methodSignature": "@Nonnull public JDA getJDA()",
            "methodParameters": null,
            "methodReturnType": "JDA",
            "isStatic": false,
            "descriptionElements": [
                "<div class=\"block\">\n <span class=\"descfrm-type-label\">Description copied from interface:&nbsp;<code><a href=\"GenericEvent.html#getJDA()\">GenericEvent</a></code></span>\n</div>",
                "<div class=\"block\">\n The current JDA instance corresponding to this Event\n</div>"
            ],
            "deprecationElement": null,
            "details": {
                "RETURNS": [
                    "<dd>\n The corresponding JDA instance\n</dd>"
                ],
                "SPECIFIED_BY": [
                    "<dd>\n <code><a href=\"GenericEvent.html#getJDA()\">getJDA</a></code>&nbsp;in interface&nbsp;<code><a href=\"GenericEvent.html\" title=\"interface in net.dv8tion.jda.api.events\">GenericEvent</a></code>\n</dd>"
                ]
            },
            "seeAlso": null
        },
        "getChannel()": {
            "elementId": "getChannel()",
            "methodAnnotations": "@Nonnull",
            "methodName": "getChannel",
            "methodSignature": "@Nonnull public IPostContainer getChannel()",
            "methodParameters": null,
            "methodReturnType": "IPostContainer",
            "isStatic": false,
            "descriptionElements": [
                "<div class=\"block\">\n The <a href=\"../../../entities/channel/attribute/IPostContainer.html\" title=\"interface in net.dv8tion.jda.api.entities.channel.attribute\"><code>IPostContainer</code></a> which has been updated.\n</div>"
            ],
            "deprecationElement": null,
            "details": {
                "RETURNS": [
                    "<dd>\n The <a href=\"../../../entities/channel/attribute/IPostContainer.html\" title=\"interface in net.dv8tion.jda.api.entities.channel.attribute\"><code>IPostContainer</code></a>\n</dd>"
                ]
            },
            "seeAlso": null
        },
        "getResponseNumber()": {
            "elementId": "getResponseNumber()",
            "methodAnnotations": null,
            "methodName": "getResponseNumber",
            "methodSignature": "public long getResponseNumber()",
            "methodParameters": null,
            "methodReturnType": "long",
            "isStatic": false,
            "descriptionElements": [
                "<div class=\"block\">\n <span class=\"descfrm-type-label\">Description copied from interface:&nbsp;<code><a href=\"GenericEvent.html#getResponseNumber()\">GenericEvent</a></code></span>\n</div>",
                "<div class=\"block\">\n The current sequence for this event. \n <br>\n This can be used to keep events in order when making sequencing system.\n</div>"
            ],
            "deprecationElement": null,
            "details": {
                "RETURNS": [
                    "<dd>\n The current sequence number for this event\n</dd>"
                ],
                "SPECIFIED_BY": [
                    "<dd>\n <code><a href=\"GenericEvent.html#getResponseNumber()\">getResponseNumber</a></code>&nbsp;in interface&nbsp;<code><a href=\"GenericEvent.html\" title=\"interface in net.dv8tion.jda.api.events\">GenericEvent</a></code>\n</dd>"
                ]
            },
            "seeAlso": null
        },
        "toString()": {
            "elementId": "toString()",
            "methodAnnotations": null,
            "methodName": "toString",
            "methodSignature": "public String toString()",
            "methodParameters": null,
            "methodReturnType": "String",
            "isStatic": false,
            "descriptionElements": [],
            "deprecationElement": null,
            "details": {
                "OVERRIDES": [
                    "<dd>\n <code><a href=\"https://docs.oracle.com/javase/8/docs/api/java/lang/Object.html#toString--\" title=\"class or interface in java.lang\" class=\"external-link\">toString</a></code>&nbsp;in class&nbsp;<code><a href=\"https://docs.oracle.com/javase/8/docs/api/java/lang/Object.html\" title=\"class or interface in java.lang\" class=\"external-link\">Object</a></code>\n</dd>"
                ]
            },
            "seeAlso": null
        },
        "getTag()": {
            "elementId": "getTag()",
            "methodAnnotations": "@Nonnull",
            "methodName": "getTag",
            "methodSignature": "@Nonnull public ForumTag getTag()",
            "methodParameters": null,
            "methodReturnType": "ForumTag",
            "isStatic": false,
            "descriptionElements": [
                "<div class=\"block\">\n The <a href=\"../../../entities/channel/forums/ForumTag.html\" title=\"interface in net.dv8tion.jda.api.entities.channel.forums\"><code>ForumTag</code></a> that was affected by this event\n</div>"
            ],
            "deprecationElement": null,
            "details": {
                "RETURNS": [
                    "<dd>\n The <a href=\"../../../entities/channel/forums/ForumTag.html\" title=\"interface in net.dv8tion.jda.api.entities.channel.forums\"><code>ForumTag</code></a>\n</dd>"
                ]
            },
            "seeAlso": null
        },
        "getRawData()": {
            "elementId": "getRawData()",
            "methodAnnotations": "@Nullable",
            "methodName": "getRawData",
            "methodSignature": "@Nullable public DataObject getRawData()",
            "methodParameters": null,
            "methodReturnType": "DataObject",
            "isStatic": false,
            "descriptionElements": [
                "<div class=\"block\">\n <span class=\"descfrm-type-label\">Description copied from interface:&nbsp;<code><a href=\"GenericEvent.html#getRawData()\">GenericEvent</a></code></span>\n</div>",
                "<div class=\"block\">\n The passthrough data that this event was serialized from. This data might be null in rare situations, for example, if the event came from a rest action. \n <br>\n This provides the full gateway message payload, including sequence, event name and dispatch type. For details, read the official <a href=\"https://discord.dev/topics/gateway\" target=\"_blank\">Discord Documentation</a>.\n</div>"
            ],
            "deprecationElement": null,
            "details": {
                "RETURNS": [
                    "<dd>\n The corresponding <a href=\"../utils/data/DataObject.html\" title=\"class in net.dv8tion.jda.api.utils.data\"><code>DataObject</code></a>\n</dd>"
                ],
                "SPECIFIED_BY": [
                    "<dd>\n <code><a href=\"GenericEvent.html#getRawData()\">getRawData</a></code>&nbsp;in interface&nbsp;<code><a href=\"GenericEvent.html\" title=\"interface in net.dv8tion.jda.api.events\">GenericEvent</a></code>\n</dd>"
                ]
            },
            "seeAlso": null
        },
        "<init>(net.dv8tion.jda.api.JDA,long,net.dv8tion.jda.api.entities.channel.attribute.IPostContainer,net.dv8tion.jda.api.entities.channel.forums.ForumTag)": {
            "elementId": "<init>(net.dv8tion.jda.api.JDA,long,net.dv8tion.jda.api.entities.channel.attribute.IPostContainer,net.dv8tion.jda.api.entities.channel.forums.ForumTag)",
            "methodAnnotations": null,
            "methodName": "ForumTagRemoveEvent",
            "methodSignature": "public ForumTagRemoveEvent(@Nonnull JDA api, long responseNumber, @Nonnull IPostContainer channel, @Nonnull ForumTag tag)",
            "methodParameters": {
                "originalText": "(@Nonnull JDA api, long responseNumber, @Nonnull IPostContainer channel, @Nonnull ForumTag tag)",
                "parameters": [
                    {
                        "annotations": [
                            "Nonnull"
                        ],
                        "type": "net.dv8tion.jda.api.JDA",
                        "simpleType": "JDA",
                        "name": "api"
                    },
                    {
                        "annotations": [],
                        "type": "long",
                        "simpleType": "long",
                        "name": "responseNumber"
                    },
                    {
                        "annotations": [
                            "Nonnull"
                        ],
                        "type": "net.dv8tion.jda.api.entities.channel.attribute.IPostContainer",
                        "simpleType": "IPostContainer",
                        "name": "channel"
                    },
                    {
                        "annotations": [
                            "Nonnull"
                        ],
                        "type": "net.dv8tion.jda.api.entities.channel.forums.ForumTag",
                        "simpleType": "ForumTag",
                        "name": "tag"
                    }
                ]
            },
            "methodReturnType": "ForumTagRemoveEvent",
            "isStatic": false,
            "descriptionElements": [],
            "deprecationElement": null,
            "details": {},
            "seeAlso": null
        }
    },
    "fields": {}
}