{
    "classNameFqcn": "net.dv8tion.jda.api.entities.channel.attribute.IPositionableChannel",
    "descriptionElements": [
        "<div class=\"block\">\n Represents a <a href=\"../middleman/GuildChannel.html\" title=\"interface in net.dv8tion.jda.api.entities.channel.middleman\"><code>GuildChannel</code></a> that has a position. \n <p>These channels can be re-ordered using a position value.</p>\n <p>In the case of identical position values, the natural order of the channel snowflakes is used.</p>\n</div>"
    ],
    "deprecationElement": null,
    "details": {
        "ALL_KNOWN_SUBINTERFACES": [
            "<dd>\n <code><a href=\"../middleman/AudioChannel.html\" title=\"interface in net.dv8tion.jda.api.entities.channel.middleman\">AudioChannel</a></code>, <code><a href=\"../unions/AudioChannelUnion.html\" title=\"interface in net.dv8tion.jda.api.entities.channel.unions\">AudioChannelUnion</a></code>, <code><a href=\"../concrete/Category.html\" title=\"interface in net.dv8tion.jda.api.entities.channel.concrete\">Category</a></code>, <code><a href=\"../unions/DefaultGuildChannelUnion.html\" title=\"interface in net.dv8tion.jda.api.entities.channel.unions\">DefaultGuildChannelUnion</a></code>, <code><a href=\"../concrete/ForumChannel.html\" title=\"interface in net.dv8tion.jda.api.entities.channel.concrete\">ForumChannel</a></code>, <code><a href=\"ICategorizableChannel.html\" title=\"interface in net.dv8tion.jda.api.entities.channel.attribute\">ICategorizableChannel</a></code>, <code><a href=\"../concrete/MediaChannel.html\" title=\"interface in net.dv8tion.jda.api.entities.channel.concrete\">MediaChannel</a></code>, <code><a href=\"../concrete/NewsChannel.html\" title=\"interface in net.dv8tion.jda.api.entities.channel.concrete\">NewsChannel</a></code>, <code><a href=\"../concrete/StageChannel.html\" title=\"interface in net.dv8tion.jda.api.entities.channel.concrete\">StageChannel</a></code>, <code><a href=\"../middleman/StandardGuildChannel.html\" title=\"interface in net.dv8tion.jda.api.entities.channel.middleman\">StandardGuildChannel</a></code>, <code><a href=\"../middleman/StandardGuildMessageChannel.html\" title=\"interface in net.dv8tion.jda.api.entities.channel.middleman\">StandardGuildMessageChannel</a></code>, <code><a href=\"../concrete/TextChannel.html\" title=\"interface in net.dv8tion.jda.api.entities.channel.concrete\">TextChannel</a></code>, <code><a href=\"../concrete/VoiceChannel.html\" title=\"interface in net.dv8tion.jda.api.entities.channel.concrete\">VoiceChannel</a></code>\n</dd>"
        ],
        "SUPER_INTERFACES": [
            "<dd>\n <code><a href=\"../Channel.html\" title=\"interface in net.dv8tion.jda.api.entities.channel\">Channel</a></code>, <code><a href=\"https://docs.oracle.com/javase/8/docs/api/java/lang/Comparable.html\" title=\"class or interface in java.lang\" class=\"external-link\">Comparable</a>&lt;<a href=\"../middleman/GuildChannel.html\" title=\"interface in net.dv8tion.jda.api.entities.channel.middleman\">GuildChannel</a>&gt;</code>, <code><a href=\"https://docs.oracle.com/javase/8/docs/api/java/util/Formattable.html\" title=\"class or interface in java.util\" class=\"external-link\">Formattable</a></code>, <code><a href=\"../middleman/GuildChannel.html\" title=\"interface in net.dv8tion.jda.api.entities.channel.middleman\">GuildChannel</a></code>, <code><a href=\"../../detached/IDetachableEntity.html\" title=\"interface in net.dv8tion.jda.api.entities.detached\">IDetachableEntity</a></code>, <code><a href=\"../../IMentionable.html\" title=\"interface in net.dv8tion.jda.api.entities\">IMentionable</a></code>, <code><a href=\"../../ISnowflake.html\" title=\"interface in net.dv8tion.jda.api.entities\">ISnowflake</a></code>\n</dd>"
        ]
    },
    "seeAlso": null,
    "methods": {
        "getAsMention()": {
            "elementId": "getAsMention()",
            "methodAnnotations": "@Nonnull",
            "methodName": "getAsMention",
            "methodSignature": "@Nonnull default String getAsMention()",
            "methodParameters": null,
            "methodReturnType": "String",
            "isStatic": false,
            "descriptionElements": [
                "<div class=\"block\">\n <span class=\"descfrm-type-label\">Description copied from interface:&nbsp;<code><a href=\"../IMentionable.html#getAsMention()\">IMentionable</a></code></span>\n</div>",
                "<div class=\"block\">\n Retrieve a Mention for this Entity. For the public <a href=\"../Role.html\" title=\"interface in net.dv8tion.jda.api.entities\"><code>Role</code></a> (@everyone), this will return the literal string <code>\"@everyone\"</code>.\n</div>"
            ],
            "deprecationElement": null,
            "details": {
                "RETURNS": [
                    "<dd>\n A resolvable mention.\n</dd>"
                ],
                "SPECIFIED_BY": [
                    "<dd>\n <code><a href=\"../IMentionable.html#getAsMention()\">getAsMention</a></code>&nbsp;in interface&nbsp;<code><a href=\"../IMentionable.html\" title=\"interface in net.dv8tion.jda.api.entities\">IMentionable</a></code>\n</dd>"
                ]
            },
            "seeAlso": null
        },
        "getJDA()": {
            "elementId": "getJDA()",
            "methodAnnotations": "@Nonnull",
            "methodName": "getJDA",
            "methodSignature": "@Nonnull JDA getJDA()",
            "methodParameters": null,
            "methodReturnType": "JDA",
            "isStatic": false,
            "descriptionElements": [
                "<div class=\"block\">\n Returns the <a href=\"../../JDA.html\" title=\"interface in net.dv8tion.jda.api\"><code>JDA</code></a> instance of this channel\n</div>"
            ],
            "deprecationElement": null,
            "details": {
                "RETURNS": [
                    "<dd>\n the corresponding JDA instance\n</dd>"
                ]
            },
            "seeAlso": null
        },
        "isDetached()": {
            "elementId": "isDetached()",
            "methodAnnotations": null,
            "methodName": "isDetached",
            "methodSignature": "boolean isDetached()",
            "methodParameters": null,
            "methodReturnType": "boolean",
            "isStatic": false,
            "descriptionElements": [
                "<div class=\"block\">\n Whether this entity is detached. \n <p>If this returns <code>true</code>, this entity cannot be retrieved, will never be updated, and most methods that would otherwise return a <a href=\"../../requests/RestAction.html\" title=\"interface in net.dv8tion.jda.api.requests\"><code>RestAction</code></a> will throw a <a href=\"../../exceptions/DetachedEntityException.html\" title=\"class in net.dv8tion.jda.api.exceptions\"><code>DetachedEntityException</code></a> instead.</p>\n</div>"
            ],
            "deprecationElement": null,
            "details": {
                "RETURNS": [
                    "<dd>\n <code>True</code>, if the entity is detached\n</dd>"
                ]
            },
            "seeAlso": null
        },
        "getPositionRaw()": {
            "elementId": "getPositionRaw()",
            "methodAnnotations": null,
            "methodName": "getPositionRaw",
            "methodSignature": "int getPositionRaw()",
            "methodParameters": null,
            "methodReturnType": "int",
            "isStatic": false,
            "descriptionElements": [
                "<div class=\"block\">\n The actual position of the <a href=\"../middleman/GuildChannel.html\" title=\"interface in net.dv8tion.jda.api.entities.channel.middleman\"><code>GuildChannel</code></a> as stored and given by Discord. \n <p>Channel positions are actually based on a pairing of the creation time (as stored in the snowflake id) and the position. If 2 or more channels share the same position then they are sorted based on their creation date. The more recent a channel was created, the lower it is in the hierarchy. This is handled by <a href=\"#getPosition()\"><code>getPosition()</code></a> and it is most likely the method you want. If, for some reason, you want the actual position of the channel then this method will give you that value.</p>\n</div>"
            ],
            "deprecationElement": null,
            "details": {
                "RETURNS": [
                    "<dd>\n The true, Discord stored, position of the <a href=\"../middleman/GuildChannel.html\" title=\"interface in net.dv8tion.jda.api.entities.channel.middleman\"><code>GuildChannel</code></a>.\n</dd>"
                ]
            },
            "seeAlso": null
        },
        "getFlags()": {
            "elementId": "getFlags()",
            "methodAnnotations": "@Nonnull",
            "methodName": "getFlags",
            "methodSignature": "@Nonnull default EnumSet<ChannelFlag> getFlags()",
            "methodParameters": null,
            "methodReturnType": "EnumSet<ChannelFlag>",
            "isStatic": false,
            "descriptionElements": [
                "<div class=\"block\">\n The flags configured for this channel. \n <br>\n This feature is currently primarily used for <a href=\"concrete/ForumChannel.html\" title=\"interface in net.dv8tion.jda.api.entities.channel.concrete\"><code>ForumChannels</code></a>.\n</div>"
            ],
            "deprecationElement": null,
            "details": {
                "RETURNS": [
                    "<dd>\n <a href=\"https://docs.oracle.com/javase/8/docs/api/java/util/EnumSet.html\" title=\"class or interface in java.util\" class=\"external-link\"><code>EnumSet</code></a> of the configured <a href=\"ChannelFlag.html\" title=\"enum in net.dv8tion.jda.api.entities.channel\"><code>ChannelFlags</code></a>, changes to this enum set are not reflected in the API.\n</dd>"
                ]
            },
            "seeAlso": null
        },
        "getManager()": {
            "elementId": "getManager()",
            "methodAnnotations": "@Nonnull @CheckReturnValue",
            "methodName": "getManager",
            "methodSignature": "@Nonnull @CheckReturnValue IPositionableChannelManager<?,?> getManager()",
            "methodParameters": null,
            "methodReturnType": "IPositionableChannelManager<?,?>",
            "isStatic": false,
            "descriptionElements": [
                "<div class=\"block\">\n <span class=\"descfrm-type-label\">Description copied from interface:&nbsp;<code><a href=\"../middleman/GuildChannel.html#getManager()\">GuildChannel</a></code></span>\n</div>",
                "<div class=\"block\">\n Returns the <a href=\"../../../managers/channel/ChannelManager.html\" title=\"interface in net.dv8tion.jda.api.managers.channel\"><code>ChannelManager</code></a> for this GuildChannel. \n <br>\n In the ChannelManager, you can modify the name, topic and position of this GuildChannel. You modify multiple fields in one request by chaining setters before calling <a href=\"../../../requests/RestAction.html#queue()\"><code>RestAction.queue()</code></a>.\n</div>"
            ],
            "deprecationElement": null,
            "details": {
                "RETURNS": [
                    "<dd>\n The ChannelManager of this GuildChannel\n</dd>"
                ],
                "SPECIFIED_BY": [
                    "<dd>\n <code><a href=\"../middleman/GuildChannel.html#getManager()\">getManager</a></code>&nbsp;in interface&nbsp;<code><a href=\"../middleman/GuildChannel.html\" title=\"interface in net.dv8tion.jda.api.entities.channel.middleman\">GuildChannel</a></code>\n</dd>"
                ]
            },
            "seeAlso": null
        },
        "getPermissionContainer()": {
            "elementId": "getPermissionContainer()",
            "methodAnnotations": "@Nonnull",
            "methodName": "getPermissionContainer",
            "methodSignature": "@Nonnull IPermissionContainer getPermissionContainer()",
            "methodParameters": null,
            "methodReturnType": "IPermissionContainer",
            "isStatic": false,
            "descriptionElements": [
                "<div class=\"block\">\n The channel containing the permissions relevant to this channel. \n <p>This is usually the same channel, but for threads the parent channel is used instead.</p>\n</div>"
            ],
            "deprecationElement": null,
            "details": {
                "RETURNS": [
                    "<dd>\n The permission container\n</dd>"
                ],
                "THROWS": [
                    "<dd>\n <code><a href=\"../../../exceptions/DetachedEntityException.html\" title=\"class in net.dv8tion.jda.api.exceptions\">DetachedEntityException</a></code> - If this entity is <a href=\"../../detached/IDetachableEntity.html#isDetached()\"><code>detached</code></a>\n</dd>"
                ]
            },
            "seeAlso": null
        },
        "getIdLong()": {
            "elementId": "getIdLong()",
            "methodAnnotations": null,
            "methodName": "getIdLong",
            "methodSignature": "long getIdLong()",
            "methodParameters": null,
            "methodReturnType": "long",
            "isStatic": false,
            "descriptionElements": [
                "<div class=\"block\">\n The Snowflake id of this entity. This is unique to every entity and will never change.\n</div>"
            ],
            "deprecationElement": null,
            "details": {
                "RETURNS": [
                    "<dd>\n Long containing the Id.\n</dd>"
                ]
            },
            "seeAlso": null
        },
        "getGuild()": {
            "elementId": "getGuild()",
            "methodAnnotations": "@Nonnull",
            "methodName": "getGuild",
            "methodSignature": "@Nonnull Guild getGuild()",
            "methodParameters": null,
            "methodReturnType": "Guild",
            "isStatic": false,
            "descriptionElements": [
                "<div class=\"block\">\n Returns the <a href=\"../../Guild.html\" title=\"interface in net.dv8tion.jda.api.entities\"><code>Guild</code></a> that this GuildChannel is part of.\n</div>"
            ],
            "deprecationElement": null,
            "details": {
                "RETURNS": [
                    "<dd>\n Never-null <a href=\"../../Guild.html\" title=\"interface in net.dv8tion.jda.api.entities\"><code>Guild</code></a> that this GuildChannel is part of.\n</dd>"
                ]
            },
            "seeAlso": null
        },
        "getPosition()": {
            "elementId": "getPosition()",
            "methodAnnotations": null,
            "methodName": "getPosition",
            "methodSignature": "default int getPosition()",
            "methodParameters": null,
            "methodReturnType": "int",
            "isStatic": false,
            "descriptionElements": [
                "<div class=\"block\">\n The position of this channel in the channel list of the guild. \n <br>\n This does not account for thread channels, as they do not have positions. \n <p>This is functionally equivalent to <code>getGuild().getChannels().indexOf(channel)</code>. To efficiently compare the position between channels, it is recommended to use <a href=\"https://docs.oracle.com/javase/8/docs/api/java/lang/Comparable.html#compareTo-T-\" title=\"class or interface in java.lang\" class=\"external-link\"><code>Comparable.compareTo(Object)</code></a> instead of the position.</p>\n</div>"
            ],
            "deprecationElement": null,
            "details": {
                "RETURNS": [
                    "<dd>\n Zero-based int of position of the GuildChannel.\n</dd>"
                ],
                "THROWS": [
                    "<dd>\n <code><a href=\"https://docs.oracle.com/javase/8/docs/api/java/lang/IllegalStateException.html\" title=\"class or interface in java.lang\" class=\"external-link\">IllegalStateException</a></code> - If this channel is not in the guild cache\n</dd>",
                    "<dd>\n <code><a href=\"../../../exceptions/DetachedEntityException.html\" title=\"class in net.dv8tion.jda.api.exceptions\">DetachedEntityException</a></code> - If this entity is <a href=\"../../detached/IDetachableEntity.html#isDetached()\"><code>detached</code></a>\n</dd>"
                ]
            },
            "seeAlso": null
        },
        "getId()": {
            "elementId": "getId()",
            "methodAnnotations": "@Nonnull",
            "methodName": "getId",
            "methodSignature": "@Nonnull default String getId()",
            "methodParameters": null,
            "methodReturnType": "String",
            "isStatic": false,
            "descriptionElements": [
                "<div class=\"block\">\n The Snowflake id of this entity. This is unique to every entity and will never change.\n</div>"
            ],
            "deprecationElement": null,
            "details": {
                "RETURNS": [
                    "<dd>\n Never-null String containing the Id.\n</dd>"
                ]
            },
            "seeAlso": null
        },
        "getName()": {
            "elementId": "getName()",
            "methodAnnotations": "@Nonnull",
            "methodName": "getName",
            "methodSignature": "@Nonnull String getName()",
            "methodParameters": null,
            "methodReturnType": "String",
            "isStatic": false,
            "descriptionElements": [
                "<div class=\"block\">\n The human readable name of this channel. \n <p>May be an empty string for <a href=\"concrete/GroupChannel.html\" title=\"interface in net.dv8tion.jda.api.entities.channel.concrete\"><code>GroupChannels</code></a> with no name (Group DMs with no name displays the recipients on the Discord client).</p>\n</div>"
            ],
            "deprecationElement": null,
            "details": {
                "RETURNS": [
                    "<dd>\n The name of this channel\n</dd>"
                ]
            },
            "seeAlso": null
        },
        "getType()": {
            "elementId": "getType()",
            "methodAnnotations": "@Nonnull",
            "methodName": "getType",
            "methodSignature": "@Nonnull ChannelType getType()",
            "methodParameters": null,
            "methodReturnType": "ChannelType",
            "isStatic": false,
            "descriptionElements": [
                "<div class=\"block\">\n The <a href=\"ChannelType.html\" title=\"enum in net.dv8tion.jda.api.entities.channel\"><code>ChannelType</code></a> for this channel\n</div>"
            ],
            "deprecationElement": null,
            "details": {
                "RETURNS": [
                    "<dd>\n The channel type\n</dd>"
                ]
            },
            "seeAlso": null
        },
        "delete()": {
            "elementId": "delete()",
            "methodAnnotations": "@Nonnull @CheckReturnValue",
            "methodName": "delete",
            "methodSignature": "@Nonnull @CheckReturnValue AuditableRestAction<Void> delete()",
            "methodParameters": null,
            "methodReturnType": "AuditableRestAction<Void>",
            "isStatic": false,
            "descriptionElements": [
                "<div class=\"block\">\n Deletes this GuildChannel. \n <p>Possible ErrorResponses include:</p>\n <ul>\n  <li><a href=\"../../../requests/ErrorResponse.html#UNKNOWN_CHANNEL\"><code>UNKNOWN_CHANNEL</code></a> <br>\n   If this channel was already deleted</li>\n  <li><a href=\"../../../requests/ErrorResponse.html#MISSING_PERMISSIONS\"><code>MISSING_PERMISSIONS</code></a> <br>\n   The send request was attempted after the account lost <a href=\"../../../Permission.html#MANAGE_CHANNEL\"><code>Permission.MANAGE_CHANNEL</code></a> in the channel.</li>\n  <li><a href=\"../../../requests/ErrorResponse.html#MISSING_ACCESS\"><code>MISSING_ACCESS</code></a> <br>\n   If we were removed from the Guild</li>\n </ul>\n</div>"
            ],
            "deprecationElement": null,
            "details": {
                "RETURNS": [
                    "<dd>\n <a href=\"../../../requests/restaction/AuditableRestAction.html\" title=\"interface in net.dv8tion.jda.api.requests.restaction\"><code>AuditableRestAction</code></a>\n</dd>"
                ],
                "SPECIFIED_BY": [
                    "<dd>\n <code><a href=\"../Channel.html#delete()\">delete</a></code>&nbsp;in interface&nbsp;<code><a href=\"../Channel.html\" title=\"interface in net.dv8tion.jda.api.entities.channel\">Channel</a></code>\n</dd>"
                ],
                "THROWS": [
                    "<dd>\n <code><a href=\"../../../exceptions/InsufficientPermissionException.html\" title=\"class in net.dv8tion.jda.api.exceptions\">InsufficientPermissionException</a></code> - if the currently logged in account doesn't have <a href=\"../../../Permission.html#MANAGE_CHANNEL\"><code>MANAGE_CHANNEL</code></a> for the channel.\n</dd>",
                    "<dd>\n <code><a href=\"../../../exceptions/DetachedEntityException.html\" title=\"class in net.dv8tion.jda.api.exceptions\">DetachedEntityException</a></code> - If this entity is <a href=\"../../detached/IDetachableEntity.html#isDetached()\"><code>detached</code></a>\n</dd>"
                ]
            },
            "seeAlso": null
        },
        "getTimeCreated()": {
            "elementId": "getTimeCreated()",
            "methodAnnotations": "@Nonnull",
            "methodName": "getTimeCreated",
            "methodSignature": "@Nonnull default OffsetDateTime getTimeCreated()",
            "methodParameters": null,
            "methodReturnType": "OffsetDateTime",
            "isStatic": false,
            "descriptionElements": [
                "<div class=\"block\">\n The time this entity was created. Calculated through the Snowflake in <a href=\"#getIdLong()\"><code>getIdLong()</code></a>.\n</div>"
            ],
            "deprecationElement": null,
            "details": {
                "RETURNS": [
                    "<dd>\n OffsetDateTime - Time this entity was created at.\n</dd>"
                ],
                "SEE_ALSO": [
                    "<dd>\n <ul class=\"see-list\">\n  <li><a href=\"../utils/TimeUtil.html#getTimeCreated(long)\"><code>TimeUtil.getTimeCreated(long)</code></a></li>\n </ul>\n</dd>"
                ]
            },
            "seeAlso": {
                "references": [
                    {
                        "text": "TimeUtil#getTimeCreated(long)",
                        "link": "https://docs.jda.wiki/net/dv8tion/jda/api/utils/TimeUtil.html#getTimeCreated(long)",
                        "targetType": "METHOD",
                        "fullSignature": "TimeUtil#getTimeCreated(long)"
                    }
                ]
            }
        },
        "getJumpUrl()": {
            "elementId": "getJumpUrl()",
            "methodAnnotations": "@Nonnull",
            "methodName": "getJumpUrl",
            "methodSignature": "@Nonnull default String getJumpUrl()",
            "methodParameters": null,
            "methodReturnType": "String",
            "isStatic": false,
            "descriptionElements": [
                "<div class=\"block\">\n Returns the jump-to URL for this channel. Clicking this URL in the Discord client will cause the client to jump to the specified channel.\n</div>"
            ],
            "deprecationElement": null,
            "details": {
                "RETURNS": [
                    "<dd>\n A String representing the jump-to URL for the channel.\n</dd>"
                ]
            },
            "seeAlso": null
        },
        "formatTo(java.util.Formatter,int,int,int)": {
            "elementId": "formatTo(java.util.Formatter,int,int,int)",
            "methodAnnotations": null,
            "methodName": "formatTo",
            "methodSignature": "default void formatTo(Formatter formatter, int flags, int width, int precision)",
            "methodParameters": {
                "originalText": "(Formatter formatter, int flags, int width, int precision)",
                "parameters": [
                    {
                        "annotations": [],
                        "type": "java.util.Formatter",
                        "simpleType": "Formatter",
                        "name": "formatter"
                    },
                    {
                        "annotations": [],
                        "type": "int",
                        "simpleType": "int",
                        "name": "flags"
                    },
                    {
                        "annotations": [],
                        "type": "int",
                        "simpleType": "int",
                        "name": "width"
                    },
                    {
                        "annotations": [],
                        "type": "int",
                        "simpleType": "int",
                        "name": "precision"
                    }
                ]
            },
            "methodReturnType": "void",
            "isStatic": false,
            "descriptionElements": [],
            "deprecationElement": null,
            "details": {
                "SPECIFIED_BY": [
                    "<dd>\n <code><a href=\"https://docs.oracle.com/javase/8/docs/api/java/util/Formattable.html#formatTo-java.util.Formatter-int-int-int-\" title=\"class or interface in java.util\" class=\"external-link\">formatTo</a></code>&nbsp;in interface&nbsp;<code><a href=\"https://docs.oracle.com/javase/8/docs/api/java/util/Formattable.html\" title=\"class or interface in java.util\" class=\"external-link\">Formattable</a></code>\n</dd>",
                    "<dd>\n <code><a href=\"../IMentionable.html#formatTo(java.util.Formatter,int,int,int)\">formatTo</a></code>&nbsp;in interface&nbsp;<code><a href=\"../IMentionable.html\" title=\"interface in net.dv8tion.jda.api.entities\">IMentionable</a></code>\n</dd>"
                ]
            },
            "seeAlso": null
        }
    },
    "fields": {
        "MAX_NAME_LENGTH": {
            "elementId": "MAX_NAME_LENGTH",
            "fieldName": "MAX_NAME_LENGTH",
            "fieldType": "int",
            "fieldValue": "100",
            "descriptionElements": [
                "<div class=\"block\">\n The maximum length a channel name can be. (100)\n</div>"
            ],
            "deprecationElement": null,
            "modifiers": "static final"
        },
        "JUMP_URL": {
            "elementId": "JUMP_URL",
            "fieldName": "JUMP_URL",
            "fieldType": "String",
            "fieldValue": "\"https://discord.com/channels/%s/%s\"",
            "descriptionElements": [
                "<div class=\"block\">\n Template for <a href=\"#getJumpUrl()\"><code>getJumpUrl()</code></a>.\n</div>"
            ],
            "deprecationElement": null,
            "modifiers": "static final"
        }
    }
}