{
    "classNameFqcn": "net.dv8tion.jda.api.entities.channel.attribute.IThreadContainer",
    "descriptionElements": [
        "<div class=\"block\">\n Abstraction of all channel types, which can contain or manage <a href=\"../concrete/ThreadChannel.html\" title=\"interface in net.dv8tion.jda.api.entities.channel.concrete\"><code>ThreadChannels</code></a>.\n</div>"
    ],
    "deprecationElement": null,
    "details": {
        "SEE_ALSO": [
            "<dd>\n <ul class=\"see-list-long\">\n  <li><a href=\"../concrete/ThreadChannel.html#getParentChannel()\"><code>ThreadChannel.getParentChannel()</code></a></li>\n  <li><a href=\"../unions/IThreadContainerUnion.html\" title=\"interface in net.dv8tion.jda.api.entities.channel.unions\"><code>IThreadContainerUnion</code></a></li>\n </ul>\n</dd>"
        ],
        "ALL_KNOWN_SUBINTERFACES": [
            "<dd>\n <code><a href=\"../concrete/ForumChannel.html\" title=\"interface in net.dv8tion.jda.api.entities.channel.concrete\">ForumChannel</a></code>, <code><a href=\"IPostContainer.html\" title=\"interface in net.dv8tion.jda.api.entities.channel.attribute\">IPostContainer</a></code>, <code><a href=\"../unions/IThreadContainerUnion.html\" title=\"interface in net.dv8tion.jda.api.entities.channel.unions\">IThreadContainerUnion</a></code>, <code><a href=\"../concrete/MediaChannel.html\" title=\"interface in net.dv8tion.jda.api.entities.channel.concrete\">MediaChannel</a></code>, <code><a href=\"../concrete/NewsChannel.html\" title=\"interface in net.dv8tion.jda.api.entities.channel.concrete\">NewsChannel</a></code>, <code><a href=\"../middleman/StandardGuildMessageChannel.html\" title=\"interface in net.dv8tion.jda.api.entities.channel.middleman\">StandardGuildMessageChannel</a></code>, <code><a href=\"../concrete/TextChannel.html\" title=\"interface in net.dv8tion.jda.api.entities.channel.concrete\">TextChannel</a></code>\n</dd>"
        ],
        "SUPER_INTERFACES": [
            "<dd>\n <code><a href=\"../Channel.html\" title=\"interface in net.dv8tion.jda.api.entities.channel\">Channel</a></code>, <code><a href=\"https://docs.oracle.com/javase/8/docs/api/java/lang/Comparable.html\" title=\"class or interface in java.lang\" class=\"external-link\">Comparable</a>&lt;<a href=\"../middleman/GuildChannel.html\" title=\"interface in net.dv8tion.jda.api.entities.channel.middleman\">GuildChannel</a>&gt;</code>, <code><a href=\"https://docs.oracle.com/javase/8/docs/api/java/util/Formattable.html\" title=\"class or interface in java.util\" class=\"external-link\">Formattable</a></code>, <code><a href=\"../middleman/GuildChannel.html\" title=\"interface in net.dv8tion.jda.api.entities.channel.middleman\">GuildChannel</a></code>, <code><a href=\"../../detached/IDetachableEntity.html\" title=\"interface in net.dv8tion.jda.api.entities.detached\">IDetachableEntity</a></code>, <code><a href=\"../../IMentionable.html\" title=\"interface in net.dv8tion.jda.api.entities\">IMentionable</a></code>, <code><a href=\"IPermissionContainer.html\" title=\"interface in net.dv8tion.jda.api.entities.channel.attribute\">IPermissionContainer</a></code>, <code><a href=\"../../ISnowflake.html\" title=\"interface in net.dv8tion.jda.api.entities\">ISnowflake</a></code>\n</dd>"
        ]
    },
    "seeAlso": {
        "references": [
            {
                "text": "ThreadChannel#getParentChannel()",
                "link": "https://docs.jda.wiki/net/dv8tion/jda/api/entities/channel/concrete/ThreadChannel.html#getParentChannel()",
                "targetType": "METHOD",
                "fullSignature": "ThreadChannel#getParentChannel()"
            },
            {
                "text": "IThreadContainerUnion",
                "link": "https://docs.jda.wiki/net/dv8tion/jda/api/entities/channel/unions/IThreadContainerUnion.html",
                "targetType": "CLASS",
                "fullSignature": "IThreadContainerUnion"
            }
        ]
    },
    "methods": {
        "isDetached()": {
            "elementId": "isDetached()",
            "methodAnnotations": null,
            "methodName": "isDetached",
            "methodSignature": "boolean isDetached()",
            "parameters": [],
            "methodReturnType": "boolean",
            "isStatic": false,
            "descriptionElements": [
                "<div class=\"block\">\n Whether this entity is detached.\n <p>If this returns <code>true</code>, this entity cannot be retrieved, will never be updated, and most methods that would otherwise return a <a href=\"../../requests/RestAction.html\" title=\"interface in net.dv8tion.jda.api.requests\"><code>RestAction</code></a> will throw a <a href=\"../../exceptions/DetachedEntityException.html\" title=\"class in net.dv8tion.jda.api.exceptions\"><code>DetachedEntityException</code></a> instead.</p>\n</div>"
            ],
            "deprecationElement": null,
            "details": {
                "RETURNS": [
                    "<dd>\n <code>True</code>, if the entity is detached\n</dd>"
                ]
            },
            "seeAlso": null
        },
        "getPermissionOverrides()": {
            "elementId": "getPermissionOverrides()",
            "methodAnnotations": "@Nonnull",
            "methodName": "getPermissionOverrides",
            "methodSignature": "@Nonnull @Unmodifiable List<PermissionOverride> getPermissionOverrides()",
            "parameters": [],
            "methodReturnType": "@Unmodifiable List<PermissionOverride>",
            "isStatic": false,
            "descriptionElements": [
                "<div class=\"block\">\n Gets all of the <a href=\"../../PermissionOverride.html\" title=\"interface in net.dv8tion.jda.api.entities\"><code>PermissionOverrides</code></a> that are part of this <a href=\"../middleman/GuildChannel.html\" title=\"interface in net.dv8tion.jda.api.entities.channel.middleman\"><code>GuildChannel</code></a>.\n <br>\n This combines <a href=\"../../Member.html\" title=\"interface in net.dv8tion.jda.api.entities\"><code>Member</code></a> and <a href=\"../../Role.html\" title=\"interface in net.dv8tion.jda.api.entities\"><code>Role</code></a> overrides. If you would like only <a href=\"../../Member.html\" title=\"interface in net.dv8tion.jda.api.entities\"><code>Member</code></a> overrides or only <a href=\"../../Role.html\" title=\"interface in net.dv8tion.jda.api.entities\"><code>Role</code></a> overrides, use <a href=\"#getMemberPermissionOverrides()\"><code>getMemberPermissionOverrides()</code></a> or <a href=\"#getRolePermissionOverrides()\"><code>getRolePermissionOverrides()</code></a> respectively.\n <p>This requires <a href=\"../../../utils/cache/CacheFlag.html#MEMBER_OVERRIDES\"><code>CacheFlag.MEMBER_OVERRIDES</code></a> to be enabled! Without that CacheFlag, this list will only contain overrides for the currently logged in account and roles.</p>\n</div>"
            ],
            "deprecationElement": null,
            "details": {
                "RETURNS": [
                    "<dd>\n Possibly-empty immutable list of all <a href=\"../../PermissionOverride.html\" title=\"interface in net.dv8tion.jda.api.entities\"><code>PermissionOverrides</code></a> for this <a href=\"../middleman/GuildChannel.html\" title=\"interface in net.dv8tion.jda.api.entities.channel.middleman\"><code>GuildChannel</code></a>.\n</dd>"
                ],
                "THROWS": [
                    "<dd>\n <code><a href=\"../../../exceptions/DetachedEntityException.html\" title=\"class in net.dv8tion.jda.api.exceptions\">DetachedEntityException</a></code> - If this entity is <a href=\"../../detached/IDetachableEntity.html#isDetached()\"><code>detached</code></a>\n</dd>"
                ]
            },
            "seeAlso": null
        },
        "getFlags()": {
            "elementId": "getFlags()",
            "methodAnnotations": "@Nonnull",
            "methodName": "getFlags",
            "methodSignature": "@Nonnull default EnumSet<ChannelFlag> getFlags()",
            "parameters": [],
            "methodReturnType": "EnumSet<ChannelFlag>",
            "isStatic": false,
            "descriptionElements": [
                "<div class=\"block\">\n The flags configured for this channel.\n <br>\n This feature is currently primarily used for <a href=\"concrete/ForumChannel.html\" title=\"interface in net.dv8tion.jda.api.entities.channel.concrete\"><code>ForumChannels</code></a>.\n</div>"
            ],
            "deprecationElement": null,
            "details": {
                "RETURNS": [
                    "<dd>\n <a href=\"https://docs.oracle.com/javase/8/docs/api/java/util/EnumSet.html\" title=\"class or interface in java.util\" class=\"external-link\"><code>EnumSet</code></a> of the configured <a href=\"ChannelFlag.html\" title=\"enum in net.dv8tion.jda.api.entities.channel\"><code>ChannelFlags</code></a>, changes to this enum set are not reflected in the API.\n</dd>"
                ]
            },
            "seeAlso": null
        },
        "getManager()": {
            "elementId": "getManager()",
            "methodAnnotations": "@Nonnull @CheckReturnValue",
            "methodName": "getManager",
            "methodSignature": "@Nonnull @CheckReturnValue IPermissionContainerManager<?,?> getManager()",
            "parameters": [],
            "methodReturnType": "IPermissionContainerManager<?,?>",
            "isStatic": false,
            "descriptionElements": [
                "<div class=\"block\">\n <span class=\"descfrm-type-label\">Description copied from interface:&nbsp;<code><a href=\"../middleman/GuildChannel.html#getManager()\">GuildChannel</a></code></span>\n</div>",
                "<div class=\"block\">\n Returns the <a href=\"../../../managers/channel/ChannelManager.html\" title=\"interface in net.dv8tion.jda.api.managers.channel\"><code>ChannelManager</code></a> for this GuildChannel.\n <br>\n In the ChannelManager, you can modify the name, topic and position of this GuildChannel. You modify multiple fields in one request by chaining setters before calling <a href=\"../../../requests/RestAction.html#queue()\"><code>RestAction.queue()</code></a>.\n</div>"
            ],
            "deprecationElement": null,
            "details": {
                "RETURNS": [
                    "<dd>The ChannelManager of this GuildChannel</dd>"
                ],
                "SPECIFIED_BY": [
                    "<dd>\n <code><a href=\"../middleman/GuildChannel.html#getManager()\">getManager</a></code>&nbsp;in interface&nbsp;<code><a href=\"../middleman/GuildChannel.html\" title=\"interface in net.dv8tion.jda.api.entities.channel.middleman\">GuildChannel</a></code>\n</dd>"
                ]
            },
            "seeAlso": null
        },
        "getIdLong()": {
            "elementId": "getIdLong()",
            "methodAnnotations": null,
            "methodName": "getIdLong",
            "methodSignature": "long getIdLong()",
            "parameters": [],
            "methodReturnType": "long",
            "isStatic": false,
            "descriptionElements": [
                "<div class=\"block\">The Snowflake id of this entity. This is unique to every entity and will never change.</div>"
            ],
            "deprecationElement": null,
            "details": {
                "RETURNS": [
                    "<dd>Long containing the Id.</dd>"
                ]
            },
            "seeAlso": null
        },
        "getPermissionOverride(net.dv8tion.jda.api.entities.IPermissionHolder)": {
            "elementId": "getPermissionOverride(net.dv8tion.jda.api.entities.IPermissionHolder)",
            "methodAnnotations": "@Nullable",
            "methodName": "getPermissionOverride",
            "methodSignature": "@Nullable PermissionOverride getPermissionOverride(@Nonnull IPermissionHolder permissionHolder)",
            "parameters": [
                {
                    "annotations": [
                        "Nonnull"
                    ],
                    "type": "net.dv8tion.jda.api.entities.IPermissionHolder",
                    "simpleType": "IPermissionHolder",
                    "name": "permissionHolder"
                }
            ],
            "methodReturnType": "PermissionOverride",
            "isStatic": false,
            "descriptionElements": [
                "<div class=\"block\">\n The <a href=\"../../PermissionOverride.html\" title=\"interface in net.dv8tion.jda.api.entities\"><code>PermissionOverride</code></a> relating to the specified <a href=\"../../Member.html\" title=\"interface in net.dv8tion.jda.api.entities\"><code>Member</code></a> or <a href=\"../../Role.html\" title=\"interface in net.dv8tion.jda.api.entities\"><code>Role</code></a>. If there is no <a href=\"../../PermissionOverride.html\" title=\"interface in net.dv8tion.jda.api.entities\"><code>PermissionOverride</code></a> for this <a href=\"../middleman/GuildChannel.html\" title=\"interface in net.dv8tion.jda.api.entities.channel.middleman\"><code>GuildChannel</code></a> relating to the provided Member or Role, then this returns <code>null</code>.\n</div>"
            ],
            "deprecationElement": null,
            "details": {
                "PARAMETERS": [
                    "<dd>\n <code>permissionHolder</code> - The <a href=\"../../Member.html\" title=\"interface in net.dv8tion.jda.api.entities\"><code>Member</code></a> or <a href=\"../../Role.html\" title=\"interface in net.dv8tion.jda.api.entities\"><code>Role</code></a> whose <a href=\"../../PermissionOverride.html\" title=\"interface in net.dv8tion.jda.api.entities\"><code>PermissionOverride</code></a> is requested.\n</dd>"
                ],
                "RETURNS": [
                    "<dd>\n Possibly-null <a href=\"../../PermissionOverride.html\" title=\"interface in net.dv8tion.jda.api.entities\"><code>PermissionOverride</code></a> relating to the provided Member or Role.\n</dd>"
                ],
                "THROWS": [
                    "<dd>\n <code><a href=\"https://docs.oracle.com/javase/8/docs/api/java/lang/IllegalArgumentException.html\" title=\"class or interface in java.lang\" class=\"external-link\">IllegalArgumentException</a></code> - If the provided permission holder is null, or from a different guild\n</dd>",
                    "<dd>\n <code><a href=\"../../../exceptions/DetachedEntityException.html\" title=\"class in net.dv8tion.jda.api.exceptions\">DetachedEntityException</a></code> - If this entity is <a href=\"../../detached/IDetachableEntity.html#isDetached()\"><code>detached</code></a>\n</dd>"
                ]
            },
            "seeAlso": null
        },
        "getId()": {
            "elementId": "getId()",
            "methodAnnotations": "@Nonnull",
            "methodName": "getId",
            "methodSignature": "@Nonnull default String getId()",
            "parameters": [],
            "methodReturnType": "String",
            "isStatic": false,
            "descriptionElements": [
                "<div class=\"block\">The Snowflake id of this entity. This is unique to every entity and will never change.</div>"
            ],
            "deprecationElement": null,
            "details": {
                "RETURNS": [
                    "<dd>Never-null String containing the Id.</dd>"
                ]
            },
            "seeAlso": null
        },
        "createThreadChannel(java.lang.String,boolean)": {
            "elementId": "createThreadChannel(java.lang.String,boolean)",
            "methodAnnotations": "@Nonnull @CheckReturnValue",
            "methodName": "createThreadChannel",
            "methodSignature": "@Nonnull @CheckReturnValue ThreadChannelAction createThreadChannel(@Nonnull String name, boolean isPrivate)",
            "parameters": [
                {
                    "annotations": [
                        "Nonnull"
                    ],
                    "type": "java.lang.String",
                    "simpleType": "String",
                    "name": "name"
                },
                {
                    "annotations": [],
                    "type": "boolean",
                    "simpleType": "boolean",
                    "name": "isPrivate"
                }
            ],
            "methodReturnType": "ThreadChannelAction",
            "isStatic": false,
            "descriptionElements": [
                "<div class=\"block\">\n Creates a new <a href=\"../concrete/ThreadChannel.html\" title=\"interface in net.dv8tion.jda.api.entities.channel.concrete\"><code>ThreadChannel</code></a> with the parent channel being this <a href=\"IThreadContainer.html\" title=\"interface in net.dv8tion.jda.api.entities.channel.attribute\"><code>IThreadContainer</code></a>.\n <p>The resulting <a href=\"../concrete/ThreadChannel.html\" title=\"interface in net.dv8tion.jda.api.entities.channel.concrete\"><code>ThreadChannel</code></a> may be one of:</p>\n <ul>\n  <li><a href=\"../ChannelType.html#GUILD_PUBLIC_THREAD\"><code>ChannelType.GUILD_PUBLIC_THREAD</code></a></li>\n  <li><a href=\"../ChannelType.html#GUILD_NEWS_THREAD\"><code>ChannelType.GUILD_NEWS_THREAD</code></a></li>\n  <li><a href=\"../ChannelType.html#GUILD_PRIVATE_THREAD\"><code>ChannelType.GUILD_PRIVATE_THREAD</code></a></li>\n </ul>\n <p>Possible <a href=\"../../../requests/ErrorResponse.html\" title=\"enum in net.dv8tion.jda.api.requests\"><code>ErrorResponses</code></a> caused by the returned <a href=\"../../../requests/RestAction.html\" title=\"interface in net.dv8tion.jda.api.requests\"><code>RestAction</code></a> include the following:</p>\n <ul>\n  <li><a href=\"../../../requests/ErrorResponse.html#MISSING_PERMISSIONS\"><code>MISSING_PERMISSIONS</code></a>\n   <br>\n   The channel could not be created due to a permission discrepancy</li>\n  <li><a href=\"../../../requests/ErrorResponse.html#MAX_CHANNELS\"><code>MAX_CHANNELS</code></a>\n   <br>\n   The maximum number of channels were exceeded</li>\n  <li><a href=\"../../../requests/ErrorResponse.html#MAX_ACTIVE_THREADS\"><code>ErrorResponse.MAX_ACTIVE_THREADS</code></a>\n   <br>\n   The maximum number of active threads has been reached, and no more may be created.</li>\n  <li><a href=\"../../../requests/ErrorResponse.html#MISSING_PERMISSIONS\"><code>ErrorResponse.MISSING_PERMISSIONS</code></a>\n   <br>\n   Due to missing private thread permissions.</li>\n </ul>\n</div>"
            ],
            "deprecationElement": null,
            "details": {
                "PARAMETERS": [
                    "<dd>\n <code>name</code> - The name of the new ThreadChannel (up to <a href=\"../Channel.html#MAX_NAME_LENGTH\">100</a> characters).\n</dd>",
                    "<dd>\n <code>isPrivate</code> - The public/private status of the new ThreadChannel. If true, the new ThreadChannel will be private.\n</dd>"
                ],
                "RETURNS": [
                    "<dd>\n A specific <a href=\"../../../requests/restaction/ThreadChannelAction.html\" title=\"interface in net.dv8tion.jda.api.requests.restaction\"><code>ThreadChannelAction</code></a> that may be used to configure the new ThreadChannel before its creation.\n</dd>"
                ],
                "THROWS": [
                    "<dd>\n <code><a href=\"https://docs.oracle.com/javase/8/docs/api/java/lang/IllegalArgumentException.html\" title=\"class or interface in java.lang\" class=\"external-link\">IllegalArgumentException</a></code> - If the provided name is null, blank, empty, or longer than <a href=\"../Channel.html#MAX_NAME_LENGTH\">100</a> characters.\n</dd>",
                    "<dd>\n <code><a href=\"https://docs.oracle.com/javase/8/docs/api/java/lang/IllegalStateException.html\" title=\"class or interface in java.lang\" class=\"external-link\">IllegalStateException</a></code> - If the guild does have the feature flag <code>\"PRIVATE_THREADS\"</code> enabled.\n</dd>",
                    "<dd>\n <code><a href=\"https://docs.oracle.com/javase/8/docs/api/java/lang/UnsupportedOperationException.html\" title=\"class or interface in java.lang\" class=\"external-link\">UnsupportedOperationException</a></code> - If this is a forum channel. You must use <a href=\"IPostContainer.html#createForumPost(java.lang.String,net.dv8tion.jda.api.utils.messages.MessageCreateData)\"><code>createForumPost(...)</code></a> instead.\n</dd>",
                    "<dd>\n <code><a href=\"../../../exceptions/InsufficientPermissionException.html\" title=\"class in net.dv8tion.jda.api.exceptions\">InsufficientPermissionException</a></code> -\n <ul>\n  <li>If the bot does not have <a href=\"../../../Permission.html#VIEW_CHANNEL\"><code>Permission.VIEW_CHANNEL</code></a></li>\n  <li>If the thread is <code>private</code>, and the bot does not have <a href=\"../../../Permission.html#CREATE_PRIVATE_THREADS\"><code>Permission.CREATE_PRIVATE_THREADS</code></a></li>\n  <li>If the thread is not <code>private</code>, and the bot does not have <a href=\"../../../Permission.html#CREATE_PUBLIC_THREADS\"><code>Permission.CREATE_PUBLIC_THREADS</code></a></li>\n </ul>\n</dd>",
                    "<dd>\n <code><a href=\"../../../exceptions/DetachedEntityException.html\" title=\"class in net.dv8tion.jda.api.exceptions\">DetachedEntityException</a></code> - If this entity is <a href=\"../../detached/IDetachableEntity.html#isDetached()\"><code>detached</code></a>\n</dd>"
                ]
            },
            "seeAlso": null
        },
        "getName()": {
            "elementId": "getName()",
            "methodAnnotations": "@Nonnull",
            "methodName": "getName",
            "methodSignature": "@Nonnull String getName()",
            "parameters": [],
            "methodReturnType": "String",
            "isStatic": false,
            "descriptionElements": [
                "<div class=\"block\">\n The human readable name of this channel.\n <p>May be an empty string for <a href=\"concrete/GroupChannel.html\" title=\"interface in net.dv8tion.jda.api.entities.channel.concrete\"><code>GroupChannels</code></a> with no name (Group DMs with no name displays the recipients on the Discord client).</p>\n</div>"
            ],
            "deprecationElement": null,
            "details": {
                "RETURNS": [
                    "<dd>The name of this channel</dd>"
                ]
            },
            "seeAlso": null
        },
        "createThreadChannel(java.lang.String,long)": {
            "elementId": "createThreadChannel(java.lang.String,long)",
            "methodAnnotations": "@Nonnull @CheckReturnValue",
            "methodName": "createThreadChannel",
            "methodSignature": "@Nonnull @CheckReturnValue ThreadChannelAction createThreadChannel(@Nonnull String name, long messageId)",
            "parameters": [
                {
                    "annotations": [
                        "Nonnull"
                    ],
                    "type": "java.lang.String",
                    "simpleType": "String",
                    "name": "name"
                },
                {
                    "annotations": [],
                    "type": "long",
                    "simpleType": "long",
                    "name": "messageId"
                }
            ],
            "methodReturnType": "ThreadChannelAction",
            "isStatic": false,
            "descriptionElements": [
                "<div class=\"block\">\n Creates a new, public <a href=\"../concrete/ThreadChannel.html\" title=\"interface in net.dv8tion.jda.api.entities.channel.concrete\"><code>ThreadChannel</code></a> with the parent channel being this <a href=\"IThreadContainer.html\" title=\"interface in net.dv8tion.jda.api.entities.channel.attribute\"><code>IThreadContainer</code></a>.\n <br>\n The starting message will copy the message for the provided id, and will be of type <a href=\"../../MessageType.html#THREAD_STARTER_MESSAGE\"><code>MessageType.THREAD_STARTER_MESSAGE</code></a>.\n <p>The resulting <a href=\"../concrete/ThreadChannel.html\" title=\"interface in net.dv8tion.jda.api.entities.channel.concrete\"><code>ThreadChannel</code></a> may be one of:</p>\n <ul>\n  <li><a href=\"../ChannelType.html#GUILD_PUBLIC_THREAD\"><code>ChannelType.GUILD_PUBLIC_THREAD</code></a></li>\n  <li><a href=\"../ChannelType.html#GUILD_NEWS_THREAD\"><code>ChannelType.GUILD_NEWS_THREAD</code></a></li>\n </ul>\n <p>Possible <a href=\"../../../requests/ErrorResponse.html\" title=\"enum in net.dv8tion.jda.api.requests\"><code>ErrorResponses</code></a> caused by the returned <a href=\"../../../requests/RestAction.html\" title=\"interface in net.dv8tion.jda.api.requests\"><code>RestAction</code></a> include the following:</p>\n <ul>\n  <li><a href=\"../../../requests/ErrorResponse.html#MISSING_PERMISSIONS\"><code>MISSING_PERMISSIONS</code></a>\n   <br>\n   The channel could not be created due to a permission discrepancy</li>\n  <li><a href=\"../../../requests/ErrorResponse.html#MAX_CHANNELS\"><code>MAX_CHANNELS</code></a>\n   <br>\n   The maximum number of channels were exceeded</li>\n  <li><a href=\"../../../requests/ErrorResponse.html#THREAD_WITH_THIS_MESSAGE_ALREADY_EXISTS\"><code>ErrorResponse.THREAD_WITH_THIS_MESSAGE_ALREADY_EXISTS</code></a>\n   <br>\n   This message has already been used to create a thread</li>\n  <li><a href=\"../../../requests/ErrorResponse.html#MAX_ACTIVE_THREADS\"><code>ErrorResponse.MAX_ACTIVE_THREADS</code></a>\n   <br>\n   The maximum number of active threads has been reached, and no more may be created.</li>\n </ul>\n</div>"
            ],
            "deprecationElement": null,
            "details": {
                "PARAMETERS": [
                    "<dd>\n <code>name</code> - The name of the new ThreadChannel (up to <a href=\"../Channel.html#MAX_NAME_LENGTH\">100</a> characters)\n</dd>",
                    "<dd>\n <code>messageId</code> - The ID of the message from which this ThreadChannel will be spawned.\n</dd>"
                ],
                "RETURNS": [
                    "<dd>\n A specific <a href=\"../../../requests/restaction/ThreadChannelAction.html\" title=\"interface in net.dv8tion.jda.api.requests.restaction\"><code>ThreadChannelAction</code></a> that may be used to configure the new ThreadChannel before its creation.\n</dd>"
                ],
                "THROWS": [
                    "<dd>\n <code><a href=\"https://docs.oracle.com/javase/8/docs/api/java/lang/IllegalArgumentException.html\" title=\"class or interface in java.lang\" class=\"external-link\">IllegalArgumentException</a></code> - If the provided name is null, blank, empty, or longer than <a href=\"../Channel.html#MAX_NAME_LENGTH\">100</a> characters\n</dd>",
                    "<dd>\n <code><a href=\"https://docs.oracle.com/javase/8/docs/api/java/lang/UnsupportedOperationException.html\" title=\"class or interface in java.lang\" class=\"external-link\">UnsupportedOperationException</a></code> - If this is a forum channel. You must use <a href=\"IPostContainer.html#createForumPost(java.lang.String,net.dv8tion.jda.api.utils.messages.MessageCreateData)\"><code>createForumPost(...)</code></a> instead.\n</dd>",
                    "<dd>\n <code><a href=\"../../../exceptions/InsufficientPermissionException.html\" title=\"class in net.dv8tion.jda.api.exceptions\">InsufficientPermissionException</a></code> - If the bot does not have <a href=\"../../../Permission.html#CREATE_PUBLIC_THREADS\"><code>Permission.CREATE_PUBLIC_THREADS</code></a> in this channel\n</dd>",
                    "<dd>\n <code><a href=\"../../../exceptions/DetachedEntityException.html\" title=\"class in net.dv8tion.jda.api.exceptions\">DetachedEntityException</a></code> - If this entity is <a href=\"../../detached/IDetachableEntity.html#isDetached()\"><code>detached</code></a>\n</dd>"
                ]
            },
            "seeAlso": null
        },
        "getType()": {
            "elementId": "getType()",
            "methodAnnotations": "@Nonnull",
            "methodName": "getType",
            "methodSignature": "@Nonnull ChannelType getType()",
            "parameters": [],
            "methodReturnType": "ChannelType",
            "isStatic": false,
            "descriptionElements": [
                "<div class=\"block\">\n The <a href=\"ChannelType.html\" title=\"enum in net.dv8tion.jda.api.entities.channel\"><code>ChannelType</code></a> for this channel\n</div>"
            ],
            "deprecationElement": null,
            "details": {
                "RETURNS": [
                    "<dd>The channel type</dd>"
                ]
            },
            "seeAlso": null
        },
        "retrieveArchivedPrivateJoinedThreadChannels()": {
            "elementId": "retrieveArchivedPrivateJoinedThreadChannels()",
            "methodAnnotations": "@Nonnull @CheckReturnValue",
            "methodName": "retrieveArchivedPrivateJoinedThreadChannels",
            "methodSignature": "@Nonnull @CheckReturnValue ThreadChannelPaginationAction retrieveArchivedPrivateJoinedThreadChannels()",
            "parameters": [],
            "methodReturnType": "ThreadChannelPaginationAction",
            "isStatic": false,
            "descriptionElements": [
                "<div class=\"block\">\n Retrieves the archived private <a href=\"../concrete/ThreadChannel.html\" title=\"interface in net.dv8tion.jda.api.entities.channel.concrete\"><code>ThreadChannels</code></a> for this channel, that the bot has previously joined or been added to.\n <br>\n Unlike <a href=\"#retrieveArchivedPrivateThreadChannels()\"><code>retrieveArchivedPrivateThreadChannels()</code></a>, this only checks for threads which the bot has joined, and thus does not require permissions to manage threads.\n <p>You can use <a href=\"#retrieveArchivedPrivateThreadChannels()\"><code>retrieveArchivedPrivateThreadChannels()</code></a>, to get all <em>private</em> archived threads.</p>\n <p>Note that <a href=\"../concrete/ForumChannel.html\" title=\"interface in net.dv8tion.jda.api.entities.channel.concrete\"><code>ForumChannels</code></a> cannot have private threads.</p>\n</div>"
            ],
            "deprecationElement": null,
            "details": {
                "RETURNS": [
                    "<dd>\n <a href=\"../../../requests/restaction/pagination/ThreadChannelPaginationAction.html\" title=\"interface in net.dv8tion.jda.api.requests.restaction.pagination\"><code>ThreadChannelPaginationAction</code></a> to iterate over all joined private archived ThreadChannels\n</dd>"
                ],
                "THROWS": [
                    "<dd>\n <code><a href=\"../../../exceptions/InsufficientPermissionException.html\" title=\"class in net.dv8tion.jda.api.exceptions\">InsufficientPermissionException</a></code> - If the bot does not have <a href=\"../../../Permission.html#MESSAGE_HISTORY\"><code>Permission.MESSAGE_HISTORY</code></a> in this channel\n</dd>",
                    "<dd>\n <code><a href=\"../../../exceptions/DetachedEntityException.html\" title=\"class in net.dv8tion.jda.api.exceptions\">DetachedEntityException</a></code> - If this entity is <a href=\"../../detached/IDetachableEntity.html#isDetached()\"><code>detached</code></a>\n</dd>"
                ]
            },
            "seeAlso": null
        },
        "getJumpUrl()": {
            "elementId": "getJumpUrl()",
            "methodAnnotations": "@Nonnull",
            "methodName": "getJumpUrl",
            "methodSignature": "@Nonnull default String getJumpUrl()",
            "parameters": [],
            "methodReturnType": "String",
            "isStatic": false,
            "descriptionElements": [
                "<div class=\"block\">Returns the jump-to URL for this channel. Clicking this URL in the Discord client will cause the client to jump to the specified channel.</div>"
            ],
            "deprecationElement": null,
            "details": {
                "RETURNS": [
                    "<dd>A String representing the jump-to URL for the channel.</dd>"
                ]
            },
            "seeAlso": null
        },
        "getThreadChannels()": {
            "elementId": "getThreadChannels()",
            "methodAnnotations": "@Nonnull",
            "methodName": "getThreadChannels",
            "methodSignature": "@Nonnull default @Unmodifiable List<ThreadChannel> getThreadChannels()",
            "parameters": [],
            "methodReturnType": "@Unmodifiable List<ThreadChannel>",
            "isStatic": false,
            "descriptionElements": [
                "<div class=\"block\">\n Finds all <a href=\"../concrete/ThreadChannel.html\" title=\"interface in net.dv8tion.jda.api.entities.channel.concrete\"><code>ThreadChannels</code></a> whose parent is this channel.\n <p>These threads can also represent posts in <a href=\"../concrete/ForumChannel.html\" title=\"interface in net.dv8tion.jda.api.entities.channel.concrete\"><code>ForumChannels</code></a>.</p>\n</div>"
            ],
            "deprecationElement": null,
            "details": {
                "RETURNS": [
                    "<dd>Immutable list of all ThreadChannel children.</dd>"
                ],
                "THROWS": [
                    "<dd>\n <code><a href=\"../../../exceptions/DetachedEntityException.html\" title=\"class in net.dv8tion.jda.api.exceptions\">DetachedEntityException</a></code> - If this entity is <a href=\"../../detached/IDetachableEntity.html#isDetached()\"><code>detached</code></a>\n</dd>"
                ]
            },
            "seeAlso": null
        },
        "createThreadChannel(java.lang.String)": {
            "elementId": "createThreadChannel(java.lang.String)",
            "methodAnnotations": "@Nonnull @CheckReturnValue",
            "methodName": "createThreadChannel",
            "methodSignature": "@Nonnull @CheckReturnValue default ThreadChannelAction createThreadChannel(@Nonnull String name)",
            "parameters": [
                {
                    "annotations": [
                        "Nonnull"
                    ],
                    "type": "java.lang.String",
                    "simpleType": "String",
                    "name": "name"
                }
            ],
            "methodReturnType": "ThreadChannelAction",
            "isStatic": false,
            "descriptionElements": [
                "<div class=\"block\">\n Creates a new public <a href=\"../concrete/ThreadChannel.html\" title=\"interface in net.dv8tion.jda.api.entities.channel.concrete\"><code>ThreadChannel</code></a> with the parent channel being this <a href=\"IThreadContainer.html\" title=\"interface in net.dv8tion.jda.api.entities.channel.attribute\"><code>IThreadContainer</code></a>.\n <p>The resulting <a href=\"../concrete/ThreadChannel.html\" title=\"interface in net.dv8tion.jda.api.entities.channel.concrete\"><code>ThreadChannel</code></a> may be either one of:</p>\n <ul>\n  <li><a href=\"../ChannelType.html#GUILD_PUBLIC_THREAD\"><code>ChannelType.GUILD_PUBLIC_THREAD</code></a></li>\n  <li><a href=\"../ChannelType.html#GUILD_NEWS_THREAD\"><code>ChannelType.GUILD_NEWS_THREAD</code></a></li>\n </ul>\n <p>Possible <a href=\"../../../requests/ErrorResponse.html\" title=\"enum in net.dv8tion.jda.api.requests\"><code>ErrorResponses</code></a> caused by the returned <a href=\"../../../requests/RestAction.html\" title=\"interface in net.dv8tion.jda.api.requests\"><code>RestAction</code></a> include the following:</p>\n <ul>\n  <li><a href=\"../../../requests/ErrorResponse.html#MISSING_PERMISSIONS\"><code>MISSING_PERMISSIONS</code></a>\n   <br>\n   The channel could not be created due to a permission discrepancy</li>\n  <li><a href=\"../../../requests/ErrorResponse.html#MAX_CHANNELS\"><code>MAX_CHANNELS</code></a>\n   <br>\n   The maximum number of channels were exceeded</li>\n  <li><a href=\"../../../requests/ErrorResponse.html#MAX_ACTIVE_THREADS\"><code>ErrorResponse.MAX_ACTIVE_THREADS</code></a>\n   <br>\n   The maximum number of active threads has been reached, and no more may be created.</li>\n </ul>\n</div>"
            ],
            "deprecationElement": null,
            "details": {
                "PARAMETERS": [
                    "<dd>\n <code>name</code> - The name of the new ThreadChannel (up to <a href=\"../Channel.html#MAX_NAME_LENGTH\">100</a> characters)\n</dd>"
                ],
                "RETURNS": [
                    "<dd>\n A specific <a href=\"../../../requests/restaction/ThreadChannelAction.html\" title=\"interface in net.dv8tion.jda.api.requests.restaction\"><code>ThreadChannelAction</code></a> that may be used to configure the new ThreadChannel before its creation.\n</dd>"
                ],
                "THROWS": [
                    "<dd>\n <code><a href=\"https://docs.oracle.com/javase/8/docs/api/java/lang/IllegalArgumentException.html\" title=\"class or interface in java.lang\" class=\"external-link\">IllegalArgumentException</a></code> - If the provided name is null, blank, empty, or longer than <a href=\"../Channel.html#MAX_NAME_LENGTH\">100</a> characters\n</dd>",
                    "<dd>\n <code><a href=\"https://docs.oracle.com/javase/8/docs/api/java/lang/UnsupportedOperationException.html\" title=\"class or interface in java.lang\" class=\"external-link\">UnsupportedOperationException</a></code> - If this is a forum channel. You must use <a href=\"IPostContainer.html#createForumPost(java.lang.String,net.dv8tion.jda.api.utils.messages.MessageCreateData)\"><code>createForumPost(...)</code></a> instead.\n</dd>",
                    "<dd>\n <code><a href=\"../../../exceptions/InsufficientPermissionException.html\" title=\"class in net.dv8tion.jda.api.exceptions\">InsufficientPermissionException</a></code> -\n <ul>\n  <li>If the bot does not have <a href=\"../../../Permission.html#VIEW_CHANNEL\"><code>Permission.VIEW_CHANNEL</code></a></li>\n  <li>If the bot does not have <a href=\"../../../Permission.html#CREATE_PUBLIC_THREADS\"><code>Permission.CREATE_PUBLIC_THREADS</code></a></li>\n </ul>\n</dd>",
                    "<dd>\n <code><a href=\"../../../exceptions/DetachedEntityException.html\" title=\"class in net.dv8tion.jda.api.exceptions\">DetachedEntityException</a></code> - If this entity is <a href=\"../../detached/IDetachableEntity.html#isDetached()\"><code>detached</code></a>\n</dd>"
                ]
            },
            "seeAlso": null
        },
        "getMemberPermissionOverrides()": {
            "elementId": "getMemberPermissionOverrides()",
            "methodAnnotations": "@Nonnull",
            "methodName": "getMemberPermissionOverrides",
            "methodSignature": "@Nonnull default @Unmodifiable List<PermissionOverride> getMemberPermissionOverrides()",
            "parameters": [],
            "methodReturnType": "@Unmodifiable List<PermissionOverride>",
            "isStatic": false,
            "descriptionElements": [
                "<div class=\"block\">\n Gets all of the <a href=\"../../Member.html\" title=\"interface in net.dv8tion.jda.api.entities\"><code>Member</code></a> <a href=\"../../PermissionOverride.html\" title=\"interface in net.dv8tion.jda.api.entities\"><code>PermissionOverrides</code></a> that are part of this <a href=\"../middleman/GuildChannel.html\" title=\"interface in net.dv8tion.jda.api.entities.channel.middleman\"><code>GuildChannel</code></a>.\n <p>This requires <a href=\"../../../utils/cache/CacheFlag.html#MEMBER_OVERRIDES\"><code>CacheFlag.MEMBER_OVERRIDES</code></a> to be enabled!</p>\n</div>"
            ],
            "deprecationElement": null,
            "details": {
                "RETURNS": [
                    "<dd>\n Possibly-empty immutable list of all <a href=\"../../PermissionOverride.html\" title=\"interface in net.dv8tion.jda.api.entities\"><code>PermissionOverrides</code></a> for <a href=\"../../Member.html\" title=\"interface in net.dv8tion.jda.api.entities\"><code>Member</code></a> for this <a href=\"../middleman/GuildChannel.html\" title=\"interface in net.dv8tion.jda.api.entities.channel.middleman\"><code>GuildChannel</code></a>.\n</dd>"
                ],
                "THROWS": [
                    "<dd>\n <code><a href=\"../../../exceptions/DetachedEntityException.html\" title=\"class in net.dv8tion.jda.api.exceptions\">DetachedEntityException</a></code> - If this entity is <a href=\"../../detached/IDetachableEntity.html#isDetached()\"><code>detached</code></a>\n</dd>"
                ]
            },
            "seeAlso": null
        },
        "getAsMention()": {
            "elementId": "getAsMention()",
            "methodAnnotations": "@Nonnull",
            "methodName": "getAsMention",
            "methodSignature": "@Nonnull default String getAsMention()",
            "parameters": [],
            "methodReturnType": "String",
            "isStatic": false,
            "descriptionElements": [
                "<div class=\"block\">\n <span class=\"descfrm-type-label\">Description copied from interface:&nbsp;<code><a href=\"../IMentionable.html#getAsMention()\">IMentionable</a></code></span>\n</div>",
                "<div class=\"block\">\n Retrieve a Mention for this Entity. For the public <a href=\"../Role.html\" title=\"interface in net.dv8tion.jda.api.entities\"><code>Role</code></a> (@everyone), this will return the literal string <code>\"@everyone\"</code>.\n</div>"
            ],
            "deprecationElement": null,
            "details": {
                "RETURNS": [
                    "<dd>A resolvable mention.</dd>"
                ],
                "SPECIFIED_BY": [
                    "<dd>\n <code><a href=\"../IMentionable.html#getAsMention()\">getAsMention</a></code>&nbsp;in interface&nbsp;<code><a href=\"../IMentionable.html\" title=\"interface in net.dv8tion.jda.api.entities\">IMentionable</a></code>\n</dd>"
                ]
            },
            "seeAlso": null
        },
        "getJDA()": {
            "elementId": "getJDA()",
            "methodAnnotations": "@Nonnull",
            "methodName": "getJDA",
            "methodSignature": "@Nonnull JDA getJDA()",
            "parameters": [],
            "methodReturnType": "JDA",
            "isStatic": false,
            "descriptionElements": [
                "<div class=\"block\">\n Returns the <a href=\"../../JDA.html\" title=\"interface in net.dv8tion.jda.api\"><code>JDA</code></a> instance of this channel\n</div>"
            ],
            "deprecationElement": null,
            "details": {
                "RETURNS": [
                    "<dd>the corresponding JDA instance</dd>"
                ]
            },
            "seeAlso": null
        },
        "upsertPermissionOverride(net.dv8tion.jda.api.entities.IPermissionHolder)": {
            "elementId": "upsertPermissionOverride(net.dv8tion.jda.api.entities.IPermissionHolder)",
            "methodAnnotations": "@Nonnull @CheckReturnValue",
            "methodName": "upsertPermissionOverride",
            "methodSignature": "@Nonnull @CheckReturnValue PermissionOverrideAction upsertPermissionOverride(@Nonnull IPermissionHolder permissionHolder)",
            "parameters": [
                {
                    "annotations": [
                        "Nonnull"
                    ],
                    "type": "net.dv8tion.jda.api.entities.IPermissionHolder",
                    "simpleType": "IPermissionHolder",
                    "name": "permissionHolder"
                }
            ],
            "methodReturnType": "PermissionOverrideAction",
            "isStatic": false,
            "descriptionElements": [
                "<div class=\"block\">\n Creates a new override or updates an existing one.\n <br>\n This is similar to calling <a href=\"../../PermissionOverride.html#getManager()\"><code>PermissionOverride.getManager()</code></a> if an override exists.\n</div>"
            ],
            "deprecationElement": null,
            "details": {
                "PARAMETERS": [
                    "<dd>\n <code>permissionHolder</code> - The Member/Role for the override\n</dd>"
                ],
                "RETURNS": [
                    "<dd>\n <a href=\"../../../requests/restaction/PermissionOverrideAction.html\" title=\"interface in net.dv8tion.jda.api.requests.restaction\"><code>PermissionOverrideAction</code></a>\n <br>\n With the current settings of an existing override or a fresh override with no permissions set\n</dd>"
                ],
                "SEE_ALSO": [
                    "<dd>\n <ul class=\"see-list-long\">\n  <li><a href=\"../../../requests/restaction/PermissionOverrideAction.html#clear(long)\"><code>PermissionOverrideAction.clear(long)</code></a></li>\n  <li><a href=\"../../../requests/restaction/PermissionOverrideAction.html#grant(long)\"><code>PermissionOverrideAction.grant(long)</code></a></li>\n  <li><a href=\"../../../requests/restaction/PermissionOverrideAction.html#deny(long)\"><code>PermissionOverrideAction.deny(long)</code></a></li>\n </ul>\n</dd>"
                ],
                "THROWS": [
                    "<dd>\n <code><a href=\"../../../exceptions/InsufficientPermissionException.html\" title=\"class in net.dv8tion.jda.api.exceptions\">InsufficientPermissionException</a></code> - If we don't have the permission to <a href=\"../../../Permission.html#MANAGE_PERMISSIONS\"><code>MANAGE_PERMISSIONS</code></a>\n</dd>",
                    "<dd>\n <code><a href=\"https://docs.oracle.com/javase/8/docs/api/java/lang/IllegalArgumentException.html\" title=\"class or interface in java.lang\" class=\"external-link\">IllegalArgumentException</a></code> - If the provided permission holder is null or not from this guild\n</dd>",
                    "<dd>\n <code><a href=\"../../../exceptions/DetachedEntityException.html\" title=\"class in net.dv8tion.jda.api.exceptions\">DetachedEntityException</a></code> - If this entity is <a href=\"../../detached/IDetachableEntity.html#isDetached()\"><code>detached</code></a>\n</dd>"
                ]
            },
            "seeAlso": {
                "references": [
                    {
                        "text": "PermissionOverrideAction#clear(long)",
                        "link": "https://docs.jda.wiki/net/dv8tion/jda/api/requests/restaction/PermissionOverrideAction.html#clear(long)",
                        "targetType": "METHOD",
                        "fullSignature": "PermissionOverrideAction#clear(long)"
                    },
                    {
                        "text": "PermissionOverrideAction#grant(long)",
                        "link": "https://docs.jda.wiki/net/dv8tion/jda/api/requests/restaction/PermissionOverrideAction.html#grant(long)",
                        "targetType": "METHOD",
                        "fullSignature": "PermissionOverrideAction#grant(long)"
                    },
                    {
                        "text": "PermissionOverrideAction#deny(long)",
                        "link": "https://docs.jda.wiki/net/dv8tion/jda/api/requests/restaction/PermissionOverrideAction.html#deny(long)",
                        "targetType": "METHOD",
                        "fullSignature": "PermissionOverrideAction#deny(long)"
                    }
                ]
            }
        },
        "getPermissionContainer()": {
            "elementId": "getPermissionContainer()",
            "methodAnnotations": "@Nonnull",
            "methodName": "getPermissionContainer",
            "methodSignature": "@Nonnull IPermissionContainer getPermissionContainer()",
            "parameters": [],
            "methodReturnType": "IPermissionContainer",
            "isStatic": false,
            "descriptionElements": [
                "<div class=\"block\">\n The channel containing the permissions relevant to this channel.\n <p>This is usually the same channel, but for threads the parent channel is used instead.</p>\n</div>"
            ],
            "deprecationElement": null,
            "details": {
                "RETURNS": [
                    "<dd>The permission container</dd>"
                ],
                "THROWS": [
                    "<dd>\n <code><a href=\"../../../exceptions/DetachedEntityException.html\" title=\"class in net.dv8tion.jda.api.exceptions\">DetachedEntityException</a></code> - If this entity is <a href=\"../../detached/IDetachableEntity.html#isDetached()\"><code>detached</code></a>\n</dd>"
                ]
            },
            "seeAlso": null
        },
        "createThreadChannel(java.lang.String,java.lang.String)": {
            "elementId": "createThreadChannel(java.lang.String,java.lang.String)",
            "methodAnnotations": "@Nonnull @CheckReturnValue",
            "methodName": "createThreadChannel",
            "methodSignature": "@Nonnull @CheckReturnValue default ThreadChannelAction createThreadChannel(@Nonnull String name, @Nonnull String messageId)",
            "parameters": [
                {
                    "annotations": [
                        "Nonnull"
                    ],
                    "type": "java.lang.String",
                    "simpleType": "String",
                    "name": "name"
                },
                {
                    "annotations": [
                        "Nonnull"
                    ],
                    "type": "java.lang.String",
                    "simpleType": "String",
                    "name": "messageId"
                }
            ],
            "methodReturnType": "ThreadChannelAction",
            "isStatic": false,
            "descriptionElements": [
                "<div class=\"block\">\n Creates a new, public <a href=\"../concrete/ThreadChannel.html\" title=\"interface in net.dv8tion.jda.api.entities.channel.concrete\"><code>ThreadChannel</code></a> with the parent channel being this <a href=\"IThreadContainer.html\" title=\"interface in net.dv8tion.jda.api.entities.channel.attribute\"><code>IThreadContainer</code></a>.\n <br>\n The starting message will copy the message for the provided id, and will be of type <a href=\"../../MessageType.html#THREAD_STARTER_MESSAGE\"><code>MessageType.THREAD_STARTER_MESSAGE</code></a>.\n <p>The resulting <a href=\"../concrete/ThreadChannel.html\" title=\"interface in net.dv8tion.jda.api.entities.channel.concrete\"><code>ThreadChannel</code></a> may be one of:</p>\n <ul>\n  <li><a href=\"../ChannelType.html#GUILD_PUBLIC_THREAD\"><code>ChannelType.GUILD_PUBLIC_THREAD</code></a></li>\n  <li><a href=\"../ChannelType.html#GUILD_NEWS_THREAD\"><code>ChannelType.GUILD_NEWS_THREAD</code></a></li>\n </ul>\n <p>Possible <a href=\"../../../requests/ErrorResponse.html\" title=\"enum in net.dv8tion.jda.api.requests\"><code>ErrorResponses</code></a> caused by the returned <a href=\"../../../requests/RestAction.html\" title=\"interface in net.dv8tion.jda.api.requests\"><code>RestAction</code></a> include the following:</p>\n <ul>\n  <li><a href=\"../../../requests/ErrorResponse.html#MISSING_PERMISSIONS\"><code>MISSING_PERMISSIONS</code></a>\n   <br>\n   The channel could not be created due to a permission discrepancy</li>\n  <li><a href=\"../../../requests/ErrorResponse.html#MAX_CHANNELS\"><code>MAX_CHANNELS</code></a>\n   <br>\n   The maximum number of channels were exceeded</li>\n  <li><a href=\"../../../requests/ErrorResponse.html#THREAD_WITH_THIS_MESSAGE_ALREADY_EXISTS\"><code>ErrorResponse.THREAD_WITH_THIS_MESSAGE_ALREADY_EXISTS</code></a>\n   <br>\n   This message has already been used to create a thread</li>\n  <li><a href=\"../../../requests/ErrorResponse.html#MAX_ACTIVE_THREADS\"><code>ErrorResponse.MAX_ACTIVE_THREADS</code></a>\n   <br>\n   The maximum number of active threads has been reached, and no more may be created.</li>\n </ul>\n</div>"
            ],
            "deprecationElement": null,
            "details": {
                "PARAMETERS": [
                    "<dd>\n <code>name</code> - The name of the new ThreadChannel (up to <a href=\"../Channel.html#MAX_NAME_LENGTH\">100</a> characters)\n</dd>",
                    "<dd>\n <code>messageId</code> - The ID of the message from which this ThreadChannel will be spawned.\n</dd>"
                ],
                "RETURNS": [
                    "<dd>\n A specific <a href=\"../../../requests/restaction/ThreadChannelAction.html\" title=\"interface in net.dv8tion.jda.api.requests.restaction\"><code>ThreadChannelAction</code></a> that may be used to configure the new ThreadChannel before its creation.\n</dd>"
                ],
                "THROWS": [
                    "<dd>\n <code><a href=\"https://docs.oracle.com/javase/8/docs/api/java/lang/IllegalArgumentException.html\" title=\"class or interface in java.lang\" class=\"external-link\">IllegalArgumentException</a></code> - If the provided name is null, blank, empty, or longer than <a href=\"../Channel.html#MAX_NAME_LENGTH\">100</a> characters. Or the message id is not a valid snowflake.\n</dd>",
                    "<dd>\n <code><a href=\"https://docs.oracle.com/javase/8/docs/api/java/lang/UnsupportedOperationException.html\" title=\"class or interface in java.lang\" class=\"external-link\">UnsupportedOperationException</a></code> - If this is a forum channel. You must use <a href=\"IPostContainer.html#createForumPost(java.lang.String,net.dv8tion.jda.api.utils.messages.MessageCreateData)\"><code>createForumPost(...)</code></a> instead.\n</dd>",
                    "<dd>\n <code><a href=\"../../../exceptions/InsufficientPermissionException.html\" title=\"class in net.dv8tion.jda.api.exceptions\">InsufficientPermissionException</a></code> - If the bot does not have <a href=\"../../../Permission.html#CREATE_PUBLIC_THREADS\"><code>Permission.CREATE_PUBLIC_THREADS</code></a> in this channel\n</dd>",
                    "<dd>\n <code><a href=\"../../../exceptions/DetachedEntityException.html\" title=\"class in net.dv8tion.jda.api.exceptions\">DetachedEntityException</a></code> - If this entity is <a href=\"../../detached/IDetachableEntity.html#isDetached()\"><code>detached</code></a>\n</dd>"
                ]
            },
            "seeAlso": null
        },
        "getGuild()": {
            "elementId": "getGuild()",
            "methodAnnotations": "@Nonnull",
            "methodName": "getGuild",
            "methodSignature": "@Nonnull Guild getGuild()",
            "parameters": [],
            "methodReturnType": "Guild",
            "isStatic": false,
            "descriptionElements": [
                "<div class=\"block\">\n Returns the <a href=\"../../Guild.html\" title=\"interface in net.dv8tion.jda.api.entities\"><code>Guild</code></a> that this GuildChannel is part of.\n</div>"
            ],
            "deprecationElement": null,
            "details": {
                "RETURNS": [
                    "<dd>\n Never-null <a href=\"../../Guild.html\" title=\"interface in net.dv8tion.jda.api.entities\"><code>Guild</code></a> that this GuildChannel is part of.\n</dd>"
                ]
            },
            "seeAlso": null
        },
        "retrieveArchivedPrivateThreadChannels()": {
            "elementId": "retrieveArchivedPrivateThreadChannels()",
            "methodAnnotations": "@Nonnull @CheckReturnValue",
            "methodName": "retrieveArchivedPrivateThreadChannels",
            "methodSignature": "@Nonnull @CheckReturnValue ThreadChannelPaginationAction retrieveArchivedPrivateThreadChannels()",
            "parameters": [],
            "methodReturnType": "ThreadChannelPaginationAction",
            "isStatic": false,
            "descriptionElements": [
                "<div class=\"block\">\n Retrieves the archived private <a href=\"../concrete/ThreadChannel.html\" title=\"interface in net.dv8tion.jda.api.entities.channel.concrete\"><code>ThreadChannels</code></a> for this channel.\n <br>\n This will iterate over all previously opened private threads, that have been archived. This is a moderator restricted method, since private threads are only visible to members with <a href=\"../../../Permission.html#MANAGE_THREADS\"><code>Permission.MANAGE_THREADS</code></a>.\n <p>You can use <a href=\"#retrieveArchivedPublicThreadChannels()\"><code>retrieveArchivedPublicThreadChannels()</code></a>, to get all <em>public</em> archived threads.</p>\n <p>Note that <a href=\"../concrete/ForumChannel.html\" title=\"interface in net.dv8tion.jda.api.entities.channel.concrete\"><code>ForumChannels</code></a> cannot have private threads.</p>\n</div>"
            ],
            "deprecationElement": null,
            "details": {
                "RETURNS": [
                    "<dd>\n <a href=\"../../../requests/restaction/pagination/ThreadChannelPaginationAction.html\" title=\"interface in net.dv8tion.jda.api.requests.restaction.pagination\"><code>ThreadChannelPaginationAction</code></a> to iterate over all private archived ThreadChannels\n</dd>"
                ],
                "THROWS": [
                    "<dd>\n <code><a href=\"../../../exceptions/InsufficientPermissionException.html\" title=\"class in net.dv8tion.jda.api.exceptions\">InsufficientPermissionException</a></code> - If the bot does not have <a href=\"../../../Permission.html#MESSAGE_HISTORY\"><code>Permission.MESSAGE_HISTORY</code></a> or <a href=\"../../../Permission.html#MANAGE_THREADS\"><code>Permission.MANAGE_THREADS</code></a> in this channel\n</dd>",
                    "<dd>\n <code><a href=\"../../../exceptions/DetachedEntityException.html\" title=\"class in net.dv8tion.jda.api.exceptions\">DetachedEntityException</a></code> - If this entity is <a href=\"../../detached/IDetachableEntity.html#isDetached()\"><code>detached</code></a>\n</dd>"
                ]
            },
            "seeAlso": null
        },
        "getRolePermissionOverrides()": {
            "elementId": "getRolePermissionOverrides()",
            "methodAnnotations": "@Nonnull",
            "methodName": "getRolePermissionOverrides",
            "methodSignature": "@Nonnull default @Unmodifiable List<PermissionOverride> getRolePermissionOverrides()",
            "parameters": [],
            "methodReturnType": "@Unmodifiable List<PermissionOverride>",
            "isStatic": false,
            "descriptionElements": [
                "<div class=\"block\">\n Gets all of the <a href=\"../../Role.html\" title=\"interface in net.dv8tion.jda.api.entities\"><code>Role</code></a> <a href=\"../../PermissionOverride.html\" title=\"interface in net.dv8tion.jda.api.entities\"><code>PermissionOverrides</code></a> that are part of this <a href=\"../middleman/GuildChannel.html\" title=\"interface in net.dv8tion.jda.api.entities.channel.middleman\"><code>GuildChannel</code></a>.\n</div>"
            ],
            "deprecationElement": null,
            "details": {
                "RETURNS": [
                    "<dd>\n Possibly-empty immutable list of all <a href=\"../../PermissionOverride.html\" title=\"interface in net.dv8tion.jda.api.entities\"><code>PermissionOverrides</code></a> for <a href=\"../../Role.html\" title=\"interface in net.dv8tion.jda.api.entities\"><code>Roles</code></a> for this <a href=\"../middleman/GuildChannel.html\" title=\"interface in net.dv8tion.jda.api.entities.channel.middleman\"><code>GuildChannel</code></a>.\n</dd>"
                ],
                "THROWS": [
                    "<dd>\n <code><a href=\"../../../exceptions/DetachedEntityException.html\" title=\"class in net.dv8tion.jda.api.exceptions\">DetachedEntityException</a></code> - If this entity is <a href=\"../../detached/IDetachableEntity.html#isDetached()\"><code>detached</code></a>\n</dd>"
                ]
            },
            "seeAlso": null
        },
        "delete()": {
            "elementId": "delete()",
            "methodAnnotations": "@Nonnull @CheckReturnValue",
            "methodName": "delete",
            "methodSignature": "@Nonnull @CheckReturnValue AuditableRestAction<Void> delete()",
            "parameters": [],
            "methodReturnType": "AuditableRestAction<Void>",
            "isStatic": false,
            "descriptionElements": [
                "<div class=\"block\">\n Deletes this GuildChannel.\n <p>Possible ErrorResponses include:</p>\n <ul>\n  <li><a href=\"../../../requests/ErrorResponse.html#UNKNOWN_CHANNEL\"><code>UNKNOWN_CHANNEL</code></a>\n   <br>\n   If this channel was already deleted</li>\n  <li><a href=\"../../../requests/ErrorResponse.html#MISSING_PERMISSIONS\"><code>MISSING_PERMISSIONS</code></a>\n   <br>\n   The send request was attempted after the account lost <a href=\"../../../Permission.html#MANAGE_CHANNEL\"><code>Permission.MANAGE_CHANNEL</code></a> in the channel.</li>\n  <li><a href=\"../../../requests/ErrorResponse.html#MISSING_ACCESS\"><code>MISSING_ACCESS</code></a>\n   <br>\n   If we were removed from the Guild</li>\n </ul>\n</div>"
            ],
            "deprecationElement": null,
            "details": {
                "RETURNS": [
                    "<dd>\n <a href=\"../../../requests/restaction/AuditableRestAction.html\" title=\"interface in net.dv8tion.jda.api.requests.restaction\"><code>AuditableRestAction</code></a>\n</dd>"
                ],
                "SPECIFIED_BY": [
                    "<dd>\n <code><a href=\"../Channel.html#delete()\">delete</a></code>&nbsp;in interface&nbsp;<code><a href=\"../Channel.html\" title=\"interface in net.dv8tion.jda.api.entities.channel\">Channel</a></code>\n</dd>"
                ],
                "THROWS": [
                    "<dd>\n <code><a href=\"../../../exceptions/InsufficientPermissionException.html\" title=\"class in net.dv8tion.jda.api.exceptions\">InsufficientPermissionException</a></code> - if the currently logged in account doesn't have <a href=\"../../../Permission.html#MANAGE_CHANNEL\"><code>MANAGE_CHANNEL</code></a> for the channel.\n</dd>",
                    "<dd>\n <code><a href=\"../../../exceptions/DetachedEntityException.html\" title=\"class in net.dv8tion.jda.api.exceptions\">DetachedEntityException</a></code> - If this entity is <a href=\"../../detached/IDetachableEntity.html#isDetached()\"><code>detached</code></a>\n</dd>"
                ]
            },
            "seeAlso": null
        },
        "getTimeCreated()": {
            "elementId": "getTimeCreated()",
            "methodAnnotations": "@Nonnull",
            "methodName": "getTimeCreated",
            "methodSignature": "@Nonnull default OffsetDateTime getTimeCreated()",
            "parameters": [],
            "methodReturnType": "OffsetDateTime",
            "isStatic": false,
            "descriptionElements": [
                "<div class=\"block\">\n The time this entity was created. Calculated through the Snowflake in <a href=\"#getIdLong()\"><code>getIdLong()</code></a>.\n</div>"
            ],
            "deprecationElement": null,
            "details": {
                "RETURNS": [
                    "<dd>OffsetDateTime - Time this entity was created at.</dd>"
                ],
                "SEE_ALSO": [
                    "<dd>\n <ul class=\"see-list\">\n  <li><a href=\"../utils/TimeUtil.html#getTimeCreated(long)\"><code>TimeUtil.getTimeCreated(long)</code></a></li>\n </ul>\n</dd>"
                ]
            },
            "seeAlso": {
                "references": [
                    {
                        "text": "TimeUtil#getTimeCreated(long)",
                        "link": "https://docs.jda.wiki/net/dv8tion/jda/api/utils/TimeUtil.html#getTimeCreated(long)",
                        "targetType": "METHOD",
                        "fullSignature": "TimeUtil#getTimeCreated(long)"
                    }
                ]
            }
        },
        "formatTo(java.util.Formatter,int,int,int)": {
            "elementId": "formatTo(java.util.Formatter,int,int,int)",
            "methodAnnotations": null,
            "methodName": "formatTo",
            "methodSignature": "default void formatTo(Formatter formatter, int flags, int width, int precision)",
            "parameters": [
                {
                    "annotations": [],
                    "type": "java.util.Formatter",
                    "simpleType": "Formatter",
                    "name": "formatter"
                },
                {
                    "annotations": [],
                    "type": "int",
                    "simpleType": "int",
                    "name": "flags"
                },
                {
                    "annotations": [],
                    "type": "int",
                    "simpleType": "int",
                    "name": "width"
                },
                {
                    "annotations": [],
                    "type": "int",
                    "simpleType": "int",
                    "name": "precision"
                }
            ],
            "methodReturnType": "void",
            "isStatic": false,
            "descriptionElements": [],
            "deprecationElement": null,
            "details": {
                "SPECIFIED_BY": [
                    "<dd>\n <code><a href=\"https://docs.oracle.com/javase/8/docs/api/java/util/Formattable.html#formatTo-java.util.Formatter-int-int-int-\" title=\"class or interface in java.util\" class=\"external-link\">formatTo</a></code>&nbsp;in interface&nbsp;<code><a href=\"https://docs.oracle.com/javase/8/docs/api/java/util/Formattable.html\" title=\"class or interface in java.util\" class=\"external-link\">Formattable</a></code>\n</dd>",
                    "<dd>\n <code><a href=\"../IMentionable.html#formatTo(java.util.Formatter,int,int,int)\">formatTo</a></code>&nbsp;in interface&nbsp;<code><a href=\"../IMentionable.html\" title=\"interface in net.dv8tion.jda.api.entities\">IMentionable</a></code>\n</dd>"
                ]
            },
            "seeAlso": null
        },
        "getDefaultThreadSlowmode()": {
            "elementId": "getDefaultThreadSlowmode()",
            "methodAnnotations": null,
            "methodName": "getDefaultThreadSlowmode",
            "methodSignature": "int getDefaultThreadSlowmode()",
            "parameters": [],
            "methodReturnType": "int",
            "isStatic": false,
            "descriptionElements": [
                "<div class=\"block\">\n The default <a href=\"ISlowmodeChannel.html#getSlowmode()\"><code>slowmode</code></a> for thread channels that is copied on thread creation.\n <br>\n Users have to wait this amount of seconds before sending another message to the same thread.\n</div>"
            ],
            "deprecationElement": null,
            "details": {
                "RETURNS": [
                    "<dd>\n The default slowmode seconds for new threads, or <code>0</code> if unset\n</dd>"
                ]
            },
            "seeAlso": null
        },
        "retrieveArchivedPublicThreadChannels()": {
            "elementId": "retrieveArchivedPublicThreadChannels()",
            "methodAnnotations": "@Nonnull @CheckReturnValue",
            "methodName": "retrieveArchivedPublicThreadChannels",
            "methodSignature": "@Nonnull @CheckReturnValue ThreadChannelPaginationAction retrieveArchivedPublicThreadChannels()",
            "parameters": [],
            "methodReturnType": "ThreadChannelPaginationAction",
            "isStatic": false,
            "descriptionElements": [
                "<div class=\"block\">\n Retrieves the archived public <a href=\"../concrete/ThreadChannel.html\" title=\"interface in net.dv8tion.jda.api.entities.channel.concrete\"><code>ThreadChannels</code></a> for this channel.\n <br>\n This will iterate over all previously opened public threads, that have been archived.\n <p>You can use <a href=\"#retrieveArchivedPrivateThreadChannels()\"><code>retrieveArchivedPrivateThreadChannels()</code></a>, to get all <em>private</em> archived threads.</p>\n <p>These threads can also represent posts in <a href=\"../concrete/ForumChannel.html\" title=\"interface in net.dv8tion.jda.api.entities.channel.concrete\"><code>ForumChannels</code></a>.</p>\n</div>"
            ],
            "deprecationElement": null,
            "details": {
                "RETURNS": [
                    "<dd>\n <a href=\"../../../requests/restaction/pagination/ThreadChannelPaginationAction.html\" title=\"interface in net.dv8tion.jda.api.requests.restaction.pagination\"><code>ThreadChannelPaginationAction</code></a> to iterate over all public archived ThreadChannels\n</dd>"
                ],
                "THROWS": [
                    "<dd>\n <code><a href=\"../../../exceptions/InsufficientPermissionException.html\" title=\"class in net.dv8tion.jda.api.exceptions\">InsufficientPermissionException</a></code> - If the bot does not have <a href=\"../../../Permission.html#MESSAGE_HISTORY\"><code>Permission.MESSAGE_HISTORY</code></a> in this channel\n</dd>",
                    "<dd>\n <code><a href=\"../../../exceptions/DetachedEntityException.html\" title=\"class in net.dv8tion.jda.api.exceptions\">DetachedEntityException</a></code> - If this entity is <a href=\"../../detached/IDetachableEntity.html#isDetached()\"><code>detached</code></a>\n</dd>"
                ]
            },
            "seeAlso": null
        }
    },
    "fields": {
        "MAX_NAME_LENGTH": {
            "elementId": "MAX_NAME_LENGTH",
            "fieldName": "MAX_NAME_LENGTH",
            "fieldType": "int",
            "fieldValue": "100",
            "descriptionElements": [
                "<div class=\"block\">The maximum length a channel name can be. (100)</div>"
            ],
            "deprecationElement": null,
            "modifiers": "static final"
        },
        "JUMP_URL": {
            "elementId": "JUMP_URL",
            "fieldName": "JUMP_URL",
            "fieldType": "String",
            "fieldValue": "\"https://discord.com/channels/%s/%s\"",
            "descriptionElements": [
                "<div class=\"block\">\n Template for <a href=\"#getJumpUrl()\"><code>getJumpUrl()</code></a>.\n</div>"
            ],
            "deprecationElement": null,
            "modifiers": "static final"
        }
    }
}