{
    "classNameFqcn": "net.dv8tion.jda.api.events.user.update.UserUpdateFlagsEvent",
    "descriptionElements": [
        "<div class=\"block\">\n Indicates that the <a href=\"../../../entities/User.UserFlag.html\" title=\"enum in net.dv8tion.jda.api.entities\"><code>UserFlags</code></a> of a <a href=\"../../../entities/User.html\" title=\"interface in net.dv8tion.jda.api.entities\"><code>User</code></a> changed.\n <p>Can be used to retrieve the User who got their flags changed and their previous flags.</p>\n <p>Identifier: <code>public_flags</code></p>\n <p><b>Requirements</b>\n  <br></p>\n <p>This event requires the <a href=\"../../../requests/GatewayIntent.html#GUILD_MEMBERS\"><code>GUILD_MEMBERS</code></a> intent to be enabled.\n  <br>\n  <a href=\"../../../JDABuilder.html#createDefault(java.lang.String)\"><code>createDefault(String)</code></a> and <a href=\"../../../JDABuilder.html#createLight(java.lang.String)\"><code>createLight(String)</code></a> disable this by default!</p>\n <p>Additionally, this event also requires the <a href=\"../../../utils/MemberCachePolicy.html\" title=\"interface in net.dv8tion.jda.api.utils\"><code>MemberCachePolicy</code></a> to cache the updated members. Discord does not specifically tell us about the updates, but merely tells us the member was updated and gives us the updated member object. In order to fire a specific event like this we need to have the old member cached to compare against.</p>\n</div>"
    ],
    "deprecationElement": null,
    "details": {
        "ALL_IMPLEMENTED_INTERFACES": [
            "<dd>\n <code><a href=\"../../GenericEvent.html\" title=\"interface in net.dv8tion.jda.api.events\">GenericEvent</a></code>, <code><a href=\"../../UpdateEvent.html\" title=\"interface in net.dv8tion.jda.api.events\">UpdateEvent</a>&lt;<a href=\"../../../entities/User.html\" title=\"interface in net.dv8tion.jda.api.entities\">User</a>,<wbr><a href=\"https://docs.oracle.com/javase/8/docs/api/java/util/EnumSet.html\" title=\"class or interface in java.util\" class=\"external-link\">EnumSet</a>&lt;<a href=\"../../../entities/User.UserFlag.html\" title=\"enum in net.dv8tion.jda.api.entities\">User.UserFlag</a>&gt;&gt;</code>\n</dd>"
        ]
    },
    "seeAlso": null,
    "methods": {
        "getUser()": {
            "elementId": "getUser()",
            "methodAnnotations": "@Nonnull",
            "methodName": "getUser",
            "methodSignature": "@Nonnull public User getUser()",
            "parameters": [],
            "methodReturnType": "User",
            "isStatic": false,
            "descriptionElements": [
                "<div class=\"block\">The related user instance</div>"
            ],
            "deprecationElement": null,
            "details": {
                "RETURNS": [
                    "<dd>The user instance related to this event</dd>"
                ]
            },
            "seeAlso": null
        },
        "getJDA()": {
            "elementId": "getJDA()",
            "methodAnnotations": "@Nonnull",
            "methodName": "getJDA",
            "methodSignature": "@Nonnull JDA getJDA()",
            "parameters": [],
            "methodReturnType": "JDA",
            "isStatic": false,
            "descriptionElements": [
                "<div class=\"block\">The current JDA instance corresponding to this Event</div>"
            ],
            "deprecationElement": null,
            "details": {
                "RETURNS": [
                    "<dd>The corresponding JDA instance</dd>"
                ]
            },
            "seeAlso": null
        },
        "getEntityType()": {
            "elementId": "getEntityType()",
            "methodAnnotations": "@Nonnull",
            "methodName": "getEntityType",
            "methodSignature": "@Nonnull default Class<E> getEntityType()",
            "parameters": [],
            "methodReturnType": "Class<E>",
            "isStatic": false,
            "descriptionElements": [
                "<div class=\"block\">Class representation of the affected entity, useful when dealing with refection.</div>"
            ],
            "deprecationElement": null,
            "details": {
                "RETURNS": [
                    "<dd>The class of the affected entity</dd>"
                ]
            },
            "seeAlso": null
        },
        "getPropertyIdentifier()": {
            "elementId": "getPropertyIdentifier()",
            "methodAnnotations": "@Nonnull",
            "methodName": "getPropertyIdentifier",
            "methodSignature": "@Nonnull public String getPropertyIdentifier()",
            "parameters": [],
            "methodReturnType": "String",
            "isStatic": false,
            "descriptionElements": [
                "<div class=\"block\">\n <span class=\"descfrm-type-label\">Description copied from interface:&nbsp;<code><a href=\"../../UpdateEvent.html#getPropertyIdentifier()\">UpdateEvent</a></code></span>\n</div>",
                "<div class=\"block\">\n The field name for the updated property\n <p><b>Example</b>\n  <br></p>\n <pre><code>\n @Override\n public void onGenericRoleUpdate(GenericRoleUpdateEvent event)\n {\n     switch (event.getPropertyIdentifier())\n     {\n     case RoleUpdateColorEvent.IDENTIFIER:\n         System.out.printf(\"Updated color for role: %s%n\", event);\n         break;\n     case RoleUpdatePositionEvent.IDENTIFIER:\n         RoleUpdatePositionEvent update = (RoleUpdatePositionEvent) event;\n         System.out.printf(\"Updated position for role: %s raw(%s-&gt;%s)%n\", event, update.getOldPositionRaw(), update.getNewPositionRaw());\n         break;\n     default: return;\n     }\n }\n </code></pre>\n</div>"
            ],
            "deprecationElement": null,
            "details": {
                "RETURNS": [
                    "<dd>The name of the updated property</dd>"
                ],
                "SPECIFIED_BY": [
                    "<dd>\n <code><a href=\"../../UpdateEvent.html#getPropertyIdentifier()\">getPropertyIdentifier</a></code>&nbsp;in interface&nbsp;<code><a href=\"../../UpdateEvent.html\" title=\"interface in net.dv8tion.jda.api.events\">UpdateEvent</a>&lt;<a href=\"../../../entities/User.html\" title=\"interface in net.dv8tion.jda.api.entities\">User</a>,<wbr><a href=\"GenericUserUpdateEvent.html\" title=\"type parameter in GenericUserUpdateEvent\">T</a>&gt;</code>\n</dd>"
                ]
            },
            "seeAlso": null
        },
        "getOldFlags()": {
            "elementId": "getOldFlags()",
            "methodAnnotations": "@Nonnull",
            "methodName": "getOldFlags",
            "methodSignature": "@Nonnull public EnumSet<User.UserFlag> getOldFlags()",
            "parameters": [],
            "methodReturnType": "EnumSet<User.UserFlag>",
            "isStatic": false,
            "descriptionElements": [
                "<div class=\"block\">\n Gets the old <a href=\"../../../entities/User.UserFlag.html\" title=\"enum in net.dv8tion.jda.api.entities\"><code>UserFlags</code></a> of the User as <a href=\"https://docs.oracle.com/javase/8/docs/api/java/util/EnumSet.html\" title=\"class or interface in java.util\" class=\"external-link\"><code>EnumSet</code></a>.\n</div>"
            ],
            "deprecationElement": null,
            "details": {
                "RETURNS": [
                    "<dd>\n <a href=\"https://docs.oracle.com/javase/8/docs/api/java/util/EnumSet.html\" title=\"class or interface in java.util\" class=\"external-link\"><code>EnumSet</code></a> of the old <a href=\"../../../entities/User.UserFlag.html\" title=\"enum in net.dv8tion.jda.api.entities\"><code>UserFlags</code></a>\n</dd>"
                ]
            },
            "seeAlso": null
        },
        "getResponseNumber()": {
            "elementId": "getResponseNumber()",
            "methodAnnotations": null,
            "methodName": "getResponseNumber",
            "methodSignature": "long getResponseNumber()",
            "parameters": [],
            "methodReturnType": "long",
            "isStatic": false,
            "descriptionElements": [
                "<div class=\"block\">\n The current sequence for this event.\n <br>\n This can be used to keep events in order when making sequencing system.\n</div>"
            ],
            "deprecationElement": null,
            "details": {
                "RETURNS": [
                    "<dd>The current sequence number for this event</dd>"
                ]
            },
            "seeAlso": null
        },
        "getNewFlagsRaw()": {
            "elementId": "getNewFlagsRaw()",
            "methodAnnotations": null,
            "methodName": "getNewFlagsRaw",
            "methodSignature": "public int getNewFlagsRaw()",
            "parameters": [],
            "methodReturnType": "int",
            "isStatic": false,
            "descriptionElements": [
                "<div class=\"block\">\n Gets the new <a href=\"../../../entities/User.UserFlag.html\" title=\"enum in net.dv8tion.jda.api.entities\"><code>UserFlags</code></a> of the user and returns it as bitmask representation.\n</div>"
            ],
            "deprecationElement": null,
            "details": {
                "RETURNS": [
                    "<dd>\n The new bitmask representation of the <a href=\"../../../entities/User.UserFlag.html\" title=\"enum in net.dv8tion.jda.api.entities\"><code>UserFlags</code></a>.\n</dd>"
                ]
            },
            "seeAlso": null
        },
        "toString()": {
            "elementId": "toString()",
            "methodAnnotations": null,
            "methodName": "toString",
            "methodSignature": "public String toString()",
            "parameters": [],
            "methodReturnType": "String",
            "isStatic": false,
            "descriptionElements": [],
            "deprecationElement": null,
            "details": {
                "OVERRIDES": [
                    "<dd>\n <code><a href=\"https://docs.oracle.com/javase/8/docs/api/java/lang/Object.html#toString--\" title=\"class or interface in java.lang\" class=\"external-link\">toString</a></code>&nbsp;in class&nbsp;<code><a href=\"https://docs.oracle.com/javase/8/docs/api/java/lang/Object.html\" title=\"class or interface in java.lang\" class=\"external-link\">Object</a></code>\n</dd>"
                ]
            },
            "seeAlso": null
        },
        "getRawData()": {
            "elementId": "getRawData()",
            "methodAnnotations": "@Nullable",
            "methodName": "getRawData",
            "methodSignature": "@Nullable DataObject getRawData()",
            "parameters": [],
            "methodReturnType": "DataObject",
            "isStatic": false,
            "descriptionElements": [
                "<div class=\"block\">\n The passthrough data that this event was serialized from. This data might be null in rare situations, for example, if the event came from a rest action.\n <br>\n This provides the full gateway message payload, including sequence, event name and dispatch type. For details, read the official <a href=\"https://discord.dev/topics/gateway\" target=\"_blank\">Discord Documentation</a>.\n</div>"
            ],
            "deprecationElement": null,
            "details": {
                "RETURNS": [
                    "<dd>\n The corresponding <a href=\"../utils/data/DataObject.html\" title=\"class in net.dv8tion.jda.api.utils.data\"><code>DataObject</code></a>\n</dd>"
                ],
                "THROWS": [
                    "<dd>\n <code><a href=\"https://docs.oracle.com/javase/8/docs/api/java/lang/IllegalStateException.html\" title=\"class or interface in java.lang\" class=\"external-link\">IllegalStateException</a></code> - If event passthrough was not enabled, see <a href=\"../JDABuilder.html#setEventPassthrough(boolean)\"><code>JDABuilder#setEventPassthrough(boolean)</code></a>\n</dd>"
                ]
            },
            "seeAlso": null
        },
        "getNewValue()": {
            "elementId": "getNewValue()",
            "methodAnnotations": "@Nullable",
            "methodName": "getNewValue",
            "methodSignature": "@Nullable public T getNewValue()",
            "parameters": [],
            "methodReturnType": "T",
            "isStatic": false,
            "descriptionElements": [
                "<div class=\"block\">\n <span class=\"descfrm-type-label\">Description copied from interface:&nbsp;<code><a href=\"../../UpdateEvent.html#getNewValue()\">UpdateEvent</a></code></span>\n</div>",
                "<div class=\"block\">The new value</div>"
            ],
            "deprecationElement": null,
            "details": {
                "RETURNS": [
                    "<dd>The new value</dd>"
                ],
                "SPECIFIED_BY": [
                    "<dd>\n <code><a href=\"../../UpdateEvent.html#getNewValue()\">getNewValue</a></code>&nbsp;in interface&nbsp;<code><a href=\"../../UpdateEvent.html\" title=\"interface in net.dv8tion.jda.api.events\">UpdateEvent</a>&lt;<a href=\"../../../entities/User.html\" title=\"interface in net.dv8tion.jda.api.entities\">User</a>,<wbr><a href=\"GenericUserUpdateEvent.html\" title=\"type parameter in GenericUserUpdateEvent\">T</a>&gt;</code>\n</dd>"
                ]
            },
            "seeAlso": null
        },
        "getOldValue()": {
            "elementId": "getOldValue()",
            "methodAnnotations": "@Nullable",
            "methodName": "getOldValue",
            "methodSignature": "@Nullable public T getOldValue()",
            "parameters": [],
            "methodReturnType": "T",
            "isStatic": false,
            "descriptionElements": [
                "<div class=\"block\">\n <span class=\"descfrm-type-label\">Description copied from interface:&nbsp;<code><a href=\"../../UpdateEvent.html#getOldValue()\">UpdateEvent</a></code></span>\n</div>",
                "<div class=\"block\">The old value</div>"
            ],
            "deprecationElement": null,
            "details": {
                "RETURNS": [
                    "<dd>The old value</dd>"
                ],
                "SPECIFIED_BY": [
                    "<dd>\n <code><a href=\"../../UpdateEvent.html#getOldValue()\">getOldValue</a></code>&nbsp;in interface&nbsp;<code><a href=\"../../UpdateEvent.html\" title=\"interface in net.dv8tion.jda.api.events\">UpdateEvent</a>&lt;<a href=\"../../../entities/User.html\" title=\"interface in net.dv8tion.jda.api.entities\">User</a>,<wbr><a href=\"GenericUserUpdateEvent.html\" title=\"type parameter in GenericUserUpdateEvent\">T</a>&gt;</code>\n</dd>"
                ]
            },
            "seeAlso": null
        },
        "getEntity()": {
            "elementId": "getEntity()",
            "methodAnnotations": "@Nonnull",
            "methodName": "getEntity",
            "methodSignature": "@Nonnull public User getEntity()",
            "parameters": [],
            "methodReturnType": "User",
            "isStatic": false,
            "descriptionElements": [
                "<div class=\"block\">\n <span class=\"descfrm-type-label\">Description copied from interface:&nbsp;<code><a href=\"../../UpdateEvent.html#getEntity()\">UpdateEvent</a></code></span>\n</div>",
                "<div class=\"block\">The affected entity</div>"
            ],
            "deprecationElement": null,
            "details": {
                "RETURNS": [
                    "<dd>The affected entity</dd>"
                ],
                "SPECIFIED_BY": [
                    "<dd>\n <code><a href=\"../../UpdateEvent.html#getEntity()\">getEntity</a></code>&nbsp;in interface&nbsp;<code><a href=\"../../UpdateEvent.html\" title=\"interface in net.dv8tion.jda.api.events\">UpdateEvent</a>&lt;<a href=\"../../../entities/User.html\" title=\"interface in net.dv8tion.jda.api.entities\">User</a>,<wbr><a href=\"GenericUserUpdateEvent.html\" title=\"type parameter in GenericUserUpdateEvent\">T</a>&gt;</code>\n</dd>"
                ]
            },
            "seeAlso": null
        },
        "<init>(net.dv8tion.jda.api.JDA,long,net.dv8tion.jda.api.entities.User,java.util.EnumSet)": {
            "elementId": "<init>(net.dv8tion.jda.api.JDA,long,net.dv8tion.jda.api.entities.User,java.util.EnumSet)",
            "methodAnnotations": null,
            "methodName": "UserUpdateFlagsEvent",
            "methodSignature": "public UserUpdateFlagsEvent(@Nonnull JDA api, long responseNumber, @Nonnull User user, @Nonnull EnumSet<User.UserFlag> oldFlags)",
            "parameters": [
                {
                    "annotations": [
                        "Nonnull"
                    ],
                    "type": "net.dv8tion.jda.api.JDA",
                    "simpleType": "JDA",
                    "name": "api"
                },
                {
                    "annotations": [],
                    "type": "long",
                    "simpleType": "long",
                    "name": "responseNumber"
                },
                {
                    "annotations": [
                        "Nonnull"
                    ],
                    "type": "net.dv8tion.jda.api.entities.User",
                    "simpleType": "User",
                    "name": "user"
                },
                {
                    "annotations": [
                        "Nonnull"
                    ],
                    "type": "java.util.EnumSet",
                    "simpleType": "EnumSet",
                    "name": "oldFlags"
                }
            ],
            "methodReturnType": "UserUpdateFlagsEvent",
            "isStatic": false,
            "descriptionElements": [],
            "deprecationElement": null,
            "details": {},
            "seeAlso": null
        },
        "getOldFlagsRaw()": {
            "elementId": "getOldFlagsRaw()",
            "methodAnnotations": null,
            "methodName": "getOldFlagsRaw",
            "methodSignature": "public int getOldFlagsRaw()",
            "parameters": [],
            "methodReturnType": "int",
            "isStatic": false,
            "descriptionElements": [
                "<div class=\"block\">\n Gets the old <a href=\"../../../entities/User.UserFlag.html\" title=\"enum in net.dv8tion.jda.api.entities\"><code>UserFlags</code></a> of the user and returns it as bitmask representation.\n</div>"
            ],
            "deprecationElement": null,
            "details": {
                "RETURNS": [
                    "<dd>\n The old bitmask representation of the <a href=\"../../../entities/User.UserFlag.html\" title=\"enum in net.dv8tion.jda.api.entities\"><code>UserFlags</code></a>.\n</dd>"
                ]
            },
            "seeAlso": null
        },
        "getNewFlags()": {
            "elementId": "getNewFlags()",
            "methodAnnotations": "@Nonnull",
            "methodName": "getNewFlags",
            "methodSignature": "@Nonnull public EnumSet<User.UserFlag> getNewFlags()",
            "parameters": [],
            "methodReturnType": "EnumSet<User.UserFlag>",
            "isStatic": false,
            "descriptionElements": [
                "<div class=\"block\">\n Gets the new <a href=\"../../../entities/User.UserFlag.html\" title=\"enum in net.dv8tion.jda.api.entities\"><code>UserFlags</code></a> of the User as <a href=\"https://docs.oracle.com/javase/8/docs/api/java/util/EnumSet.html\" title=\"class or interface in java.util\" class=\"external-link\"><code>EnumSet</code></a>.\n</div>"
            ],
            "deprecationElement": null,
            "details": {
                "RETURNS": [
                    "<dd>\n The new <code>EnumSet&lt;{@link net.dv8tion.jda.api.entities.User.UserFlag UserFlag}&gt;</code> representation of the User's flags.\n</dd>"
                ]
            },
            "seeAlso": null
        }
    },
    "fields": {
        "IDENTIFIER": {
            "elementId": "IDENTIFIER",
            "fieldName": "IDENTIFIER",
            "fieldType": "String",
            "fieldValue": "\"public_flags\"",
            "descriptionElements": [],
            "deprecationElement": null,
            "modifiers": "public static final"
        }
    }
}