{
    "classNameFqcn": "net.dv8tion.jda.api.entities.guild.SecurityIncidentActions",
    "descriptionElements": [
        "<div class=\"block\">\n The active security incident actions in a <a href=\"../Guild.html\" title=\"interface in net.dv8tion.jda.api.entities\"><code>Guild</code></a>. \n <p>Security incidents are used to temporarily disable features for the purpose of moderation.</p>\n</div>"
    ],
    "deprecationElement": null,
    "details": {
        "SEE_ALSO": [
            "<dd>\n <ul class=\"see-list-long\">\n  <li><a href=\"#enabled(java.time.OffsetDateTime,java.time.OffsetDateTime)\"><code>enabled(OffsetDateTime, OffsetDateTime)</code></a></li>\n  <li><a href=\"#disabled()\"><code>disabled()</code></a></li>\n </ul>\n</dd>"
        ]
    },
    "seeAlso": {
        "references": [
            {
                "text": "enabled(OffsetDateTime, OffsetDateTime)",
                "link": "https://docs.jda.wiki/net/dv8tion/jda/api/entities/guild/SecurityIncidentActions.html#enabled(java.time.OffsetDateTime,java.time.OffsetDateTime)",
                "targetType": "METHOD",
                "fullSignature": "SecurityIncidentActions#enabled(OffsetDateTime, OffsetDateTime)"
            },
            {
                "text": "disabled()",
                "link": "https://docs.jda.wiki/net/dv8tion/jda/api/entities/guild/SecurityIncidentActions.html#disabled()",
                "targetType": "METHOD",
                "fullSignature": "SecurityIncidentActions#disabled()"
            }
        ]
    },
    "methods": {
        "enabled(java.time.OffsetDateTime,java.time.OffsetDateTime)": {
            "elementId": "enabled(java.time.OffsetDateTime,java.time.OffsetDateTime)",
            "methodAnnotations": "@Nonnull",
            "methodName": "enabled",
            "methodSignature": "@Nonnull public static SecurityIncidentActions enabled(@Nullable OffsetDateTime invitesDisabledUntil, @Nullable OffsetDateTime directMessagesDisabledUntil)",
            "methodParameters": {
                "originalText": "(@Nullable OffsetDateTime invitesDisabledUntil, @Nullable OffsetDateTime directMessagesDisabledUntil)",
                "parameters": [
                    {
                        "annotations": [
                            "Nullable"
                        ],
                        "type": "OffsetDateTime",
                        "simpleType": "OffsetDateTime",
                        "name": "invitesDisabledUntil"
                    },
                    {
                        "annotations": [
                            "Nullable"
                        ],
                        "type": "OffsetDateTime",
                        "simpleType": "OffsetDateTime",
                        "name": "directMessagesDisabledUntil"
                    }
                ]
            },
            "methodReturnType": "SecurityIncidentActions",
            "isStatic": true,
            "descriptionElements": [
                "<div class=\"block\">\n Incidents state, which enables security incidents based on the provided deadlines. \n <br>\n The resulting object is used with <a href=\"../Guild.html#modifySecurityIncidents(net.dv8tion.jda.api.entities.guild.SecurityIncidentActions)\"><code>Guild.modifySecurityIncidents(SecurityIncidentActions)</code></a> to update the active incidents of the guild.\n</div>"
            ],
            "deprecationElement": null,
            "details": {
                "PARAMETERS": [
                    "<dd>\n <code>invitesDisabledUntil</code> - The time until invites are paused\n</dd>",
                    "<dd>\n <code>directMessagesDisabledUntil</code> - The time until direct messages are paused\n</dd>"
                ],
                "RETURNS": [
                    "<dd>\n The new security incidents\n</dd>"
                ]
            },
            "seeAlso": null
        },
        "toString()": {
            "elementId": "toString()",
            "methodAnnotations": null,
            "methodName": "toString",
            "methodSignature": "public String toString()",
            "methodParameters": null,
            "methodReturnType": "String",
            "isStatic": false,
            "descriptionElements": [],
            "deprecationElement": null,
            "details": {
                "OVERRIDES": [
                    "<dd>\n <code><a href=\"https://docs.oracle.com/javase/8/docs/api/java/lang/Object.html#toString--\" title=\"class or interface in java.lang\" class=\"external-link\">toString</a></code>&nbsp;in class&nbsp;<code><a href=\"https://docs.oracle.com/javase/8/docs/api/java/lang/Object.html\" title=\"class or interface in java.lang\" class=\"external-link\">Object</a></code>\n</dd>"
                ]
            },
            "seeAlso": null
        },
        "getInvitesDisabledUntil()": {
            "elementId": "getInvitesDisabledUntil()",
            "methodAnnotations": "@Nullable",
            "methodName": "getInvitesDisabledUntil",
            "methodSignature": "@Nullable public OffsetDateTime getInvitesDisabledUntil()",
            "methodParameters": null,
            "methodReturnType": "OffsetDateTime",
            "isStatic": false,
            "descriptionElements": [
                "<div class=\"block\">\n The time until when invites are paused.\n</div>"
            ],
            "deprecationElement": null,
            "details": {
                "RETURNS": [
                    "<dd>\n The time until invites are paused, or null if unpaused\n</dd>"
                ]
            },
            "seeAlso": null
        },
        "equals(java.lang.Object)": {
            "elementId": "equals(java.lang.Object)",
            "methodAnnotations": null,
            "methodName": "equals",
            "methodSignature": "public boolean equals(Object obj)",
            "methodParameters": {
                "originalText": "(Object obj)",
                "parameters": [
                    {
                        "annotations": [],
                        "type": "Object",
                        "simpleType": "Object",
                        "name": "obj"
                    }
                ]
            },
            "methodReturnType": "boolean",
            "isStatic": false,
            "descriptionElements": [],
            "deprecationElement": null,
            "details": {
                "OVERRIDES": [
                    "<dd>\n <code><a href=\"https://docs.oracle.com/javase/8/docs/api/java/lang/Object.html#equals-java.lang.Object-\" title=\"class or interface in java.lang\" class=\"external-link\">equals</a></code>&nbsp;in class&nbsp;<code><a href=\"https://docs.oracle.com/javase/8/docs/api/java/lang/Object.html\" title=\"class or interface in java.lang\" class=\"external-link\">Object</a></code>\n</dd>"
                ]
            },
            "seeAlso": null
        },
        "getDirectMessagesDisabledUntil()": {
            "elementId": "getDirectMessagesDisabledUntil()",
            "methodAnnotations": "@Nullable",
            "methodName": "getDirectMessagesDisabledUntil",
            "methodSignature": "@Nullable public OffsetDateTime getDirectMessagesDisabledUntil()",
            "methodParameters": null,
            "methodReturnType": "OffsetDateTime",
            "isStatic": false,
            "descriptionElements": [
                "<div class=\"block\">\n The time until when direct messages are paused.\n</div>"
            ],
            "deprecationElement": null,
            "details": {
                "RETURNS": [
                    "<dd>\n The time until direct messages are paused, or null if unpaused\n</dd>"
                ]
            },
            "seeAlso": null
        },
        "disabled()": {
            "elementId": "disabled()",
            "methodAnnotations": "@Nonnull",
            "methodName": "disabled",
            "methodSignature": "@Nonnull public static SecurityIncidentActions disabled()",
            "methodParameters": null,
            "methodReturnType": "SecurityIncidentActions",
            "isStatic": true,
            "descriptionElements": [
                "<div class=\"block\">\n Incidents state, which disables all active security incidents. \n <br>\n The resulting object is used with <a href=\"../Guild.html#modifySecurityIncidents(net.dv8tion.jda.api.entities.guild.SecurityIncidentActions)\"><code>Guild.modifySecurityIncidents(SecurityIncidentActions)</code></a> to update the active incidents of the guild.\n</div>"
            ],
            "deprecationElement": null,
            "details": {
                "RETURNS": [
                    "<dd>\n The new security incidents\n</dd>"
                ]
            },
            "seeAlso": null
        },
        "hashCode()": {
            "elementId": "hashCode()",
            "methodAnnotations": null,
            "methodName": "hashCode",
            "methodSignature": "public int hashCode()",
            "methodParameters": null,
            "methodReturnType": "int",
            "isStatic": false,
            "descriptionElements": [],
            "deprecationElement": null,
            "details": {
                "OVERRIDES": [
                    "<dd>\n <code><a href=\"https://docs.oracle.com/javase/8/docs/api/java/lang/Object.html#hashCode--\" title=\"class or interface in java.lang\" class=\"external-link\">hashCode</a></code>&nbsp;in class&nbsp;<code><a href=\"https://docs.oracle.com/javase/8/docs/api/java/lang/Object.html\" title=\"class or interface in java.lang\" class=\"external-link\">Object</a></code>\n</dd>"
                ]
            },
            "seeAlso": null
        }
    },
    "fields": {}
}