{
    "classNameFqcn": "net.dv8tion.jda.api.entities.guild.SystemChannelFlag",
    "descriptionElements": [
        "<div class=\"block\">\n Flags which configures a <a href=\"../Guild.html#getSystemChannel()\">system channel</a> of a <a href=\"../Guild.html\" title=\"interface in net.dv8tion.jda.api.entities\"><code>Guild</code></a>.\n</div>"
    ],
    "deprecationElement": null,
    "details": {
        "SEE_ALSO": [
            "<dd>\n <ul class=\"tag-list-long\">\n  <li><a href=\"https://discord.com/developers/docs/resources/guild#guild-object-system-channel-flags\"> System Channel Flags API documentation </a></li>\n </ul>\n</dd>"
        ],
        "ALL_IMPLEMENTED_INTERFACES": [
            "<dd>\n <code><a href=\"https://docs.oracle.com/javase/8/docs/api/java/io/Serializable.html\" title=\"class or interface in java.io\" class=\"external-link\">Serializable</a>, <a href=\"https://docs.oracle.com/javase/8/docs/api/java/lang/Comparable.html\" title=\"class or interface in java.lang\" class=\"external-link\">Comparable</a>&lt;<a href=\"SystemChannelFlag.html\" title=\"enum in net.dv8tion.jda.api.entities.guild\">SystemChannelFlag</a>&gt;</code>\n</dd>"
        ]
    },
    "seeAlso": {
        "references": [
            {
                "text": "System Channel Flags API documentation",
                "link": "https://discord.com/developers/docs/resources/guild#guild-object-system-channel-flags",
                "targetType": "UNKNOWN",
                "fullSignature": null
            }
        ]
    },
    "methods": {
        "values()": {
            "elementId": "values()",
            "methodAnnotations": null,
            "methodName": "values",
            "methodSignature": "public static SystemChannelFlag[] values()",
            "parameters": [],
            "methodReturnType": "SystemChannelFlag[]",
            "isStatic": true,
            "descriptionElements": [
                "<div class=\"block\">Returns an array containing the constants of this enum type, in the order they are declared.</div>"
            ],
            "deprecationElement": null,
            "details": {
                "RETURNS": [
                    "<dd>an array containing the constants of this enum type, in the order they are declared</dd>"
                ]
            },
            "seeAlso": null
        },
        "valueOf(java.lang.String)": {
            "elementId": "valueOf(java.lang.String)",
            "methodAnnotations": null,
            "methodName": "valueOf",
            "methodSignature": "public static SystemChannelFlag valueOf(String name)",
            "parameters": [
                {
                    "annotations": [],
                    "type": "java.lang.String",
                    "simpleType": "String",
                    "name": "name"
                }
            ],
            "methodReturnType": "SystemChannelFlag",
            "isStatic": true,
            "descriptionElements": [
                "<div class=\"block\">\n Returns the enum constant of this type with the specified name. The string must match <i>exactly</i> an identifier used to declare an enum constant in this type. (Extraneous whitespace characters are not permitted.)\n</div>"
            ],
            "deprecationElement": null,
            "details": {
                "PARAMETERS": [
                    "<dd>\n <code>name</code> - the name of the enum constant to be returned.\n</dd>"
                ],
                "RETURNS": [
                    "<dd>the enum constant with the specified name</dd>"
                ],
                "THROWS": [
                    "<dd>\n <code><a href=\"https://docs.oracle.com/javase/8/docs/api/java/lang/IllegalArgumentException.html\" title=\"class or interface in java.lang\" class=\"external-link\">IllegalArgumentException</a></code> - if this enum type has no constant with the specified name\n</dd>",
                    "<dd>\n <code><a href=\"https://docs.oracle.com/javase/8/docs/api/java/lang/NullPointerException.html\" title=\"class or interface in java.lang\" class=\"external-link\">NullPointerException</a></code> - if the argument is null\n</dd>"
                ]
            },
            "seeAlso": null
        },
        "getFlags(int)": {
            "elementId": "getFlags(int)",
            "methodAnnotations": "@Nonnull",
            "methodName": "getFlags",
            "methodSignature": "@Nonnull public static EnumSet<SystemChannelFlag> getFlags(int raw)",
            "parameters": [
                {
                    "annotations": [],
                    "type": "int",
                    "simpleType": "int",
                    "name": "raw"
                }
            ],
            "methodReturnType": "EnumSet<SystemChannelFlag>",
            "isStatic": true,
            "descriptionElements": [
                "<div class=\"block\">\n Converts a bitmask representation of system channel flags into its <a href=\"https://docs.oracle.com/javase/8/docs/api/java/util/EnumSet.html\" title=\"class or interface in java.util\" class=\"external-link\"><code>EnumSet</code></a>.\n</div>"
            ],
            "deprecationElement": null,
            "details": {
                "PARAMETERS": [
                    "<dd>\n <code>raw</code> - The raw bitmask representing the system channel flags\n</dd>"
                ],
                "RETURNS": [
                    "<dd>\n An <a href=\"https://docs.oracle.com/javase/8/docs/api/java/util/EnumSet.html\" title=\"class or interface in java.util\" class=\"external-link\"><code>EnumSet</code></a> of system channel flags represented by the input bitmask.\n</dd>"
                ]
            },
            "seeAlso": null
        },
        "getRaw(java.util.Collection)": {
            "elementId": "getRaw(java.util.Collection)",
            "methodAnnotations": null,
            "methodName": "getRaw",
            "methodSignature": "public static int getRaw(@Nonnull Collection<SystemChannelFlag> flags)",
            "parameters": [
                {
                    "annotations": [
                        "Nonnull"
                    ],
                    "type": "java.util.Collection",
                    "simpleType": "Collection",
                    "name": "flags"
                }
            ],
            "methodReturnType": "int",
            "isStatic": true,
            "descriptionElements": [
                "<div class=\"block\">\n Converts a <a href=\"https://docs.oracle.com/javase/8/docs/api/java/util/Collection.html\" title=\"class or interface in java.util\" class=\"external-link\"><code>Collection</code></a> of this class to its respective bitmask representing the same set of system channel flags.\n</div>"
            ],
            "deprecationElement": null,
            "details": {
                "PARAMETERS": [
                    "<dd>\n <code>flags</code> - A set of system channel flags\n</dd>"
                ],
                "RETURNS": [
                    "<dd>The raw bitmask representing the input flags.</dd>"
                ]
            },
            "seeAlso": null
        }
    },
    "fields": {
        "SUPPRESS_ROLE_SUBSCRIPTION_PURCHASE_NOTIFICATIONS": {
            "elementId": "SUPPRESS_ROLE_SUBSCRIPTION_PURCHASE_NOTIFICATIONS",
            "fieldName": "SUPPRESS_ROLE_SUBSCRIPTION_PURCHASE_NOTIFICATIONS",
            "fieldType": "SystemChannelFlag",
            "fieldValue": null,
            "descriptionElements": [
                "<div class=\"block\">Suppress role subscription purchase and renewal notifications.</div>"
            ],
            "deprecationElement": null,
            "modifiers": "public static final"
        },
        "SUPPRESS_PREMIUM_SUBSCRIPTIONS": {
            "elementId": "SUPPRESS_PREMIUM_SUBSCRIPTIONS",
            "fieldName": "SUPPRESS_PREMIUM_SUBSCRIPTIONS",
            "fieldType": "SystemChannelFlag",
            "fieldValue": null,
            "descriptionElements": [
                "<div class=\"block\">Suppress server boost notifications.</div>"
            ],
            "deprecationElement": null,
            "modifiers": "public static final"
        },
        "SUPPRESS_JOIN_NOTIFICATIONS": {
            "elementId": "SUPPRESS_JOIN_NOTIFICATIONS",
            "fieldName": "SUPPRESS_JOIN_NOTIFICATIONS",
            "fieldType": "SystemChannelFlag",
            "fieldValue": null,
            "descriptionElements": [
                "<div class=\"block\">Suppress member join notifications.</div>"
            ],
            "deprecationElement": null,
            "modifiers": "public static final"
        },
        "SUPPRESS_JOIN_NOTIFICATION_REPLIES": {
            "elementId": "SUPPRESS_JOIN_NOTIFICATION_REPLIES",
            "fieldName": "SUPPRESS_JOIN_NOTIFICATION_REPLIES",
            "fieldType": "SystemChannelFlag",
            "fieldValue": null,
            "descriptionElements": [
                "<div class=\"block\">Hide member join sticker reply buttons.</div>"
            ],
            "deprecationElement": null,
            "modifiers": "public static final"
        },
        "SUPPRESS_GUILD_REMINDER_NOTIFICATIONS": {
            "elementId": "SUPPRESS_GUILD_REMINDER_NOTIFICATIONS",
            "fieldName": "SUPPRESS_GUILD_REMINDER_NOTIFICATIONS",
            "fieldType": "SystemChannelFlag",
            "fieldValue": null,
            "descriptionElements": [
                "<div class=\"block\">Suppress server setup tips.</div>"
            ],
            "deprecationElement": null,
            "modifiers": "public static final"
        },
        "SUPPRESS_ROLE_SUBSCRIPTION_PURCHASE_NOTIFICATION_REPLIES": {
            "elementId": "SUPPRESS_ROLE_SUBSCRIPTION_PURCHASE_NOTIFICATION_REPLIES",
            "fieldName": "SUPPRESS_ROLE_SUBSCRIPTION_PURCHASE_NOTIFICATION_REPLIES",
            "fieldType": "SystemChannelFlag",
            "fieldValue": null,
            "descriptionElements": [
                "<div class=\"block\">Hide role subscription sticker reply buttons.</div>"
            ],
            "deprecationElement": null,
            "modifiers": "public static final"
        }
    }
}