{
    "classNameFqcn": "net.dv8tion.jda.api.entities.channel.unions.ChannelUnion",
    "descriptionElements": [
        "<div class=\"block\">\n A union representing all channel types that implement <a href=\"../Channel.html\" title=\"interface in net.dv8tion.jda.api.entities.channel\"><code>Channel</code></a>.\n <br>\n This class extends <a href=\"../Channel.html\" title=\"interface in net.dv8tion.jda.api.entities.channel\"><code>Channel</code></a> and primarily acts as a discovery tool for developers to discover some common interfaces that a <a href=\"../Channel.html\" title=\"interface in net.dv8tion.jda.api.entities.channel\"><code>Channel</code></a> could be cast to.\n <br>\n This interface represents the follow concrete channel types:\n <ul>\n  <li><a href=\"../concrete/PrivateChannel.html\" title=\"interface in net.dv8tion.jda.api.entities.channel.concrete\"><code>PrivateChannel</code></a></li>\n  <li><a href=\"../concrete/GroupChannel.html\" title=\"interface in net.dv8tion.jda.api.entities.channel.concrete\"><code>GroupChannel</code></a></li>\n  <li><a href=\"../concrete/TextChannel.html\" title=\"interface in net.dv8tion.jda.api.entities.channel.concrete\"><code>TextChannel</code></a></li>\n  <li><a href=\"../concrete/NewsChannel.html\" title=\"interface in net.dv8tion.jda.api.entities.channel.concrete\"><code>NewsChannel</code></a></li>\n  <li><a href=\"../concrete/ThreadChannel.html\" title=\"interface in net.dv8tion.jda.api.entities.channel.concrete\"><code>ThreadChannel</code></a></li>\n  <li><a href=\"../concrete/VoiceChannel.html\" title=\"interface in net.dv8tion.jda.api.entities.channel.concrete\"><code>VoiceChannel</code></a></li>\n  <li><a href=\"../concrete/StageChannel.html\" title=\"interface in net.dv8tion.jda.api.entities.channel.concrete\"><code>StageChannel</code></a></li>\n  <li><a href=\"../concrete/ForumChannel.html\" title=\"interface in net.dv8tion.jda.api.entities.channel.concrete\"><code>ForumChannel</code></a></li>\n  <li><a href=\"../concrete/MediaChannel.html\" title=\"interface in net.dv8tion.jda.api.entities.channel.concrete\"><code>MediaChannel</code></a></li>\n  <li><a href=\"../concrete/Category.html\" title=\"interface in net.dv8tion.jda.api.entities.channel.concrete\"><code>Category</code></a></li>\n </ul>\n</div>"
    ],
    "deprecationElement": null,
    "details": {
        "SUPER_INTERFACES": [
            "<dd>\n <code><a href=\"../Channel.html\" title=\"interface in net.dv8tion.jda.api.entities.channel\">Channel</a>, <a href=\"https://docs.oracle.com/javase/8/docs/api/java/util/Formattable.html\" title=\"class or interface in java.util\" class=\"external-link\">Formattable</a>, <a href=\"../../detached/IDetachableEntity.html\" title=\"interface in net.dv8tion.jda.api.entities.detached\">IDetachableEntity</a>, <a href=\"../../IMentionable.html\" title=\"interface in net.dv8tion.jda.api.entities\">IMentionable</a>, <a href=\"../../ISnowflake.html\" title=\"interface in net.dv8tion.jda.api.entities\">ISnowflake</a></code>\n</dd>"
        ]
    },
    "seeAlso": null,
    "methods": {
        "asStageChannel()": {
            "elementId": "asStageChannel()",
            "methodAnnotations": "@Nonnull",
            "methodName": "asStageChannel",
            "methodSignature": "@Nonnull StageChannel asStageChannel()",
            "parameters": [],
            "methodReturnType": "StageChannel",
            "isStatic": false,
            "descriptionElements": [
                "<div class=\"block\">\n Casts this union to a <a href=\"../concrete/StageChannel.html\" title=\"interface in net.dv8tion.jda.api.entities.channel.concrete\"><code>StageChannel</code></a>. This method exists for developer discoverability.\n <p>Note: This is effectively equivalent to using the cast operator:</p>\n <pre><code>//These are the same!\r\nStageChannel channel = union.asStageChannel();\r\nStageChannel channel2 = (StageChannel) union;\r\n</code></pre>\n You can use <a href=\"../Channel.html#getType()\"><code>Channel.getType()</code></a> to see if the channel is of type <a href=\"../ChannelType.html#STAGE\"><code>ChannelType.STAGE</code></a> to validate whether you can call this method in addition to normal instanceof checks: <code>channel instanceof StageChannel</code>\n</div>"
            ],
            "deprecationElement": null,
            "details": {
                "RETURNS": [
                    "<dd>\n The channel as a <a href=\"../concrete/StageChannel.html\" title=\"interface in net.dv8tion.jda.api.entities.channel.concrete\"><code>StageChannel</code></a>\n</dd>"
                ],
                "THROWS": [
                    "<dd>\n <code><a href=\"https://docs.oracle.com/javase/8/docs/api/java/lang/IllegalStateException.html\" title=\"class or interface in java.lang\" class=\"external-link\">IllegalStateException</a></code> - If the channel represented by this union is not actually a <a href=\"../concrete/StageChannel.html\" title=\"interface in net.dv8tion.jda.api.entities.channel.concrete\"><code>StageChannel</code></a>.\n</dd>"
                ]
            },
            "seeAlso": null
        },
        "asAudioChannel()": {
            "elementId": "asAudioChannel()",
            "methodAnnotations": "@Nonnull",
            "methodName": "asAudioChannel",
            "methodSignature": "@Nonnull AudioChannel asAudioChannel()",
            "parameters": [],
            "methodReturnType": "AudioChannel",
            "isStatic": false,
            "descriptionElements": [
                "<div class=\"block\">\n Casts this union to a <a href=\"../middleman/AudioChannel.html\" title=\"interface in net.dv8tion.jda.api.entities.channel.middleman\"><code>AudioChannel</code></a>. This method exists for developer discoverability.\n <p>Note: This is effectively equivalent to using the cast operator:</p>\n <pre><code>//These are the same!\r\nAudioChannel channel = union.asAudioChannel();\r\nAudioChannel channel2 = (AudioChannel) union;\r\n</code></pre>\n You can use <a href=\"../Channel.html#getType()\"><code>Channel.getType()</code></a><a href=\"../ChannelType.html#isAudio()\"><code>.isAudio()</code></a> to validate whether you can call this method in addition to normal instanceof checks: <code>channel instanceof AudioChannel</code>\n</div>"
            ],
            "deprecationElement": null,
            "details": {
                "RETURNS": [
                    "<dd>\n The channel as a <a href=\"../middleman/AudioChannel.html\" title=\"interface in net.dv8tion.jda.api.entities.channel.middleman\"><code>AudioChannel</code></a>\n</dd>"
                ],
                "THROWS": [
                    "<dd>\n <code><a href=\"https://docs.oracle.com/javase/8/docs/api/java/lang/IllegalStateException.html\" title=\"class or interface in java.lang\" class=\"external-link\">IllegalStateException</a></code> - If the channel represented by this union is not actually a <a href=\"../middleman/AudioChannel.html\" title=\"interface in net.dv8tion.jda.api.entities.channel.middleman\"><code>AudioChannel</code></a>.\n</dd>"
                ]
            },
            "seeAlso": null
        },
        "isDetached()": {
            "elementId": "isDetached()",
            "methodAnnotations": null,
            "methodName": "isDetached",
            "methodSignature": "boolean isDetached()",
            "parameters": [],
            "methodReturnType": "boolean",
            "isStatic": false,
            "descriptionElements": [
                "<div class=\"block\">\n Whether this entity is detached.\n <p>If this returns <code>true</code>, this entity cannot be retrieved, will never be updated, and most methods that would otherwise return a <a href=\"../../requests/RestAction.html\" title=\"interface in net.dv8tion.jda.api.requests\"><code>RestAction</code></a> will throw a <a href=\"../../exceptions/DetachedEntityException.html\" title=\"class in net.dv8tion.jda.api.exceptions\"><code>DetachedEntityException</code></a> instead.</p>\n</div>"
            ],
            "deprecationElement": null,
            "details": {
                "RETURNS": [
                    "<dd>\n <code>True</code>, if the entity is detached\n</dd>"
                ]
            },
            "seeAlso": null
        },
        "asVoiceChannel()": {
            "elementId": "asVoiceChannel()",
            "methodAnnotations": "@Nonnull",
            "methodName": "asVoiceChannel",
            "methodSignature": "@Nonnull VoiceChannel asVoiceChannel()",
            "parameters": [],
            "methodReturnType": "VoiceChannel",
            "isStatic": false,
            "descriptionElements": [
                "<div class=\"block\">\n Casts this union to a <a href=\"../concrete/VoiceChannel.html\" title=\"interface in net.dv8tion.jda.api.entities.channel.concrete\"><code>VoiceChannel</code></a>. This method exists for developer discoverability.\n <p>Note: This is effectively equivalent to using the cast operator:</p>\n <pre><code>//These are the same!\r\nVoiceChannel channel = union.asVoiceChannel();\r\nVoiceChannel channel2 = (VoiceChannel) union;\r\n</code></pre>\n You can use <a href=\"../Channel.html#getType()\"><code>Channel.getType()</code></a> to see if the channel is of type <a href=\"../ChannelType.html#VOICE\"><code>ChannelType.VOICE</code></a> to validate whether you can call this method in addition to normal instanceof checks: <code>channel instanceof VoiceChannel</code>\n</div>"
            ],
            "deprecationElement": null,
            "details": {
                "RETURNS": [
                    "<dd>\n The channel as a <a href=\"../concrete/VoiceChannel.html\" title=\"interface in net.dv8tion.jda.api.entities.channel.concrete\"><code>VoiceChannel</code></a>\n</dd>"
                ],
                "THROWS": [
                    "<dd>\n <code><a href=\"https://docs.oracle.com/javase/8/docs/api/java/lang/IllegalStateException.html\" title=\"class or interface in java.lang\" class=\"external-link\">IllegalStateException</a></code> - If the channel represented by this union is not actually a <a href=\"../concrete/VoiceChannel.html\" title=\"interface in net.dv8tion.jda.api.entities.channel.concrete\"><code>VoiceChannel</code></a>.\n</dd>"
                ]
            },
            "seeAlso": null
        },
        "asMediaChannel()": {
            "elementId": "asMediaChannel()",
            "methodAnnotations": "@Nonnull",
            "methodName": "asMediaChannel",
            "methodSignature": "@Nonnull MediaChannel asMediaChannel()",
            "parameters": [],
            "methodReturnType": "MediaChannel",
            "isStatic": false,
            "descriptionElements": [
                "<div class=\"block\">\n Casts this union to a <a href=\"../concrete/MediaChannel.html\" title=\"interface in net.dv8tion.jda.api.entities.channel.concrete\"><code>MediaChannel</code></a>. This method exists for developer discoverability.\n <p>Note: This is effectively equivalent to using the cast operator:</p>\n <pre><code>//These are the same!\r\nMediaChannel channel = union.asMediaChannel();\r\nMediaChannel channel2 = (MediaChannel) union;\r\n</code></pre>\n You can use <a href=\"../Channel.html#getType()\"><code>Channel.getType()</code></a> to see if the channel is of type <a href=\"../ChannelType.html#MEDIA\"><code>ChannelType.MEDIA</code></a> to validate whether you can call this method in addition to normal instanceof checks: <code>channel instanceof MediaChannel</code>\n</div>"
            ],
            "deprecationElement": null,
            "details": {
                "RETURNS": [
                    "<dd>\n The channel as a <a href=\"../concrete/MediaChannel.html\" title=\"interface in net.dv8tion.jda.api.entities.channel.concrete\"><code>MediaChannel</code></a>\n</dd>"
                ],
                "THROWS": [
                    "<dd>\n <code><a href=\"https://docs.oracle.com/javase/8/docs/api/java/lang/IllegalStateException.html\" title=\"class or interface in java.lang\" class=\"external-link\">IllegalStateException</a></code> - If the channel represented by this union is not actually a <a href=\"../concrete/MediaChannel.html\" title=\"interface in net.dv8tion.jda.api.entities.channel.concrete\"><code>MediaChannel</code></a>.\n</dd>"
                ]
            },
            "seeAlso": null
        },
        "getFlags()": {
            "elementId": "getFlags()",
            "methodAnnotations": "@Nonnull",
            "methodName": "getFlags",
            "methodSignature": "@Nonnull default EnumSet<ChannelFlag> getFlags()",
            "parameters": [],
            "methodReturnType": "EnumSet<ChannelFlag>",
            "isStatic": false,
            "descriptionElements": [
                "<div class=\"block\">\n The flags configured for this channel.\n <br>\n This feature is currently primarily used for <a href=\"concrete/ForumChannel.html\" title=\"interface in net.dv8tion.jda.api.entities.channel.concrete\"><code>ForumChannels</code></a>.\n</div>"
            ],
            "deprecationElement": null,
            "details": {
                "RETURNS": [
                    "<dd>\n <a href=\"https://docs.oracle.com/javase/8/docs/api/java/util/EnumSet.html\" title=\"class or interface in java.util\" class=\"external-link\"><code>EnumSet</code></a> of the configured <a href=\"ChannelFlag.html\" title=\"enum in net.dv8tion.jda.api.entities.channel\"><code>ChannelFlags</code></a>, changes to this enum set are not reflected in the API.\n</dd>"
                ]
            },
            "seeAlso": null
        },
        "getIdLong()": {
            "elementId": "getIdLong()",
            "methodAnnotations": null,
            "methodName": "getIdLong",
            "methodSignature": "long getIdLong()",
            "parameters": [],
            "methodReturnType": "long",
            "isStatic": false,
            "descriptionElements": [
                "<div class=\"block\">The Snowflake id of this entity. This is unique to every entity and will never change.</div>"
            ],
            "deprecationElement": null,
            "details": {
                "RETURNS": [
                    "<dd>Long containing the Id.</dd>"
                ]
            },
            "seeAlso": null
        },
        "getId()": {
            "elementId": "getId()",
            "methodAnnotations": "@Nonnull",
            "methodName": "getId",
            "methodSignature": "@Nonnull default String getId()",
            "parameters": [],
            "methodReturnType": "String",
            "isStatic": false,
            "descriptionElements": [
                "<div class=\"block\">The Snowflake id of this entity. This is unique to every entity and will never change.</div>"
            ],
            "deprecationElement": null,
            "details": {
                "RETURNS": [
                    "<dd>Never-null String containing the Id.</dd>"
                ]
            },
            "seeAlso": null
        },
        "getName()": {
            "elementId": "getName()",
            "methodAnnotations": "@Nonnull",
            "methodName": "getName",
            "methodSignature": "@Nonnull String getName()",
            "parameters": [],
            "methodReturnType": "String",
            "isStatic": false,
            "descriptionElements": [
                "<div class=\"block\">\n The human readable name of this channel.\n <p>May be an empty string for <a href=\"concrete/GroupChannel.html\" title=\"interface in net.dv8tion.jda.api.entities.channel.concrete\"><code>GroupChannels</code></a> with no name (Group DMs with no name displays the recipients on the Discord client).</p>\n</div>"
            ],
            "deprecationElement": null,
            "details": {
                "RETURNS": [
                    "<dd>The name of this channel</dd>"
                ]
            },
            "seeAlso": null
        },
        "asStandardGuildChannel()": {
            "elementId": "asStandardGuildChannel()",
            "methodAnnotations": "@Nonnull",
            "methodName": "asStandardGuildChannel",
            "methodSignature": "@Nonnull StandardGuildChannel asStandardGuildChannel()",
            "parameters": [],
            "methodReturnType": "StandardGuildChannel",
            "isStatic": false,
            "descriptionElements": [
                "<div class=\"block\">\n Casts this union to a <a href=\"../middleman/StandardGuildChannel.html\" title=\"interface in net.dv8tion.jda.api.entities.channel.middleman\"><code>StandardGuildChannel</code></a>. This method exists for developer discoverability.\n <p>Note: This is effectively equivalent to using the cast operator:</p>\n <pre><code>//These are the same!\r\nStandardGuildChannel channel = union.asStandardGuildChannel();\r\nStandardGuildChannel channel2 = (StandardGuildChannel) union;\r\n</code></pre>\n</div>"
            ],
            "deprecationElement": null,
            "details": {
                "RETURNS": [
                    "<dd>\n The channel as a <a href=\"../middleman/StandardGuildChannel.html\" title=\"interface in net.dv8tion.jda.api.entities.channel.middleman\"><code>StandardGuildChannel</code></a>\n</dd>"
                ],
                "THROWS": [
                    "<dd>\n <code><a href=\"https://docs.oracle.com/javase/8/docs/api/java/lang/IllegalStateException.html\" title=\"class or interface in java.lang\" class=\"external-link\">IllegalStateException</a></code> - If the channel represented by this union is not actually a <a href=\"../middleman/StandardGuildChannel.html\" title=\"interface in net.dv8tion.jda.api.entities.channel.middleman\"><code>StandardGuildChannel</code></a>.\n</dd>"
                ]
            },
            "seeAlso": null
        },
        "getType()": {
            "elementId": "getType()",
            "methodAnnotations": "@Nonnull",
            "methodName": "getType",
            "methodSignature": "@Nonnull ChannelType getType()",
            "parameters": [],
            "methodReturnType": "ChannelType",
            "isStatic": false,
            "descriptionElements": [
                "<div class=\"block\">\n The <a href=\"ChannelType.html\" title=\"enum in net.dv8tion.jda.api.entities.channel\"><code>ChannelType</code></a> for this channel\n</div>"
            ],
            "deprecationElement": null,
            "details": {
                "RETURNS": [
                    "<dd>The channel type</dd>"
                ]
            },
            "seeAlso": null
        },
        "asThreadChannel()": {
            "elementId": "asThreadChannel()",
            "methodAnnotations": "@Nonnull",
            "methodName": "asThreadChannel",
            "methodSignature": "@Nonnull ThreadChannel asThreadChannel()",
            "parameters": [],
            "methodReturnType": "ThreadChannel",
            "isStatic": false,
            "descriptionElements": [
                "<div class=\"block\">\n Casts this union to a <a href=\"../concrete/ThreadChannel.html\" title=\"interface in net.dv8tion.jda.api.entities.channel.concrete\"><code>ThreadChannel</code></a>. This method exists for developer discoverability.\n <p>Note: This is effectively equivalent to using the cast operator:</p>\n <pre><code>//These are the same!\r\nThreadChannel channel = union.asThreadChannel();\r\nThreadChannel channel2 = (ThreadChannel) union;\r\n</code></pre>\n You can use <a href=\"../Channel.html#getType()\"><code>Channel.getType()</code></a><a href=\"../ChannelType.html#isThread()\"><code>.isThread()</code></a> to validate whether you can call this method in addition to normal instanceof checks: <code>channel instanceof ThreadChannel</code>\n</div>"
            ],
            "deprecationElement": null,
            "details": {
                "RETURNS": [
                    "<dd>\n The channel as a <a href=\"../concrete/ThreadChannel.html\" title=\"interface in net.dv8tion.jda.api.entities.channel.concrete\"><code>ThreadChannel</code></a>\n</dd>"
                ],
                "THROWS": [
                    "<dd>\n <code><a href=\"https://docs.oracle.com/javase/8/docs/api/java/lang/IllegalStateException.html\" title=\"class or interface in java.lang\" class=\"external-link\">IllegalStateException</a></code> - If the channel represented by this union is not actually a <a href=\"../concrete/ThreadChannel.html\" title=\"interface in net.dv8tion.jda.api.entities.channel.concrete\"><code>ThreadChannel</code></a>.\n</dd>"
                ]
            },
            "seeAlso": null
        },
        "getAsMention()": {
            "elementId": "getAsMention()",
            "methodAnnotations": "@Nonnull",
            "methodName": "getAsMention",
            "methodSignature": "@Nonnull default String getAsMention()",
            "parameters": [],
            "methodReturnType": "String",
            "isStatic": false,
            "descriptionElements": [
                "<div class=\"block\">\n <span class=\"description-from-type-label\">Description copied from interface:&nbsp;<code><a href=\"../IMentionable.html#getAsMention()\">IMentionable</a></code></span>\n</div>",
                "<div class=\"block\">\n Retrieve a Mention for this Entity. For the public <a href=\"../Role.html\" title=\"interface in net.dv8tion.jda.api.entities\"><code>Role</code></a> (@everyone), this will return the literal string <code>\"@everyone\"</code>.\n</div>"
            ],
            "deprecationElement": null,
            "details": {
                "RETURNS": [
                    "<dd>A resolvable mention.</dd>"
                ],
                "SPECIFIED_BY": [
                    "<dd>\n <code><a href=\"../IMentionable.html#getAsMention()\">getAsMention</a></code>&nbsp;in interface&nbsp;<code><a href=\"../IMentionable.html\" title=\"interface in net.dv8tion.jda.api.entities\">IMentionable</a></code>\n</dd>"
                ]
            },
            "seeAlso": null
        },
        "getJDA()": {
            "elementId": "getJDA()",
            "methodAnnotations": "@Nonnull",
            "methodName": "getJDA",
            "methodSignature": "@Nonnull JDA getJDA()",
            "parameters": [],
            "methodReturnType": "JDA",
            "isStatic": false,
            "descriptionElements": [
                "<div class=\"block\">\n Returns the <a href=\"../../JDA.html\" title=\"interface in net.dv8tion.jda.api\"><code>JDA</code></a> instance of this channel\n</div>"
            ],
            "deprecationElement": null,
            "details": {
                "RETURNS": [
                    "<dd>the corresponding JDA instance</dd>"
                ]
            },
            "seeAlso": null
        },
        "asTextChannel()": {
            "elementId": "asTextChannel()",
            "methodAnnotations": "@Nonnull",
            "methodName": "asTextChannel",
            "methodSignature": "@Nonnull TextChannel asTextChannel()",
            "parameters": [],
            "methodReturnType": "TextChannel",
            "isStatic": false,
            "descriptionElements": [
                "<div class=\"block\">\n Casts this union to a <a href=\"../concrete/TextChannel.html\" title=\"interface in net.dv8tion.jda.api.entities.channel.concrete\"><code>TextChannel</code></a>. This method exists for developer discoverability.\n <p>Note: This is effectively equivalent to using the cast operator:</p>\n <pre><code>//These are the same!\r\nTextChannel channel = union.asTextChannel();\r\nTextChannel channel2 = (TextChannel) union;\r\n</code></pre>\n You can use <a href=\"../Channel.html#getType()\"><code>Channel.getType()</code></a> to see if the channel is of type <a href=\"../ChannelType.html#TEXT\"><code>ChannelType.TEXT</code></a> to validate whether you can call this method in addition to normal instanceof checks: <code>channel instanceof TextChannel</code>\n</div>"
            ],
            "deprecationElement": null,
            "details": {
                "RETURNS": [
                    "<dd>\n The channel as a <a href=\"../concrete/TextChannel.html\" title=\"interface in net.dv8tion.jda.api.entities.channel.concrete\"><code>TextChannel</code></a>\n</dd>"
                ],
                "THROWS": [
                    "<dd>\n <code><a href=\"https://docs.oracle.com/javase/8/docs/api/java/lang/IllegalStateException.html\" title=\"class or interface in java.lang\" class=\"external-link\">IllegalStateException</a></code> - If the channel represented by this union is not actually a <a href=\"../concrete/TextChannel.html\" title=\"interface in net.dv8tion.jda.api.entities.channel.concrete\"><code>TextChannel</code></a>.\n</dd>"
                ]
            },
            "seeAlso": null
        },
        "asGroupChannel()": {
            "elementId": "asGroupChannel()",
            "methodAnnotations": "@Nonnull",
            "methodName": "asGroupChannel",
            "methodSignature": "@Nonnull GroupChannel asGroupChannel()",
            "parameters": [],
            "methodReturnType": "GroupChannel",
            "isStatic": false,
            "descriptionElements": [
                "<div class=\"block\">\n Casts this union to a <a href=\"../concrete/GroupChannel.html\" title=\"interface in net.dv8tion.jda.api.entities.channel.concrete\"><code>GroupChannel</code></a>. This method exists for developer discoverability.\n <p>Note: This is effectively equivalent to using the cast operator:</p>\n <pre><code>//These are the same!\r\nGroupChannel channel = union.asGroupChannel();\r\nGroupChannel channel2 = (GroupChannel) union;\r\n</code></pre>\n You can use <a href=\"../Channel.html#getType()\"><code>Channel.getType()</code></a> to see if the channel is of type <a href=\"../ChannelType.html#GROUP\"><code>ChannelType.GROUP</code></a> to validate whether you can call this method in addition to normal instanceof checks: <code>channel instanceof GroupChannel</code>\n</div>"
            ],
            "deprecationElement": null,
            "details": {
                "RETURNS": [
                    "<dd>\n The channel as a <a href=\"../concrete/GroupChannel.html\" title=\"interface in net.dv8tion.jda.api.entities.channel.concrete\"><code>GroupChannel</code></a>\n</dd>"
                ],
                "THROWS": [
                    "<dd>\n <code><a href=\"https://docs.oracle.com/javase/8/docs/api/java/lang/IllegalStateException.html\" title=\"class or interface in java.lang\" class=\"external-link\">IllegalStateException</a></code> - If the channel represented by this union is not actually a <a href=\"../concrete/GroupChannel.html\" title=\"interface in net.dv8tion.jda.api.entities.channel.concrete\"><code>GroupChannel</code></a>.\n</dd>"
                ]
            },
            "seeAlso": null
        },
        "asThreadContainer()": {
            "elementId": "asThreadContainer()",
            "methodAnnotations": null,
            "methodName": "asThreadContainer",
            "methodSignature": "IThreadContainer asThreadContainer()",
            "parameters": [],
            "methodReturnType": "IThreadContainer",
            "isStatic": false,
            "descriptionElements": [
                "<div class=\"block\">\n Casts this union to a <a href=\"../attribute/IThreadContainer.html\" title=\"interface in net.dv8tion.jda.api.entities.channel.attribute\"><code>IThreadContainer</code></a>. This method exists for developer discoverability.\n <p>Note: This is effectively equivalent to using the cast operator:</p>\n <pre><code>//These are the same!\r\nIThreadContainer channel = union.asThreadContainer();\r\nIThreadContainer channel2 = (IThreadContainer) union;\r\n</code></pre>\n You can use <code>channel instanceof IThreadContainer</code> to validate whether you can call this method.\n</div>"
            ],
            "deprecationElement": null,
            "details": {
                "RETURNS": [
                    "<dd>\n The channel as a <a href=\"../attribute/IThreadContainer.html\" title=\"interface in net.dv8tion.jda.api.entities.channel.attribute\"><code>IThreadContainer</code></a>\n</dd>"
                ],
                "THROWS": [
                    "<dd>\n <code><a href=\"https://docs.oracle.com/javase/8/docs/api/java/lang/IllegalStateException.html\" title=\"class or interface in java.lang\" class=\"external-link\">IllegalStateException</a></code> - If the channel represented by this union is not actually a <a href=\"../attribute/IThreadContainer.html\" title=\"interface in net.dv8tion.jda.api.entities.channel.attribute\"><code>IThreadContainer</code></a>.\n</dd>"
                ]
            },
            "seeAlso": null
        },
        "asGuildMessageChannel()": {
            "elementId": "asGuildMessageChannel()",
            "methodAnnotations": "@Nonnull",
            "methodName": "asGuildMessageChannel",
            "methodSignature": "@Nonnull GuildMessageChannel asGuildMessageChannel()",
            "parameters": [],
            "methodReturnType": "GuildMessageChannel",
            "isStatic": false,
            "descriptionElements": [
                "<div class=\"block\">\n Casts this union to a <a href=\"../middleman/GuildMessageChannel.html\" title=\"interface in net.dv8tion.jda.api.entities.channel.middleman\"><code>GuildMessageChannel</code></a>. This method exists for developer discoverability.\n <p>Note: This is effectively equivalent to using the cast operator:</p>\n <pre><code>//These are the same!\r\nGuildMessageChannel channel = union.asGuildMessageChannel();\r\nGuildMessageChannel channel2 = (GuildMessageChannel) union;\r\n</code></pre>\n You can use <a href=\"../Channel.html#getType()\"><code>Channel.getType()</code></a><a href=\"../ChannelType.html#isGuild()\"><code>.isGuild()</code></a> and <a href=\"../Channel.html#getType()\"><code>Channel.getType()</code></a><a href=\"../ChannelType.html#isMessage()\"><code>.isMessage()</code></a> to validate whether you can call this method in addition to normal instanceof checks: <code>channel instanceof GuildMessageChannel</code>\n</div>"
            ],
            "deprecationElement": null,
            "details": {
                "RETURNS": [
                    "<dd>\n The channel as a <a href=\"../middleman/GuildMessageChannel.html\" title=\"interface in net.dv8tion.jda.api.entities.channel.middleman\"><code>GuildMessageChannel</code></a>\n</dd>"
                ],
                "THROWS": [
                    "<dd>\n <code><a href=\"https://docs.oracle.com/javase/8/docs/api/java/lang/IllegalStateException.html\" title=\"class or interface in java.lang\" class=\"external-link\">IllegalStateException</a></code> - If the channel represented by this union is not actually a <a href=\"../middleman/GuildMessageChannel.html\" title=\"interface in net.dv8tion.jda.api.entities.channel.middleman\"><code>GuildMessageChannel</code></a>.\n</dd>"
                ]
            },
            "seeAlso": null
        },
        "asPrivateChannel()": {
            "elementId": "asPrivateChannel()",
            "methodAnnotations": "@Nonnull",
            "methodName": "asPrivateChannel",
            "methodSignature": "@Nonnull PrivateChannel asPrivateChannel()",
            "parameters": [],
            "methodReturnType": "PrivateChannel",
            "isStatic": false,
            "descriptionElements": [
                "<div class=\"block\">\n Casts this union to a <a href=\"../concrete/PrivateChannel.html\" title=\"interface in net.dv8tion.jda.api.entities.channel.concrete\"><code>PrivateChannel</code></a>. This method exists for developer discoverability.\n <p>Note: This is effectively equivalent to using the cast operator:</p>\n <pre><code>//These are the same!\r\nPrivateChannel channel = union.asPrivateChannel();\r\nPrivateChannel channel2 = (PrivateChannel) union;\r\n</code></pre>\n You can use <a href=\"../Channel.html#getType()\"><code>Channel.getType()</code></a> to see if the channel is of type <a href=\"../ChannelType.html#PRIVATE\"><code>ChannelType.PRIVATE</code></a> to validate whether you can call this method in addition to normal instanceof checks: <code>channel instanceof PrivateChannel</code>\n</div>"
            ],
            "deprecationElement": null,
            "details": {
                "RETURNS": [
                    "<dd>\n The channel as a <a href=\"../concrete/PrivateChannel.html\" title=\"interface in net.dv8tion.jda.api.entities.channel.concrete\"><code>PrivateChannel</code></a>\n</dd>"
                ],
                "THROWS": [
                    "<dd>\n <code><a href=\"https://docs.oracle.com/javase/8/docs/api/java/lang/IllegalStateException.html\" title=\"class or interface in java.lang\" class=\"external-link\">IllegalStateException</a></code> - If the channel represented by this union is not actually a <a href=\"../concrete/PrivateChannel.html\" title=\"interface in net.dv8tion.jda.api.entities.channel.concrete\"><code>PrivateChannel</code></a>.\n</dd>"
                ]
            },
            "seeAlso": null
        },
        "asMessageChannel()": {
            "elementId": "asMessageChannel()",
            "methodAnnotations": "@Nonnull",
            "methodName": "asMessageChannel",
            "methodSignature": "@Nonnull MessageChannel asMessageChannel()",
            "parameters": [],
            "methodReturnType": "MessageChannel",
            "isStatic": false,
            "descriptionElements": [
                "<div class=\"block\">\n Casts this union to a <a href=\"../middleman/MessageChannel.html\" title=\"interface in net.dv8tion.jda.api.entities.channel.middleman\"><code>MessageChannel</code></a>. This method exists for developer discoverability.\n <p>Note: This is effectively equivalent to using the cast operator:</p>\n <pre><code>//These are the same!\r\nMessageChannel channel = union.asMessageChannel();\r\nMessageChannel channel2 = (MessageChannel) union;\r\n</code></pre>\n You can use <a href=\"../Channel.html#getType()\"><code>Channel.getType()</code></a><a href=\"../ChannelType.html#isMessage()\"><code>.isMessage()</code></a> to validate whether you can call this method in addition to normal instanceof checks: <code>channel instanceof MessageChannel</code>\n</div>"
            ],
            "deprecationElement": null,
            "details": {
                "RETURNS": [
                    "<dd>\n The channel as a <a href=\"../middleman/MessageChannel.html\" title=\"interface in net.dv8tion.jda.api.entities.channel.middleman\"><code>MessageChannel</code></a>\n</dd>"
                ],
                "THROWS": [
                    "<dd>\n <code><a href=\"https://docs.oracle.com/javase/8/docs/api/java/lang/IllegalStateException.html\" title=\"class or interface in java.lang\" class=\"external-link\">IllegalStateException</a></code> - If the channel represented by this union is not actually a <a href=\"../middleman/MessageChannel.html\" title=\"interface in net.dv8tion.jda.api.entities.channel.middleman\"><code>MessageChannel</code></a>.\n</dd>"
                ]
            },
            "seeAlso": null
        },
        "asCategory()": {
            "elementId": "asCategory()",
            "methodAnnotations": "@Nonnull",
            "methodName": "asCategory",
            "methodSignature": "@Nonnull Category asCategory()",
            "parameters": [],
            "methodReturnType": "Category",
            "isStatic": false,
            "descriptionElements": [
                "<div class=\"block\">\n Casts this union to a <a href=\"../concrete/Category.html\" title=\"interface in net.dv8tion.jda.api.entities.channel.concrete\"><code>Category</code></a>. This method exists for developer discoverability.\n <p>Note: This is effectively equivalent to using the cast operator:</p>\n <pre><code>//These are the same!\r\nCategory channel = union.asCategory();\r\nCategory channel2 = (Category) union;\r\n</code></pre>\n You can use <a href=\"../Channel.html#getType()\"><code>Channel.getType()</code></a> to see if the channel is of type <a href=\"../ChannelType.html#CATEGORY\"><code>ChannelType.CATEGORY</code></a> to validate whether you can call this method in addition to normal instanceof checks: <code>channel instanceof Category</code>\n</div>"
            ],
            "deprecationElement": null,
            "details": {
                "RETURNS": [
                    "<dd>\n The channel as a <a href=\"../concrete/Category.html\" title=\"interface in net.dv8tion.jda.api.entities.channel.concrete\"><code>Category</code></a>\n</dd>"
                ],
                "THROWS": [
                    "<dd>\n <code><a href=\"https://docs.oracle.com/javase/8/docs/api/java/lang/IllegalStateException.html\" title=\"class or interface in java.lang\" class=\"external-link\">IllegalStateException</a></code> - If the channel represented by this union is not actually a <a href=\"../concrete/Category.html\" title=\"interface in net.dv8tion.jda.api.entities.channel.concrete\"><code>Category</code></a>.\n</dd>"
                ]
            },
            "seeAlso": null
        },
        "asForumChannel()": {
            "elementId": "asForumChannel()",
            "methodAnnotations": "@Nonnull",
            "methodName": "asForumChannel",
            "methodSignature": "@Nonnull ForumChannel asForumChannel()",
            "parameters": [],
            "methodReturnType": "ForumChannel",
            "isStatic": false,
            "descriptionElements": [
                "<div class=\"block\">\n Casts this union to a <a href=\"../concrete/ForumChannel.html\" title=\"interface in net.dv8tion.jda.api.entities.channel.concrete\"><code>ForumChannel</code></a>. This method exists for developer discoverability.\n <p>Note: This is effectively equivalent to using the cast operator:</p>\n <pre><code>//These are the same!\r\nForumChannel channel = union.asForumChannel();\r\nForumChannel channel2 = (ForumChannel) union;\r\n</code></pre>\n You can use <a href=\"../Channel.html#getType()\"><code>Channel.getType()</code></a> to see if the channel is of type <a href=\"../ChannelType.html#FORUM\"><code>ChannelType.FORUM</code></a> to validate whether you can call this method in addition to normal instanceof checks: <code>channel instanceof ForumChannel</code>\n</div>"
            ],
            "deprecationElement": null,
            "details": {
                "RETURNS": [
                    "<dd>\n The channel as a <a href=\"../concrete/ForumChannel.html\" title=\"interface in net.dv8tion.jda.api.entities.channel.concrete\"><code>ForumChannel</code></a>\n</dd>"
                ],
                "THROWS": [
                    "<dd>\n <code><a href=\"https://docs.oracle.com/javase/8/docs/api/java/lang/IllegalStateException.html\" title=\"class or interface in java.lang\" class=\"external-link\">IllegalStateException</a></code> - If the channel represented by this union is not actually a <a href=\"../concrete/ForumChannel.html\" title=\"interface in net.dv8tion.jda.api.entities.channel.concrete\"><code>ForumChannel</code></a>.\n</dd>"
                ]
            },
            "seeAlso": null
        },
        "asGuildChannel()": {
            "elementId": "asGuildChannel()",
            "methodAnnotations": "@Nonnull",
            "methodName": "asGuildChannel",
            "methodSignature": "@Nonnull GuildChannel asGuildChannel()",
            "parameters": [],
            "methodReturnType": "GuildChannel",
            "isStatic": false,
            "descriptionElements": [
                "<div class=\"block\">\n Casts this union to a <a href=\"../middleman/GuildChannel.html\" title=\"interface in net.dv8tion.jda.api.entities.channel.middleman\"><code>GuildChannel</code></a>. This method exists for developer discoverability.\n <p>Note: This is effectively equivalent to using the cast operator:</p>\n <pre><code>//These are the same!\r\nGuildChannel channel = union.asGuildChannel();\r\nGuildChannel channel2 = (GuildChannel) union;\r\n</code></pre>\n You can use <a href=\"../Channel.html#getType()\"><code>Channel.getType()</code></a><a href=\"../ChannelType.html#isGuild()\"><code>isGuild()</code></a> to validate whether you can call this method in addition to normal instanceof checks: <code>channel instanceof GuildChannel</code>\n</div>"
            ],
            "deprecationElement": null,
            "details": {
                "RETURNS": [
                    "<dd>\n The channel as a <a href=\"../middleman/GuildChannel.html\" title=\"interface in net.dv8tion.jda.api.entities.channel.middleman\"><code>GuildChannel</code></a>\n</dd>"
                ],
                "THROWS": [
                    "<dd>\n <code><a href=\"https://docs.oracle.com/javase/8/docs/api/java/lang/IllegalStateException.html\" title=\"class or interface in java.lang\" class=\"external-link\">IllegalStateException</a></code> - If the channel represented by this union is not actually a <a href=\"../middleman/GuildChannel.html\" title=\"interface in net.dv8tion.jda.api.entities.channel.middleman\"><code>GuildChannel</code></a>.\n</dd>"
                ]
            },
            "seeAlso": null
        },
        "delete()": {
            "elementId": "delete()",
            "methodAnnotations": "@Nonnull @CheckReturnValue",
            "methodName": "delete",
            "methodSignature": "@Nonnull @CheckReturnValue RestAction<Void> delete()",
            "parameters": [],
            "methodReturnType": "RestAction<Void>",
            "isStatic": false,
            "descriptionElements": [
                "<div class=\"block\">\n Deletes this Channel.\n <p>Possible ErrorResponses include:</p>\n <ul>\n  <li><a href=\"../../requests/ErrorResponse.html#UNKNOWN_CHANNEL\"><code>UNKNOWN_CHANNEL</code></a>\n   <br>\n   If this channel was already deleted</li>\n </ul>\n</div>"
            ],
            "deprecationElement": null,
            "details": {
                "RETURNS": [
                    "<dd>\n <a href=\"../../requests/RestAction.html\" title=\"interface in net.dv8tion.jda.api.requests\"><code>RestAction</code></a>\n</dd>"
                ]
            },
            "seeAlso": null
        },
        "getTimeCreated()": {
            "elementId": "getTimeCreated()",
            "methodAnnotations": "@Nonnull",
            "methodName": "getTimeCreated",
            "methodSignature": "@Nonnull default OffsetDateTime getTimeCreated()",
            "parameters": [],
            "methodReturnType": "OffsetDateTime",
            "isStatic": false,
            "descriptionElements": [
                "<div class=\"block\">\n The time this entity was created. Calculated through the Snowflake in <a href=\"#getIdLong()\"><code>getIdLong()</code></a>.\n</div>"
            ],
            "deprecationElement": null,
            "details": {
                "RETURNS": [
                    "<dd>OffsetDateTime - Time this entity was created at.</dd>"
                ],
                "SEE_ALSO": [
                    "<dd>\n <ul class=\"tag-list\">\n  <li><a href=\"../utils/TimeUtil.html#getTimeCreated(long)\"><code>TimeUtil.getTimeCreated(long)</code></a></li>\n </ul>\n</dd>"
                ]
            },
            "seeAlso": {
                "references": [
                    {
                        "text": "TimeUtil#getTimeCreated(long)",
                        "link": "https://docs.jda.wiki/net/dv8tion/jda/api/utils/TimeUtil.html#getTimeCreated(long)",
                        "targetType": "METHOD",
                        "fullSignature": "TimeUtil#getTimeCreated(long)"
                    }
                ]
            }
        },
        "asNewsChannel()": {
            "elementId": "asNewsChannel()",
            "methodAnnotations": "@Nonnull",
            "methodName": "asNewsChannel",
            "methodSignature": "@Nonnull NewsChannel asNewsChannel()",
            "parameters": [],
            "methodReturnType": "NewsChannel",
            "isStatic": false,
            "descriptionElements": [
                "<div class=\"block\">\n Casts this union to a <a href=\"../concrete/NewsChannel.html\" title=\"interface in net.dv8tion.jda.api.entities.channel.concrete\"><code>NewsChannel</code></a>. This method exists for developer discoverability.\n <p>Note: This is effectively equivalent to using the cast operator:</p>\n <pre><code>//These are the same!\r\nNewsChannel channel = union.asNewsChannel();\r\nNewsChannel channel2 = (NewsChannel) union;\r\n</code></pre>\n You can use <a href=\"../Channel.html#getType()\"><code>Channel.getType()</code></a> to see if the channel is of type <a href=\"../ChannelType.html#NEWS\"><code>ChannelType.NEWS</code></a> to validate whether you can call this method in addition to normal instanceof checks: <code>channel instanceof NewsChannel</code>\n</div>"
            ],
            "deprecationElement": null,
            "details": {
                "RETURNS": [
                    "<dd>\n The channel as a <a href=\"../concrete/NewsChannel.html\" title=\"interface in net.dv8tion.jda.api.entities.channel.concrete\"><code>NewsChannel</code></a>\n</dd>"
                ],
                "THROWS": [
                    "<dd>\n <code><a href=\"https://docs.oracle.com/javase/8/docs/api/java/lang/IllegalStateException.html\" title=\"class or interface in java.lang\" class=\"external-link\">IllegalStateException</a></code> - If the channel represented by this union is not actually a <a href=\"../concrete/NewsChannel.html\" title=\"interface in net.dv8tion.jda.api.entities.channel.concrete\"><code>NewsChannel</code></a>.\n</dd>"
                ]
            },
            "seeAlso": null
        },
        "formatTo(java.util.Formatter,int,int,int)": {
            "elementId": "formatTo(java.util.Formatter,int,int,int)",
            "methodAnnotations": null,
            "methodName": "formatTo",
            "methodSignature": "default void formatTo(Formatter formatter, int flags, int width, int precision)",
            "parameters": [
                {
                    "annotations": [],
                    "type": "java.util.Formatter",
                    "simpleType": "Formatter",
                    "name": "formatter"
                },
                {
                    "annotations": [],
                    "type": "int",
                    "simpleType": "int",
                    "name": "flags"
                },
                {
                    "annotations": [],
                    "type": "int",
                    "simpleType": "int",
                    "name": "width"
                },
                {
                    "annotations": [],
                    "type": "int",
                    "simpleType": "int",
                    "name": "precision"
                }
            ],
            "methodReturnType": "void",
            "isStatic": false,
            "descriptionElements": [],
            "deprecationElement": null,
            "details": {
                "SPECIFIED_BY": [
                    "<dd>\n <code><a href=\"https://docs.oracle.com/javase/8/docs/api/java/util/Formattable.html#formatTo-java.util.Formatter-int-int-int-\" title=\"class or interface in java.util\" class=\"external-link\">formatTo</a></code>&nbsp;in interface&nbsp;<code><a href=\"https://docs.oracle.com/javase/8/docs/api/java/util/Formattable.html\" title=\"class or interface in java.util\" class=\"external-link\">Formattable</a></code>\n</dd>",
                    "<dd>\n <code><a href=\"../IMentionable.html#formatTo(java.util.Formatter,int,int,int)\">formatTo</a></code>&nbsp;in interface&nbsp;<code><a href=\"../IMentionable.html\" title=\"interface in net.dv8tion.jda.api.entities\">IMentionable</a></code>\n</dd>"
                ]
            },
            "seeAlso": null
        },
        "asStandardGuildMessageChannel()": {
            "elementId": "asStandardGuildMessageChannel()",
            "methodAnnotations": "@Nonnull",
            "methodName": "asStandardGuildMessageChannel",
            "methodSignature": "@Nonnull StandardGuildMessageChannel asStandardGuildMessageChannel()",
            "parameters": [],
            "methodReturnType": "StandardGuildMessageChannel",
            "isStatic": false,
            "descriptionElements": [
                "<div class=\"block\">\n Casts this union to a <a href=\"../middleman/StandardGuildMessageChannel.html\" title=\"interface in net.dv8tion.jda.api.entities.channel.middleman\"><code>StandardGuildMessageChannel</code></a>. This method exists for developer discoverability.\n <p>Note: This is effectively equivalent to using the cast operator:</p>\n <pre><code>//These are the same!\r\nStandardGuildMessageChannel channel = union.asStandardGuildMessageChannel();\r\nStandardGuildMessageChannel channel2 = (StandardGuildMessageChannel) union;\r\n</code></pre>\n</div>"
            ],
            "deprecationElement": null,
            "details": {
                "RETURNS": [
                    "<dd>\n The channel as a <a href=\"../middleman/StandardGuildMessageChannel.html\" title=\"interface in net.dv8tion.jda.api.entities.channel.middleman\"><code>StandardGuildMessageChannel</code></a>\n</dd>"
                ],
                "THROWS": [
                    "<dd>\n <code><a href=\"https://docs.oracle.com/javase/8/docs/api/java/lang/IllegalStateException.html\" title=\"class or interface in java.lang\" class=\"external-link\">IllegalStateException</a></code> - If the channel represented by this union is not actually a <a href=\"../middleman/StandardGuildMessageChannel.html\" title=\"interface in net.dv8tion.jda.api.entities.channel.middleman\"><code>StandardGuildMessageChannel</code></a>.\n</dd>"
                ]
            },
            "seeAlso": null
        }
    },
    "fields": {
        "MAX_NAME_LENGTH": {
            "elementId": "MAX_NAME_LENGTH",
            "fieldName": "MAX_NAME_LENGTH",
            "fieldType": "int",
            "fieldValue": "100",
            "descriptionElements": [
                "<div class=\"block\">The maximum length a channel name can be. (100)</div>"
            ],
            "deprecationElement": null,
            "modifiers": "static final"
        }
    }
}