{
    "classNameFqcn": "net.dv8tion.jda.api.entities.channel.unions.IWebhookContainerUnion",
    "descriptionElements": [
        "<div class=\"block\">\n A union representing all channel types that implement <a href=\"../attribute/IWebhookContainer.html\" title=\"interface in net.dv8tion.jda.api.entities.channel.attribute\"><code>IWebhookContainer</code></a>.\n <br>\n This class extends <a href=\"../attribute/IWebhookContainer.html\" title=\"interface in net.dv8tion.jda.api.entities.channel.attribute\"><code>IWebhookContainer</code></a> and primarily acts as a discovery tool for developers to discover some common interfaces that a <a href=\"../attribute/IWebhookContainer.html\" title=\"interface in net.dv8tion.jda.api.entities.channel.attribute\"><code>IWebhookContainer</code></a> could be cast to.\n <br>\n This interface represents the follow concrete channel types:\n <ul>\n  <li><a href=\"../concrete/TextChannel.html\" title=\"interface in net.dv8tion.jda.api.entities.channel.concrete\"><code>TextChannel</code></a></li>\n  <li><a href=\"../concrete/NewsChannel.html\" title=\"interface in net.dv8tion.jda.api.entities.channel.concrete\"><code>NewsChannel</code></a></li>\n  <li><a href=\"../concrete/VoiceChannel.html\" title=\"interface in net.dv8tion.jda.api.entities.channel.concrete\"><code>VoiceChannel</code></a></li>\n  <li><a href=\"../concrete/StageChannel.html\" title=\"interface in net.dv8tion.jda.api.entities.channel.concrete\"><code>StageChannel</code></a></li>\n  <li><a href=\"../concrete/ForumChannel.html\" title=\"interface in net.dv8tion.jda.api.entities.channel.concrete\"><code>ForumChannel</code></a></li>\n  <li><a href=\"../concrete/MediaChannel.html\" title=\"interface in net.dv8tion.jda.api.entities.channel.concrete\"><code>MediaChannel</code></a></li>\n </ul>\n</div>"
    ],
    "deprecationElement": null,
    "details": {
        "SUPER_INTERFACES": [
            "<dd>\n <code><a href=\"../Channel.html\" title=\"interface in net.dv8tion.jda.api.entities.channel\">Channel</a></code>, <code><a href=\"https://docs.oracle.com/javase/8/docs/api/java/lang/Comparable.html\" title=\"class or interface in java.lang\" class=\"external-link\">Comparable</a>&lt;<a href=\"../middleman/GuildChannel.html\" title=\"interface in net.dv8tion.jda.api.entities.channel.middleman\">GuildChannel</a>&gt;</code>, <code><a href=\"https://docs.oracle.com/javase/8/docs/api/java/util/Formattable.html\" title=\"class or interface in java.util\" class=\"external-link\">Formattable</a></code>, <code><a href=\"../middleman/GuildChannel.html\" title=\"interface in net.dv8tion.jda.api.entities.channel.middleman\">GuildChannel</a></code>, <code><a href=\"../../detached/IDetachableEntity.html\" title=\"interface in net.dv8tion.jda.api.entities.detached\">IDetachableEntity</a></code>, <code><a href=\"../../IMentionable.html\" title=\"interface in net.dv8tion.jda.api.entities\">IMentionable</a></code>, <code><a href=\"../../ISnowflake.html\" title=\"interface in net.dv8tion.jda.api.entities\">ISnowflake</a></code>, <code><a href=\"../attribute/IWebhookContainer.html\" title=\"interface in net.dv8tion.jda.api.entities.channel.attribute\">IWebhookContainer</a></code>\n</dd>"
        ]
    },
    "seeAlso": null,
    "methods": {
        "retrieveWebhooks()": {
            "elementId": "retrieveWebhooks()",
            "methodAnnotations": "@Nonnull @CheckReturnValue",
            "methodName": "retrieveWebhooks",
            "methodSignature": "@Nonnull @CheckReturnValue RestAction<@Unmodifiable List<Webhook>> retrieveWebhooks()",
            "parameters": [],
            "methodReturnType": "RestAction<@Unmodifiable List<Webhook>>",
            "isStatic": false,
            "descriptionElements": [
                "<div class=\"block\">\n Retrieves the <a href=\"../../Webhook.html\" title=\"interface in net.dv8tion.jda.api.entities\"><code>Webhooks</code></a> attached to this channel.\n <p>Possible ErrorResponses include:</p>\n <ul>\n  <li><a href=\"../../../requests/ErrorResponse.html#UNKNOWN_CHANNEL\"><code>UNKNOWN_CHANNEL</code></a>\n   <br>\n   if this channel was deleted</li>\n  <li><a href=\"../../../requests/ErrorResponse.html#MISSING_ACCESS\"><code>MISSING_ACCESS</code></a>\n   <br>\n   if we were removed from the guild</li>\n </ul>\n</div>"
            ],
            "deprecationElement": null,
            "details": {
                "RETURNS": [
                    "<dd>\n <a href=\"../../../requests/RestAction.html\" title=\"interface in net.dv8tion.jda.api.requests\"><code>RestAction</code></a> - Type: List&lt;<a href=\"../../Webhook.html\" title=\"interface in net.dv8tion.jda.api.entities\"><code>Webhook</code></a>&gt;\n <br>\n Retrieved an immutable list of Webhooks attached to this channel\n</dd>"
                ],
                "THROWS": [
                    "<dd>\n <code><a href=\"../../../exceptions/InsufficientPermissionException.html\" title=\"class in net.dv8tion.jda.api.exceptions\">InsufficientPermissionException</a></code> - If the currently logged in account does not have <a href=\"../../../Permission.html#MANAGE_WEBHOOKS\"><code>Permission.MANAGE_WEBHOOKS</code></a> in this channel.\n</dd>",
                    "<dd>\n <code><a href=\"../../../exceptions/DetachedEntityException.html\" title=\"class in net.dv8tion.jda.api.exceptions\">DetachedEntityException</a></code> - If this entity is <a href=\"../../detached/IDetachableEntity.html#isDetached()\"><code>detached</code></a>\n</dd>"
                ]
            },
            "seeAlso": null
        },
        "asStageChannel()": {
            "elementId": "asStageChannel()",
            "methodAnnotations": "@Nonnull",
            "methodName": "asStageChannel",
            "methodSignature": "@Nonnull StageChannel asStageChannel()",
            "parameters": [],
            "methodReturnType": "StageChannel",
            "isStatic": false,
            "descriptionElements": [
                "<div class=\"block\">\n Casts this union to a <a href=\"../concrete/StageChannel.html\" title=\"interface in net.dv8tion.jda.api.entities.channel.concrete\"><code>StageChannel</code></a>. This method exists for developer discoverability.\n <p>Note: This is effectively equivalent to using the cast operator:</p>\n <pre><code>\n //These are the same!\n StageChannel channel = union.asStageChannel();\n StageChannel channel2 = (StageChannel) union;\n </code></pre>\n You can use <a href=\"../Channel.html#getType()\"><code>Channel.getType()</code></a> to see if the channel is of type <a href=\"../ChannelType.html#STAGE\"><code>ChannelType.STAGE</code></a> to validate whether you can call this method in addition to normal instanceof checks: <code>channel instanceof StageChannel</code>\n</div>"
            ],
            "deprecationElement": null,
            "details": {
                "RETURNS": [
                    "<dd>\n The channel as a <a href=\"../concrete/StageChannel.html\" title=\"interface in net.dv8tion.jda.api.entities.channel.concrete\"><code>StageChannel</code></a>\n</dd>"
                ],
                "THROWS": [
                    "<dd>\n <code><a href=\"https://docs.oracle.com/javase/8/docs/api/java/lang/IllegalStateException.html\" title=\"class or interface in java.lang\" class=\"external-link\">IllegalStateException</a></code> - If the channel represented by this union is not actually a <a href=\"../concrete/StageChannel.html\" title=\"interface in net.dv8tion.jda.api.entities.channel.concrete\"><code>StageChannel</code></a>.\n</dd>"
                ]
            },
            "seeAlso": null
        },
        "asAudioChannel()": {
            "elementId": "asAudioChannel()",
            "methodAnnotations": "@Nonnull",
            "methodName": "asAudioChannel",
            "methodSignature": "@Nonnull AudioChannel asAudioChannel()",
            "parameters": [],
            "methodReturnType": "AudioChannel",
            "isStatic": false,
            "descriptionElements": [
                "<div class=\"block\">\n Casts this union to a <a href=\"../middleman/AudioChannel.html\" title=\"interface in net.dv8tion.jda.api.entities.channel.middleman\"><code>AudioChannel</code></a>. This method exists for developer discoverability.\n <p>Note: This is effectively equivalent to using the cast operator:</p>\n <pre><code>\n //These are the same!\n AudioChannel channel = union.asAudioChannel();\n AudioChannel channel2 = (AudioChannel) union;\n </code></pre>\n You can use <code>channel instanceof AudioChannel</code> to validate whether you can call this method.\n</div>"
            ],
            "deprecationElement": null,
            "details": {
                "RETURNS": [
                    "<dd>\n The channel as a <a href=\"../middleman/AudioChannel.html\" title=\"interface in net.dv8tion.jda.api.entities.channel.middleman\"><code>AudioChannel</code></a>\n</dd>"
                ],
                "THROWS": [
                    "<dd>\n <code><a href=\"https://docs.oracle.com/javase/8/docs/api/java/lang/IllegalStateException.html\" title=\"class or interface in java.lang\" class=\"external-link\">IllegalStateException</a></code> - If the channel represented by this union is not actually a <a href=\"../middleman/AudioChannel.html\" title=\"interface in net.dv8tion.jda.api.entities.channel.middleman\"><code>AudioChannel</code></a>.\n</dd>"
                ]
            },
            "seeAlso": null
        },
        "isDetached()": {
            "elementId": "isDetached()",
            "methodAnnotations": null,
            "methodName": "isDetached",
            "methodSignature": "boolean isDetached()",
            "parameters": [],
            "methodReturnType": "boolean",
            "isStatic": false,
            "descriptionElements": [
                "<div class=\"block\">\n Whether this entity is detached.\n <p>If this returns <code>true</code>, this entity cannot be retrieved, will never be updated, and most methods that would otherwise return a <a href=\"../../requests/RestAction.html\" title=\"interface in net.dv8tion.jda.api.requests\"><code>RestAction</code></a> will throw a <a href=\"../../exceptions/DetachedEntityException.html\" title=\"class in net.dv8tion.jda.api.exceptions\"><code>DetachedEntityException</code></a> instead.</p>\n</div>"
            ],
            "deprecationElement": null,
            "details": {
                "RETURNS": [
                    "<dd>\n <code>True</code>, if the entity is detached\n</dd>"
                ]
            },
            "seeAlso": null
        },
        "asVoiceChannel()": {
            "elementId": "asVoiceChannel()",
            "methodAnnotations": "@Nonnull",
            "methodName": "asVoiceChannel",
            "methodSignature": "@Nonnull VoiceChannel asVoiceChannel()",
            "parameters": [],
            "methodReturnType": "VoiceChannel",
            "isStatic": false,
            "descriptionElements": [
                "<div class=\"block\">\n Casts this union to a <a href=\"../concrete/VoiceChannel.html\" title=\"interface in net.dv8tion.jda.api.entities.channel.concrete\"><code>VoiceChannel</code></a>. This method exists for developer discoverability.\n <p>Note: This is effectively equivalent to using the cast operator:</p>\n <pre><code>\n //These are the same!\n VoiceChannel channel = union.asVoiceChannel();\n VoiceChannel channel2 = (VoiceChannel) union;\n </code></pre>\n You can use <a href=\"../Channel.html#getType()\"><code>Channel.getType()</code></a> to see if the channel is of type <a href=\"../ChannelType.html#VOICE\"><code>ChannelType.VOICE</code></a> to validate whether you can call this method in addition to normal instanceof checks: <code>channel instanceof VoiceChannel</code>\n</div>"
            ],
            "deprecationElement": null,
            "details": {
                "RETURNS": [
                    "<dd>\n The channel as a <a href=\"../concrete/VoiceChannel.html\" title=\"interface in net.dv8tion.jda.api.entities.channel.concrete\"><code>VoiceChannel</code></a>\n</dd>"
                ],
                "THROWS": [
                    "<dd>\n <code><a href=\"https://docs.oracle.com/javase/8/docs/api/java/lang/IllegalStateException.html\" title=\"class or interface in java.lang\" class=\"external-link\">IllegalStateException</a></code> - If the channel represented by this union is not actually a <a href=\"../concrete/VoiceChannel.html\" title=\"interface in net.dv8tion.jda.api.entities.channel.concrete\"><code>VoiceChannel</code></a>.\n</dd>"
                ]
            },
            "seeAlso": null
        },
        "asMediaChannel()": {
            "elementId": "asMediaChannel()",
            "methodAnnotations": "@Nonnull",
            "methodName": "asMediaChannel",
            "methodSignature": "@Nonnull MediaChannel asMediaChannel()",
            "parameters": [],
            "methodReturnType": "MediaChannel",
            "isStatic": false,
            "descriptionElements": [
                "<div class=\"block\">\n Casts this union to a <a href=\"../concrete/MediaChannel.html\" title=\"interface in net.dv8tion.jda.api.entities.channel.concrete\"><code>MediaChannel</code></a>. This method exists for developer discoverability.\n <p>Note: This is effectively equivalent to using the cast operator:</p>\n <pre><code>\n //These are the same!\n MediaChannel channel = union.asMediaChannel();\n MediaChannel channel2 = (MediaChannel) union;\n </code></pre>\n You can use <a href=\"../Channel.html#getType()\"><code>Channel.getType()</code></a> to see if the channel is of type <a href=\"../ChannelType.html#MEDIA\"><code>ChannelType.MEDIA</code></a> to validate whether you can call this method in addition to normal instanceof checks: <code>channel instanceof MediaChannel</code>\n</div>"
            ],
            "deprecationElement": null,
            "details": {
                "RETURNS": [
                    "<dd>\n The channel as a <a href=\"../concrete/MediaChannel.html\" title=\"interface in net.dv8tion.jda.api.entities.channel.concrete\"><code>MediaChannel</code></a>\n</dd>"
                ],
                "THROWS": [
                    "<dd>\n <code><a href=\"https://docs.oracle.com/javase/8/docs/api/java/lang/IllegalStateException.html\" title=\"class or interface in java.lang\" class=\"external-link\">IllegalStateException</a></code> - If the channel represented by this union is not actually a <a href=\"../concrete/MediaChannel.html\" title=\"interface in net.dv8tion.jda.api.entities.channel.concrete\"><code>MediaChannel</code></a>.\n</dd>"
                ]
            },
            "seeAlso": null
        },
        "deleteWebhookById(java.lang.String)": {
            "elementId": "deleteWebhookById(java.lang.String)",
            "methodAnnotations": "@Nonnull @CheckReturnValue",
            "methodName": "deleteWebhookById",
            "methodSignature": "@Nonnull @CheckReturnValue AuditableRestAction<Void> deleteWebhookById(@Nonnull String id)",
            "parameters": [
                {
                    "annotations": [
                        "Nonnull"
                    ],
                    "type": "java.lang.String",
                    "simpleType": "String",
                    "name": "id"
                }
            ],
            "methodReturnType": "AuditableRestAction<Void>",
            "isStatic": false,
            "descriptionElements": [
                "<div class=\"block\">\n Deletes a <a href=\"../../Webhook.html\" title=\"interface in net.dv8tion.jda.api.entities\"><code>Webhook</code></a> attached to this channel by the <code>id</code> specified.\n <p>Possible ErrorResponses include:</p>\n <ul>\n  <li><a href=\"../../../requests/ErrorResponse.html#UNKNOWN_WEBHOOK\"><code>ErrorResponse.UNKNOWN_WEBHOOK</code></a>\n   <br>\n   The provided id does not refer to a WebHook present in this channel, either due to it not existing or having already been deleted.</li>\n  <li><a href=\"../../../requests/ErrorResponse.html#UNKNOWN_CHANNEL\"><code>UNKNOWN_CHANNEL</code></a>\n   <br>\n   if this channel was deleted</li>\n  <li><a href=\"../../../requests/ErrorResponse.html#MISSING_ACCESS\"><code>MISSING_ACCESS</code></a>\n   <br>\n   if we were removed from the guild</li>\n  <li><a href=\"../../../requests/ErrorResponse.html#MISSING_PERMISSIONS\"><code>MISSING_PERMISSIONS</code></a>\n   <br>\n   The send request was attempted after the account lost <a href=\"../../../Permission.html#MANAGE_WEBHOOKS\"><code>Permission.MANAGE_WEBHOOKS</code></a> in the channel.</li>\n </ul>\n</div>"
            ],
            "deprecationElement": null,
            "details": {
                "PARAMETERS": [
                    "<dd>\n <code>id</code> - The not-null id for the target Webhook.\n</dd>"
                ],
                "RETURNS": [
                    "<dd>\n <a href=\"../../../requests/restaction/AuditableRestAction.html\" title=\"interface in net.dv8tion.jda.api.requests.restaction\"><code>AuditableRestAction</code></a>\n</dd>"
                ],
                "THROWS": [
                    "<dd>\n <code><a href=\"https://docs.oracle.com/javase/8/docs/api/java/lang/IllegalArgumentException.html\" title=\"class or interface in java.lang\" class=\"external-link\">IllegalArgumentException</a></code> - If the provided <code>id</code> is <code>null</code> or empty.\n</dd>",
                    "<dd>\n <code><a href=\"../../../exceptions/InsufficientPermissionException.html\" title=\"class in net.dv8tion.jda.api.exceptions\">InsufficientPermissionException</a></code> - If the currently logged in account does not have <a href=\"../../../Permission.html#MANAGE_WEBHOOKS\"><code>Permission.MANAGE_WEBHOOKS</code></a> in this channel.\n</dd>",
                    "<dd>\n <code><a href=\"../../../exceptions/DetachedEntityException.html\" title=\"class in net.dv8tion.jda.api.exceptions\">DetachedEntityException</a></code> - If this entity is <a href=\"../../detached/IDetachableEntity.html#isDetached()\"><code>detached</code></a>\n</dd>"
                ]
            },
            "seeAlso": null
        },
        "getFlags()": {
            "elementId": "getFlags()",
            "methodAnnotations": "@Nonnull",
            "methodName": "getFlags",
            "methodSignature": "@Nonnull default EnumSet<ChannelFlag> getFlags()",
            "parameters": [],
            "methodReturnType": "EnumSet<ChannelFlag>",
            "isStatic": false,
            "descriptionElements": [
                "<div class=\"block\">\n The flags configured for this channel.\n <br>\n This feature is currently primarily used for <a href=\"concrete/ForumChannel.html\" title=\"interface in net.dv8tion.jda.api.entities.channel.concrete\"><code>ForumChannels</code></a>.\n</div>"
            ],
            "deprecationElement": null,
            "details": {
                "RETURNS": [
                    "<dd>\n <a href=\"https://docs.oracle.com/javase/8/docs/api/java/util/EnumSet.html\" title=\"class or interface in java.util\" class=\"external-link\"><code>EnumSet</code></a> of the configured <a href=\"ChannelFlag.html\" title=\"enum in net.dv8tion.jda.api.entities.channel\"><code>ChannelFlags</code></a>, changes to this enum set are not reflected in the API.\n</dd>"
                ]
            },
            "seeAlso": null
        },
        "getManager()": {
            "elementId": "getManager()",
            "methodAnnotations": "@Nonnull @CheckReturnValue",
            "methodName": "getManager",
            "methodSignature": "@Nonnull @CheckReturnValue ChannelManager<?,?> getManager()",
            "parameters": [],
            "methodReturnType": "ChannelManager<?,?>",
            "isStatic": false,
            "descriptionElements": [
                "<div class=\"block\">\n Returns the <a href=\"../../../managers/channel/ChannelManager.html\" title=\"interface in net.dv8tion.jda.api.managers.channel\"><code>ChannelManager</code></a> for this GuildChannel.\n <br>\n In the ChannelManager, you can modify the name, topic and position of this GuildChannel. You modify multiple fields in one request by chaining setters before calling <a href=\"../../../requests/RestAction.html#queue()\"><code>RestAction.queue()</code></a>.\n</div>"
            ],
            "deprecationElement": null,
            "details": {
                "RETURNS": [
                    "<dd>The ChannelManager of this GuildChannel</dd>"
                ],
                "THROWS": [
                    "<dd>\n <code><a href=\"../../../exceptions/InsufficientPermissionException.html\" title=\"class in net.dv8tion.jda.api.exceptions\">InsufficientPermissionException</a></code> - If the currently logged in account does not have <a href=\"../../../Permission.html#MANAGE_CHANNEL\"><code>Permission.MANAGE_CHANNEL</code></a>\n</dd>",
                    "<dd>\n <code><a href=\"../../../exceptions/DetachedEntityException.html\" title=\"class in net.dv8tion.jda.api.exceptions\">DetachedEntityException</a></code> - If this entity is <a href=\"../../detached/IDetachableEntity.html#isDetached()\"><code>detached</code></a>\n</dd>"
                ]
            },
            "seeAlso": null
        },
        "getIdLong()": {
            "elementId": "getIdLong()",
            "methodAnnotations": null,
            "methodName": "getIdLong",
            "methodSignature": "long getIdLong()",
            "parameters": [],
            "methodReturnType": "long",
            "isStatic": false,
            "descriptionElements": [
                "<div class=\"block\">The Snowflake id of this entity. This is unique to every entity and will never change.</div>"
            ],
            "deprecationElement": null,
            "details": {
                "RETURNS": [
                    "<dd>Long containing the Id.</dd>"
                ]
            },
            "seeAlso": null
        },
        "getId()": {
            "elementId": "getId()",
            "methodAnnotations": "@Nonnull",
            "methodName": "getId",
            "methodSignature": "@Nonnull default String getId()",
            "parameters": [],
            "methodReturnType": "String",
            "isStatic": false,
            "descriptionElements": [
                "<div class=\"block\">The Snowflake id of this entity. This is unique to every entity and will never change.</div>"
            ],
            "deprecationElement": null,
            "details": {
                "RETURNS": [
                    "<dd>Never-null String containing the Id.</dd>"
                ]
            },
            "seeAlso": null
        },
        "getName()": {
            "elementId": "getName()",
            "methodAnnotations": "@Nonnull",
            "methodName": "getName",
            "methodSignature": "@Nonnull String getName()",
            "parameters": [],
            "methodReturnType": "String",
            "isStatic": false,
            "descriptionElements": [
                "<div class=\"block\">\n The human readable name of this channel.\n <p>May be an empty string for <a href=\"concrete/GroupChannel.html\" title=\"interface in net.dv8tion.jda.api.entities.channel.concrete\"><code>GroupChannels</code></a> with no name (Group DMs with no name displays the recipients on the Discord client).</p>\n</div>"
            ],
            "deprecationElement": null,
            "details": {
                "RETURNS": [
                    "<dd>The name of this channel</dd>"
                ]
            },
            "seeAlso": null
        },
        "asStandardGuildChannel()": {
            "elementId": "asStandardGuildChannel()",
            "methodAnnotations": "@Nonnull",
            "methodName": "asStandardGuildChannel",
            "methodSignature": "@Nonnull StandardGuildChannel asStandardGuildChannel()",
            "parameters": [],
            "methodReturnType": "StandardGuildChannel",
            "isStatic": false,
            "descriptionElements": [
                "<div class=\"block\">\n Casts this union to a <a href=\"../middleman/StandardGuildChannel.html\" title=\"interface in net.dv8tion.jda.api.entities.channel.middleman\"><code>StandardGuildChannel</code></a>. This method exists for developer discoverability.\n <p>Note: This is effectively equivalent to using the cast operator:</p>\n <pre><code>\n //These are the same!\n StandardGuildChannel channel = union.asStandardGuildChannel();\n StandardGuildChannel channel2 = (StandardGuildChannel) union;\n </code></pre>\n</div>"
            ],
            "deprecationElement": null,
            "details": {
                "RETURNS": [
                    "<dd>\n The channel as a <a href=\"../middleman/StandardGuildChannel.html\" title=\"interface in net.dv8tion.jda.api.entities.channel.middleman\"><code>StandardGuildChannel</code></a>\n</dd>"
                ],
                "THROWS": [
                    "<dd>\n <code><a href=\"https://docs.oracle.com/javase/8/docs/api/java/lang/IllegalStateException.html\" title=\"class or interface in java.lang\" class=\"external-link\">IllegalStateException</a></code> - If the channel represented by this union is not actually a <a href=\"../middleman/StandardGuildChannel.html\" title=\"interface in net.dv8tion.jda.api.entities.channel.middleman\"><code>StandardGuildChannel</code></a>.\n</dd>"
                ]
            },
            "seeAlso": null
        },
        "getType()": {
            "elementId": "getType()",
            "methodAnnotations": "@Nonnull",
            "methodName": "getType",
            "methodSignature": "@Nonnull ChannelType getType()",
            "parameters": [],
            "methodReturnType": "ChannelType",
            "isStatic": false,
            "descriptionElements": [
                "<div class=\"block\">\n The <a href=\"ChannelType.html\" title=\"enum in net.dv8tion.jda.api.entities.channel\"><code>ChannelType</code></a> for this channel\n</div>"
            ],
            "deprecationElement": null,
            "details": {
                "RETURNS": [
                    "<dd>The channel type</dd>"
                ]
            },
            "seeAlso": null
        },
        "getJumpUrl()": {
            "elementId": "getJumpUrl()",
            "methodAnnotations": "@Nonnull",
            "methodName": "getJumpUrl",
            "methodSignature": "@Nonnull default String getJumpUrl()",
            "parameters": [],
            "methodReturnType": "String",
            "isStatic": false,
            "descriptionElements": [
                "<div class=\"block\">Returns the jump-to URL for this channel. Clicking this URL in the Discord client will cause the client to jump to the specified channel.</div>"
            ],
            "deprecationElement": null,
            "details": {
                "RETURNS": [
                    "<dd>A String representing the jump-to URL for the channel.</dd>"
                ]
            },
            "seeAlso": null
        },
        "getAsMention()": {
            "elementId": "getAsMention()",
            "methodAnnotations": "@Nonnull",
            "methodName": "getAsMention",
            "methodSignature": "@Nonnull default String getAsMention()",
            "parameters": [],
            "methodReturnType": "String",
            "isStatic": false,
            "descriptionElements": [
                "<div class=\"block\">\n <span class=\"descfrm-type-label\">Description copied from interface:&nbsp;<code><a href=\"../IMentionable.html#getAsMention()\">IMentionable</a></code></span>\n</div>",
                "<div class=\"block\">\n Retrieve a Mention for this Entity. For the public <a href=\"../Role.html\" title=\"interface in net.dv8tion.jda.api.entities\"><code>Role</code></a> (@everyone), this will return the literal string <code>\"@everyone\"</code>.\n</div>"
            ],
            "deprecationElement": null,
            "details": {
                "RETURNS": [
                    "<dd>A resolvable mention.</dd>"
                ],
                "SPECIFIED_BY": [
                    "<dd>\n <code><a href=\"../IMentionable.html#getAsMention()\">getAsMention</a></code>&nbsp;in interface&nbsp;<code><a href=\"../IMentionable.html\" title=\"interface in net.dv8tion.jda.api.entities\">IMentionable</a></code>\n</dd>"
                ]
            },
            "seeAlso": null
        },
        "getJDA()": {
            "elementId": "getJDA()",
            "methodAnnotations": "@Nonnull",
            "methodName": "getJDA",
            "methodSignature": "@Nonnull JDA getJDA()",
            "parameters": [],
            "methodReturnType": "JDA",
            "isStatic": false,
            "descriptionElements": [
                "<div class=\"block\">\n Returns the <a href=\"../../JDA.html\" title=\"interface in net.dv8tion.jda.api\"><code>JDA</code></a> instance of this channel\n</div>"
            ],
            "deprecationElement": null,
            "details": {
                "RETURNS": [
                    "<dd>the corresponding JDA instance</dd>"
                ]
            },
            "seeAlso": null
        },
        "asTextChannel()": {
            "elementId": "asTextChannel()",
            "methodAnnotations": "@Nonnull",
            "methodName": "asTextChannel",
            "methodSignature": "@Nonnull TextChannel asTextChannel()",
            "parameters": [],
            "methodReturnType": "TextChannel",
            "isStatic": false,
            "descriptionElements": [
                "<div class=\"block\">\n Casts this union to a <a href=\"../concrete/TextChannel.html\" title=\"interface in net.dv8tion.jda.api.entities.channel.concrete\"><code>TextChannel</code></a>. This method exists for developer discoverability.\n <p>Note: This is effectively equivalent to using the cast operator:</p>\n <pre><code>\n //These are the same!\n TextChannel channel = union.asTextChannel();\n TextChannel channel2 = (TextChannel) union;\n </code></pre>\n You can use <a href=\"../Channel.html#getType()\"><code>Channel.getType()</code></a> to see if the channel is of type <a href=\"../ChannelType.html#TEXT\"><code>ChannelType.TEXT</code></a> to validate whether you can call this method in addition to normal instanceof checks: <code>channel instanceof TextChannel</code>\n</div>"
            ],
            "deprecationElement": null,
            "details": {
                "RETURNS": [
                    "<dd>\n The channel as a <a href=\"../concrete/TextChannel.html\" title=\"interface in net.dv8tion.jda.api.entities.channel.concrete\"><code>TextChannel</code></a>\n</dd>"
                ],
                "THROWS": [
                    "<dd>\n <code><a href=\"https://docs.oracle.com/javase/8/docs/api/java/lang/IllegalStateException.html\" title=\"class or interface in java.lang\" class=\"external-link\">IllegalStateException</a></code> - If the channel represented by this union is not actually a <a href=\"../concrete/TextChannel.html\" title=\"interface in net.dv8tion.jda.api.entities.channel.concrete\"><code>TextChannel</code></a>.\n</dd>"
                ]
            },
            "seeAlso": null
        },
        "asThreadContainer()": {
            "elementId": "asThreadContainer()",
            "methodAnnotations": "@Nonnull",
            "methodName": "asThreadContainer",
            "methodSignature": "@Nonnull IThreadContainer asThreadContainer()",
            "parameters": [],
            "methodReturnType": "IThreadContainer",
            "isStatic": false,
            "descriptionElements": [
                "<div class=\"block\">\n Casts this union to a <a href=\"../attribute/IThreadContainer.html\" title=\"interface in net.dv8tion.jda.api.entities.channel.attribute\"><code>IThreadContainer</code></a>. This method exists for developer discoverability.\n <p>Note: This is effectively equivalent to using the cast operator:</p>\n <pre><code>\n //These are the same!\n IThreadContainer channel = union.asThreadContainer();\n IThreadContainer channel2 = (IThreadContainer) union;\n </code></pre>\n You can use <code>channel instanceof IThreadContainer</code> to validate whether you can call this method.\n</div>"
            ],
            "deprecationElement": null,
            "details": {
                "RETURNS": [
                    "<dd>\n The channel as a <a href=\"../attribute/IThreadContainer.html\" title=\"interface in net.dv8tion.jda.api.entities.channel.attribute\"><code>IThreadContainer</code></a>\n</dd>"
                ],
                "THROWS": [
                    "<dd>\n <code><a href=\"https://docs.oracle.com/javase/8/docs/api/java/lang/IllegalStateException.html\" title=\"class or interface in java.lang\" class=\"external-link\">IllegalStateException</a></code> - If the channel represented by this union is not actually a <a href=\"../attribute/IThreadContainer.html\" title=\"interface in net.dv8tion.jda.api.entities.channel.attribute\"><code>IThreadContainer</code></a>.\n</dd>"
                ]
            },
            "seeAlso": null
        },
        "asGuildMessageChannel()": {
            "elementId": "asGuildMessageChannel()",
            "methodAnnotations": "@Nonnull",
            "methodName": "asGuildMessageChannel",
            "methodSignature": "@Nonnull GuildMessageChannel asGuildMessageChannel()",
            "parameters": [],
            "methodReturnType": "GuildMessageChannel",
            "isStatic": false,
            "descriptionElements": [
                "<div class=\"block\">\n Casts this union to a <a href=\"../middleman/GuildMessageChannel.html\" title=\"interface in net.dv8tion.jda.api.entities.channel.middleman\"><code>GuildMessageChannel</code></a>.\n <br>\n This works for the following channel types represented by this union:\n <ul>\n  <li><a href=\"../concrete/TextChannel.html\" title=\"interface in net.dv8tion.jda.api.entities.channel.concrete\"><code>TextChannel</code></a></li>\n  <li><a href=\"../concrete/NewsChannel.html\" title=\"interface in net.dv8tion.jda.api.entities.channel.concrete\"><code>NewsChannel</code></a></li>\n </ul>\n <p>Note: This is effectively equivalent to using the cast operator:</p>\n <pre><code>\n //These are the same!\n GuildMessageChannel channel = union.asGuildMessageChannel();\n GuildMessageChannel channel2 = (GuildMessageChannel) union;\n </code></pre>\n You can use <a href=\"../Channel.html#getType()\"><code>Channel.getType()</code></a><a href=\"../ChannelType.html#isMessage()\"><code>.isMessage()</code></a> to validate whether you can call this method in addition to normal instanceof checks: <code>channel instanceof GuildMessageChannel</code>\n</div>"
            ],
            "deprecationElement": null,
            "details": {
                "RETURNS": [
                    "<dd>\n The channel as a <a href=\"../middleman/GuildMessageChannel.html\" title=\"interface in net.dv8tion.jda.api.entities.channel.middleman\"><code>GuildMessageChannel</code></a>\n</dd>"
                ],
                "THROWS": [
                    "<dd>\n <code><a href=\"https://docs.oracle.com/javase/8/docs/api/java/lang/IllegalStateException.html\" title=\"class or interface in java.lang\" class=\"external-link\">IllegalStateException</a></code> - If the channel represented by this union is not actually a <a href=\"../middleman/GuildMessageChannel.html\" title=\"interface in net.dv8tion.jda.api.entities.channel.middleman\"><code>GuildMessageChannel</code></a>.\n</dd>"
                ]
            },
            "seeAlso": null
        },
        "getPermissionContainer()": {
            "elementId": "getPermissionContainer()",
            "methodAnnotations": "@Nonnull",
            "methodName": "getPermissionContainer",
            "methodSignature": "@Nonnull IPermissionContainer getPermissionContainer()",
            "parameters": [],
            "methodReturnType": "IPermissionContainer",
            "isStatic": false,
            "descriptionElements": [
                "<div class=\"block\">\n The channel containing the permissions relevant to this channel.\n <p>This is usually the same channel, but for threads the parent channel is used instead.</p>\n</div>"
            ],
            "deprecationElement": null,
            "details": {
                "RETURNS": [
                    "<dd>The permission container</dd>"
                ],
                "THROWS": [
                    "<dd>\n <code><a href=\"../../../exceptions/DetachedEntityException.html\" title=\"class in net.dv8tion.jda.api.exceptions\">DetachedEntityException</a></code> - If this entity is <a href=\"../../detached/IDetachableEntity.html#isDetached()\"><code>detached</code></a>\n</dd>"
                ]
            },
            "seeAlso": null
        },
        "createWebhook(java.lang.String)": {
            "elementId": "createWebhook(java.lang.String)",
            "methodAnnotations": "@Nonnull @CheckReturnValue",
            "methodName": "createWebhook",
            "methodSignature": "@Nonnull @CheckReturnValue WebhookAction createWebhook(@Nonnull String name)",
            "parameters": [
                {
                    "annotations": [
                        "Nonnull"
                    ],
                    "type": "java.lang.String",
                    "simpleType": "String",
                    "name": "name"
                }
            ],
            "methodReturnType": "WebhookAction",
            "isStatic": false,
            "descriptionElements": [
                "<div class=\"block\">\n Creates a new <a href=\"../../Webhook.html\" title=\"interface in net.dv8tion.jda.api.entities\"><code>Webhook</code></a>.\n <p>Possible <a href=\"../../../requests/ErrorResponse.html\" title=\"enum in net.dv8tion.jda.api.requests\"><code>ErrorResponses</code></a> caused by the returned <a href=\"../../../requests/RestAction.html\" title=\"interface in net.dv8tion.jda.api.requests\"><code>RestAction</code></a> include the following:</p>\n <ul>\n  <li><a href=\"../../../requests/ErrorResponse.html#MISSING_PERMISSIONS\"><code>MISSING_PERMISSIONS</code></a>\n   <br>\n   The webhook could not be created due to a permission discrepancy</li>\n  <li><a href=\"../../../requests/ErrorResponse.html#MISSING_ACCESS\"><code>MISSING_ACCESS</code></a>\n   <br>\n   The <a href=\"../../../Permission.html#VIEW_CHANNEL\"><code>VIEW_CHANNEL</code></a> permission was removed</li>\n  <li><a href=\"../../../requests/ErrorResponse.html#MAX_WEBHOOKS\"><code>MAX_WEBHOOKS</code></a>\n   <br>\n   If the channel already has reached the maximum capacity for webhooks</li>\n </ul>\n</div>"
            ],
            "deprecationElement": null,
            "details": {
                "PARAMETERS": [
                    "<dd>\n <code>name</code> - The default name for the new Webhook.\n</dd>"
                ],
                "RETURNS": [
                    "<dd>\n A specific <a href=\"../../../requests/restaction/WebhookAction.html\" title=\"interface in net.dv8tion.jda.api.requests.restaction\"><code>WebhookAction</code></a>\n <br>\n This action allows to set fields for the new webhook before creating it\n</dd>"
                ],
                "THROWS": [
                    "<dd>\n <code><a href=\"../../../exceptions/PermissionException.html\" title=\"class in net.dv8tion.jda.api.exceptions\">PermissionException</a></code> - If you do not hold the permission <a href=\"../../../Permission.html#MANAGE_WEBHOOKS\"><code>Manage Webhooks</code></a>\n</dd>",
                    "<dd>\n <code><a href=\"https://docs.oracle.com/javase/8/docs/api/java/lang/IllegalArgumentException.html\" title=\"class or interface in java.lang\" class=\"external-link\">IllegalArgumentException</a></code> - If the provided name is <code>null</code>, blank or not between 2-100 characters in length\n</dd>",
                    "<dd>\n <code><a href=\"../../../exceptions/DetachedEntityException.html\" title=\"class in net.dv8tion.jda.api.exceptions\">DetachedEntityException</a></code> - If this entity is <a href=\"../../detached/IDetachableEntity.html#isDetached()\"><code>detached</code></a>\n</dd>"
                ]
            },
            "seeAlso": null
        },
        "getGuild()": {
            "elementId": "getGuild()",
            "methodAnnotations": "@Nonnull",
            "methodName": "getGuild",
            "methodSignature": "@Nonnull Guild getGuild()",
            "parameters": [],
            "methodReturnType": "Guild",
            "isStatic": false,
            "descriptionElements": [
                "<div class=\"block\">\n Returns the <a href=\"../../Guild.html\" title=\"interface in net.dv8tion.jda.api.entities\"><code>Guild</code></a> that this GuildChannel is part of.\n</div>"
            ],
            "deprecationElement": null,
            "details": {
                "RETURNS": [
                    "<dd>\n Never-null <a href=\"../../Guild.html\" title=\"interface in net.dv8tion.jda.api.entities\"><code>Guild</code></a> that this GuildChannel is part of.\n</dd>"
                ]
            },
            "seeAlso": null
        },
        "asForumChannel()": {
            "elementId": "asForumChannel()",
            "methodAnnotations": "@Nonnull",
            "methodName": "asForumChannel",
            "methodSignature": "@Nonnull ForumChannel asForumChannel()",
            "parameters": [],
            "methodReturnType": "ForumChannel",
            "isStatic": false,
            "descriptionElements": [
                "<div class=\"block\">\n Casts this union to a <a href=\"../concrete/ForumChannel.html\" title=\"interface in net.dv8tion.jda.api.entities.channel.concrete\"><code>ForumChannel</code></a>. This method exists for developer discoverability.\n <p>Note: This is effectively equivalent to using the cast operator:</p>\n <pre><code>\n //These are the same!\n ForumChannel channel = union.asForumChannel();\n ForumChannel channel2 = (ForumChannel) union;\n </code></pre>\n You can use <a href=\"../Channel.html#getType()\"><code>Channel.getType()</code></a> to see if the channel is of type <a href=\"../ChannelType.html#FORUM\"><code>ChannelType.FORUM</code></a> to validate whether you can call this method in addition to normal instanceof checks: <code>channel instanceof ForumChannel</code>\n</div>"
            ],
            "deprecationElement": null,
            "details": {
                "RETURNS": [
                    "<dd>\n The channel as a <a href=\"../concrete/ForumChannel.html\" title=\"interface in net.dv8tion.jda.api.entities.channel.concrete\"><code>ForumChannel</code></a>\n</dd>"
                ],
                "THROWS": [
                    "<dd>\n <code><a href=\"https://docs.oracle.com/javase/8/docs/api/java/lang/IllegalStateException.html\" title=\"class or interface in java.lang\" class=\"external-link\">IllegalStateException</a></code> - If the channel represented by this union is not actually a <a href=\"../concrete/ForumChannel.html\" title=\"interface in net.dv8tion.jda.api.entities.channel.concrete\"><code>ForumChannel</code></a>.\n</dd>"
                ]
            },
            "seeAlso": null
        },
        "delete()": {
            "elementId": "delete()",
            "methodAnnotations": "@Nonnull @CheckReturnValue",
            "methodName": "delete",
            "methodSignature": "@Nonnull @CheckReturnValue AuditableRestAction<Void> delete()",
            "parameters": [],
            "methodReturnType": "AuditableRestAction<Void>",
            "isStatic": false,
            "descriptionElements": [
                "<div class=\"block\">\n Deletes this GuildChannel.\n <p>Possible ErrorResponses include:</p>\n <ul>\n  <li><a href=\"../../../requests/ErrorResponse.html#UNKNOWN_CHANNEL\"><code>UNKNOWN_CHANNEL</code></a>\n   <br>\n   If this channel was already deleted</li>\n  <li><a href=\"../../../requests/ErrorResponse.html#MISSING_PERMISSIONS\"><code>MISSING_PERMISSIONS</code></a>\n   <br>\n   The send request was attempted after the account lost <a href=\"../../../Permission.html#MANAGE_CHANNEL\"><code>Permission.MANAGE_CHANNEL</code></a> in the channel.</li>\n  <li><a href=\"../../../requests/ErrorResponse.html#MISSING_ACCESS\"><code>MISSING_ACCESS</code></a>\n   <br>\n   If we were removed from the Guild</li>\n </ul>\n</div>"
            ],
            "deprecationElement": null,
            "details": {
                "RETURNS": [
                    "<dd>\n <a href=\"../../../requests/restaction/AuditableRestAction.html\" title=\"interface in net.dv8tion.jda.api.requests.restaction\"><code>AuditableRestAction</code></a>\n</dd>"
                ],
                "SPECIFIED_BY": [
                    "<dd>\n <code><a href=\"../Channel.html#delete()\">delete</a></code>&nbsp;in interface&nbsp;<code><a href=\"../Channel.html\" title=\"interface in net.dv8tion.jda.api.entities.channel\">Channel</a></code>\n</dd>"
                ],
                "THROWS": [
                    "<dd>\n <code><a href=\"../../../exceptions/InsufficientPermissionException.html\" title=\"class in net.dv8tion.jda.api.exceptions\">InsufficientPermissionException</a></code> - if the currently logged in account doesn't have <a href=\"../../../Permission.html#MANAGE_CHANNEL\"><code>MANAGE_CHANNEL</code></a> for the channel.\n</dd>",
                    "<dd>\n <code><a href=\"../../../exceptions/DetachedEntityException.html\" title=\"class in net.dv8tion.jda.api.exceptions\">DetachedEntityException</a></code> - If this entity is <a href=\"../../detached/IDetachableEntity.html#isDetached()\"><code>detached</code></a>\n</dd>"
                ]
            },
            "seeAlso": null
        },
        "getTimeCreated()": {
            "elementId": "getTimeCreated()",
            "methodAnnotations": "@Nonnull",
            "methodName": "getTimeCreated",
            "methodSignature": "@Nonnull default OffsetDateTime getTimeCreated()",
            "parameters": [],
            "methodReturnType": "OffsetDateTime",
            "isStatic": false,
            "descriptionElements": [
                "<div class=\"block\">\n The time this entity was created. Calculated through the Snowflake in <a href=\"#getIdLong()\"><code>getIdLong()</code></a>.\n</div>"
            ],
            "deprecationElement": null,
            "details": {
                "RETURNS": [
                    "<dd>OffsetDateTime - Time this entity was created at.</dd>"
                ],
                "SEE_ALSO": [
                    "<dd>\n <ul class=\"see-list\">\n  <li><a href=\"../utils/TimeUtil.html#getTimeCreated(long)\"><code>TimeUtil.getTimeCreated(long)</code></a></li>\n </ul>\n</dd>"
                ]
            },
            "seeAlso": {
                "references": [
                    {
                        "text": "TimeUtil#getTimeCreated(long)",
                        "link": "https://docs.jda.wiki/net/dv8tion/jda/api/utils/TimeUtil.html#getTimeCreated(long)",
                        "targetType": "METHOD",
                        "fullSignature": "TimeUtil#getTimeCreated(long)"
                    }
                ]
            }
        },
        "asNewsChannel()": {
            "elementId": "asNewsChannel()",
            "methodAnnotations": "@Nonnull",
            "methodName": "asNewsChannel",
            "methodSignature": "@Nonnull NewsChannel asNewsChannel()",
            "parameters": [],
            "methodReturnType": "NewsChannel",
            "isStatic": false,
            "descriptionElements": [
                "<div class=\"block\">\n Casts this union to a <a href=\"../concrete/NewsChannel.html\" title=\"interface in net.dv8tion.jda.api.entities.channel.concrete\"><code>NewsChannel</code></a>. This method exists for developer discoverability.\n <p>Note: This is effectively equivalent to using the cast operator:</p>\n <pre><code>\n //These are the same!\n NewsChannel channel = union.asNewsChannel();\n NewsChannel channel2 = (NewsChannel) union;\n </code></pre>\n You can use <a href=\"../Channel.html#getType()\"><code>Channel.getType()</code></a> to see if the channel is of type <a href=\"../ChannelType.html#NEWS\"><code>ChannelType.NEWS</code></a> to validate whether you can call this method in addition to normal instanceof checks: <code>channel instanceof NewsChannel</code>\n</div>"
            ],
            "deprecationElement": null,
            "details": {
                "RETURNS": [
                    "<dd>\n The channel as a <a href=\"../concrete/NewsChannel.html\" title=\"interface in net.dv8tion.jda.api.entities.channel.concrete\"><code>NewsChannel</code></a>\n</dd>"
                ],
                "THROWS": [
                    "<dd>\n <code><a href=\"https://docs.oracle.com/javase/8/docs/api/java/lang/IllegalStateException.html\" title=\"class or interface in java.lang\" class=\"external-link\">IllegalStateException</a></code> - If the channel represented by this union is not actually a <a href=\"../concrete/NewsChannel.html\" title=\"interface in net.dv8tion.jda.api.entities.channel.concrete\"><code>NewsChannel</code></a>.\n</dd>"
                ]
            },
            "seeAlso": null
        },
        "formatTo(java.util.Formatter,int,int,int)": {
            "elementId": "formatTo(java.util.Formatter,int,int,int)",
            "methodAnnotations": null,
            "methodName": "formatTo",
            "methodSignature": "default void formatTo(Formatter formatter, int flags, int width, int precision)",
            "parameters": [
                {
                    "annotations": [],
                    "type": "java.util.Formatter",
                    "simpleType": "Formatter",
                    "name": "formatter"
                },
                {
                    "annotations": [],
                    "type": "int",
                    "simpleType": "int",
                    "name": "flags"
                },
                {
                    "annotations": [],
                    "type": "int",
                    "simpleType": "int",
                    "name": "width"
                },
                {
                    "annotations": [],
                    "type": "int",
                    "simpleType": "int",
                    "name": "precision"
                }
            ],
            "methodReturnType": "void",
            "isStatic": false,
            "descriptionElements": [],
            "deprecationElement": null,
            "details": {
                "SPECIFIED_BY": [
                    "<dd>\n <code><a href=\"https://docs.oracle.com/javase/8/docs/api/java/util/Formattable.html#formatTo-java.util.Formatter-int-int-int-\" title=\"class or interface in java.util\" class=\"external-link\">formatTo</a></code>&nbsp;in interface&nbsp;<code><a href=\"https://docs.oracle.com/javase/8/docs/api/java/util/Formattable.html\" title=\"class or interface in java.util\" class=\"external-link\">Formattable</a></code>\n</dd>",
                    "<dd>\n <code><a href=\"../IMentionable.html#formatTo(java.util.Formatter,int,int,int)\">formatTo</a></code>&nbsp;in interface&nbsp;<code><a href=\"../IMentionable.html\" title=\"interface in net.dv8tion.jda.api.entities\">IMentionable</a></code>\n</dd>"
                ]
            },
            "seeAlso": null
        },
        "asStandardGuildMessageChannel()": {
            "elementId": "asStandardGuildMessageChannel()",
            "methodAnnotations": "@Nonnull",
            "methodName": "asStandardGuildMessageChannel",
            "methodSignature": "@Nonnull StandardGuildMessageChannel asStandardGuildMessageChannel()",
            "parameters": [],
            "methodReturnType": "StandardGuildMessageChannel",
            "isStatic": false,
            "descriptionElements": [
                "<div class=\"block\">\n Casts this union to a <a href=\"../middleman/StandardGuildMessageChannel.html\" title=\"interface in net.dv8tion.jda.api.entities.channel.middleman\"><code>StandardGuildMessageChannel</code></a>. This method exists for developer discoverability.\n <p>Note: This is effectively equivalent to using the cast operator:</p>\n <pre><code>\n //These are the same!\n StandardGuildMessageChannel channel = union.asStandardGuildMessageChannel();\n StandardGuildMessageChannel channel2 = (StandardGuildMessageChannel) union;\n </code></pre>\n</div>"
            ],
            "deprecationElement": null,
            "details": {
                "RETURNS": [
                    "<dd>\n The channel as a <a href=\"../middleman/StandardGuildMessageChannel.html\" title=\"interface in net.dv8tion.jda.api.entities.channel.middleman\"><code>StandardGuildMessageChannel</code></a>\n</dd>"
                ],
                "THROWS": [
                    "<dd>\n <code><a href=\"https://docs.oracle.com/javase/8/docs/api/java/lang/IllegalStateException.html\" title=\"class or interface in java.lang\" class=\"external-link\">IllegalStateException</a></code> - If the channel represented by this union is not actually a <a href=\"../middleman/StandardGuildMessageChannel.html\" title=\"interface in net.dv8tion.jda.api.entities.channel.middleman\"><code>StandardGuildMessageChannel</code></a>.\n</dd>"
                ]
            },
            "seeAlso": null
        }
    },
    "fields": {
        "MAX_NAME_LENGTH": {
            "elementId": "MAX_NAME_LENGTH",
            "fieldName": "MAX_NAME_LENGTH",
            "fieldType": "int",
            "fieldValue": "100",
            "descriptionElements": [
                "<div class=\"block\">The maximum length a channel name can be. (100)</div>"
            ],
            "deprecationElement": null,
            "modifiers": "static final"
        },
        "JUMP_URL": {
            "elementId": "JUMP_URL",
            "fieldName": "JUMP_URL",
            "fieldType": "String",
            "fieldValue": "\"https://discord.com/channels/%s/%s\"",
            "descriptionElements": [
                "<div class=\"block\">\n Template for <a href=\"#getJumpUrl()\"><code>getJumpUrl()</code></a>.\n</div>"
            ],
            "deprecationElement": null,
            "modifiers": "static final"
        }
    }
}