{
    "classNameFqcn": "net.dv8tion.jda.api.events.http.HttpRequestEvent",
    "descriptionElements": [
        "<div class=\"block\">\n Indicates that a <a href=\"../../requests/RestAction.html\" title=\"interface in net.dv8tion.jda.api.requests\"><code>RestAction</code></a> has been executed. \n <p>Depending on the request and its result not all values have to be populated.</p>\n</div>"
    ],
    "deprecationElement": null,
    "details": {
        "ALL_IMPLEMENTED_INTERFACES": [
            "<dd>\n <code><a href=\"../GenericEvent.html\" title=\"interface in net.dv8tion.jda.api.events\">GenericEvent</a></code>\n</dd>"
        ]
    },
    "seeAlso": null,
    "methods": {
        "getJDA()": {
            "elementId": "getJDA()",
            "methodAnnotations": "@Nonnull",
            "methodName": "getJDA",
            "methodSignature": "@Nonnull public JDA getJDA()",
            "methodParameters": null,
            "methodReturnType": "JDA",
            "isStatic": false,
            "descriptionElements": [
                "<div class=\"block\">\n <span class=\"descfrm-type-label\">Description copied from interface:&nbsp;<code><a href=\"GenericEvent.html#getJDA()\">GenericEvent</a></code></span>\n</div>",
                "<div class=\"block\">\n The current JDA instance corresponding to this Event\n</div>"
            ],
            "deprecationElement": null,
            "details": {
                "RETURNS": [
                    "<dd>\n The corresponding JDA instance\n</dd>"
                ],
                "SPECIFIED_BY": [
                    "<dd>\n <code><a href=\"GenericEvent.html#getJDA()\">getJDA</a></code>&nbsp;in interface&nbsp;<code><a href=\"GenericEvent.html\" title=\"interface in net.dv8tion.jda.api.events\">GenericEvent</a></code>\n</dd>"
                ]
            },
            "seeAlso": null
        },
        "getResponseBodyAsString()": {
            "elementId": "getResponseBodyAsString()",
            "methodAnnotations": "@Nullable",
            "methodName": "getResponseBodyAsString",
            "methodSignature": "@Nullable public String getResponseBodyAsString()",
            "methodParameters": null,
            "methodReturnType": "String",
            "isStatic": false,
            "descriptionElements": [],
            "deprecationElement": null,
            "details": {},
            "seeAlso": null
        },
        "isRateLimit()": {
            "elementId": "isRateLimit()",
            "methodAnnotations": null,
            "methodName": "isRateLimit",
            "methodSignature": "public boolean isRateLimit()",
            "methodParameters": null,
            "methodReturnType": "boolean",
            "isStatic": false,
            "descriptionElements": [],
            "deprecationElement": null,
            "details": {},
            "seeAlso": null
        },
        "getResponseRaw()": {
            "elementId": "getResponseRaw()",
            "methodAnnotations": "@Nullable",
            "methodName": "getResponseRaw",
            "methodSignature": "@Nullable public okhttp3.Response getResponseRaw()",
            "methodParameters": null,
            "methodReturnType": "okhttp3.Response",
            "isStatic": false,
            "descriptionElements": [],
            "deprecationElement": null,
            "details": {},
            "seeAlso": null
        },
        "getResponseNumber()": {
            "elementId": "getResponseNumber()",
            "methodAnnotations": null,
            "methodName": "getResponseNumber",
            "methodSignature": "public long getResponseNumber()",
            "methodParameters": null,
            "methodReturnType": "long",
            "isStatic": false,
            "descriptionElements": [
                "<div class=\"block\">\n <span class=\"descfrm-type-label\">Description copied from interface:&nbsp;<code><a href=\"GenericEvent.html#getResponseNumber()\">GenericEvent</a></code></span>\n</div>",
                "<div class=\"block\">\n The current sequence for this event. \n <br>\n This can be used to keep events in order when making sequencing system.\n</div>"
            ],
            "deprecationElement": null,
            "details": {
                "RETURNS": [
                    "<dd>\n The current sequence number for this event\n</dd>"
                ],
                "SPECIFIED_BY": [
                    "<dd>\n <code><a href=\"GenericEvent.html#getResponseNumber()\">getResponseNumber</a></code>&nbsp;in interface&nbsp;<code><a href=\"GenericEvent.html\" title=\"interface in net.dv8tion.jda.api.events\">GenericEvent</a></code>\n</dd>"
                ]
            },
            "seeAlso": null
        },
        "getResponseHeaders()": {
            "elementId": "getResponseHeaders()",
            "methodAnnotations": "@Nullable",
            "methodName": "getResponseHeaders",
            "methodSignature": "@Nullable public okhttp3.Headers getResponseHeaders()",
            "methodParameters": null,
            "methodReturnType": "okhttp3.Headers",
            "isStatic": false,
            "descriptionElements": [],
            "deprecationElement": null,
            "details": {},
            "seeAlso": null
        },
        "toString()": {
            "elementId": "toString()",
            "methodAnnotations": null,
            "methodName": "toString",
            "methodSignature": "public String toString()",
            "methodParameters": null,
            "methodReturnType": "String",
            "isStatic": false,
            "descriptionElements": [],
            "deprecationElement": null,
            "details": {
                "OVERRIDES": [
                    "<dd>\n <code><a href=\"https://docs.oracle.com/javase/8/docs/api/java/lang/Object.html#toString--\" title=\"class or interface in java.lang\" class=\"external-link\">toString</a></code>&nbsp;in class&nbsp;<code><a href=\"https://docs.oracle.com/javase/8/docs/api/java/lang/Object.html\" title=\"class or interface in java.lang\" class=\"external-link\">Object</a></code>\n</dd>"
                ]
            },
            "seeAlso": null
        },
        "getRawData()": {
            "elementId": "getRawData()",
            "methodAnnotations": "@Nullable",
            "methodName": "getRawData",
            "methodSignature": "@Nullable public DataObject getRawData()",
            "methodParameters": null,
            "methodReturnType": "DataObject",
            "isStatic": false,
            "descriptionElements": [
                "<div class=\"block\">\n <span class=\"descfrm-type-label\">Description copied from interface:&nbsp;<code><a href=\"GenericEvent.html#getRawData()\">GenericEvent</a></code></span>\n</div>",
                "<div class=\"block\">\n The passthrough data that this event was serialized from. This data might be null in rare situations, for example, if the event came from a rest action. \n <br>\n This provides the full gateway message payload, including sequence, event name and dispatch type. For details, read the official <a href=\"https://discord.dev/topics/gateway\" target=\"_blank\">Discord Documentation</a>.\n</div>"
            ],
            "deprecationElement": null,
            "details": {
                "RETURNS": [
                    "<dd>\n The corresponding <a href=\"../utils/data/DataObject.html\" title=\"class in net.dv8tion.jda.api.utils.data\"><code>DataObject</code></a>\n</dd>"
                ],
                "SPECIFIED_BY": [
                    "<dd>\n <code><a href=\"GenericEvent.html#getRawData()\">getRawData</a></code>&nbsp;in interface&nbsp;<code><a href=\"GenericEvent.html\" title=\"interface in net.dv8tion.jda.api.events\">GenericEvent</a></code>\n</dd>"
                ]
            },
            "seeAlso": null
        },
        "getResponseBody()": {
            "elementId": "getResponseBody()",
            "methodAnnotations": "@Nullable",
            "methodName": "getResponseBody",
            "methodSignature": "@Nullable public okhttp3.ResponseBody getResponseBody()",
            "methodParameters": null,
            "methodReturnType": "okhttp3.ResponseBody",
            "isStatic": false,
            "descriptionElements": [],
            "deprecationElement": null,
            "details": {},
            "seeAlso": null
        },
        "getRequestBody()": {
            "elementId": "getRequestBody()",
            "methodAnnotations": "@Nullable",
            "methodName": "getRequestBody",
            "methodSignature": "@Nullable public okhttp3.RequestBody getRequestBody()",
            "methodParameters": null,
            "methodReturnType": "okhttp3.RequestBody",
            "isStatic": false,
            "descriptionElements": [],
            "deprecationElement": null,
            "details": {},
            "seeAlso": null
        },
        "getResponseBodyAsObject()": {
            "elementId": "getResponseBodyAsObject()",
            "methodAnnotations": "@Nullable",
            "methodName": "getResponseBodyAsObject",
            "methodSignature": "@Nullable public DataObject getResponseBodyAsObject()",
            "methodParameters": null,
            "methodReturnType": "DataObject",
            "isStatic": false,
            "descriptionElements": [],
            "deprecationElement": null,
            "details": {},
            "seeAlso": null
        },
        "getRestAction()": {
            "elementId": "getRestAction()",
            "methodAnnotations": "@Nonnull @CheckReturnValue",
            "methodName": "getRestAction",
            "methodSignature": "@Nonnull @CheckReturnValue public RestAction<?> getRestAction()",
            "methodParameters": null,
            "methodReturnType": "RestAction<?>",
            "isStatic": false,
            "descriptionElements": [],
            "deprecationElement": null,
            "details": {},
            "seeAlso": null
        },
        "getRequestBodyRaw()": {
            "elementId": "getRequestBodyRaw()",
            "methodAnnotations": "@Nullable",
            "methodName": "getRequestBodyRaw",
            "methodSignature": "@Nullable public Object getRequestBodyRaw()",
            "methodParameters": null,
            "methodReturnType": "Object",
            "isStatic": false,
            "descriptionElements": [],
            "deprecationElement": null,
            "details": {},
            "seeAlso": null
        },
        "<init>(net.dv8tion.jda.api.requests.Request,net.dv8tion.jda.api.requests.Response)": {
            "elementId": "<init>(net.dv8tion.jda.api.requests.Request,net.dv8tion.jda.api.requests.Response)",
            "methodAnnotations": null,
            "methodName": "HttpRequestEvent",
            "methodSignature": "public HttpRequestEvent(@Nonnull Request<?> request, @Nonnull Response response)",
            "methodParameters": {
                "originalText": "(@Nonnull Request<?> request, @Nonnull Response response)",
                "parameters": [
                    {
                        "annotations": [
                            "Nonnull"
                        ],
                        "type": "Request",
                        "simpleType": "Request",
                        "name": "request"
                    },
                    {
                        "annotations": [
                            "Nonnull"
                        ],
                        "type": "Response",
                        "simpleType": "Response",
                        "name": "response"
                    }
                ]
            },
            "methodReturnType": "HttpRequestEvent",
            "isStatic": false,
            "descriptionElements": [],
            "deprecationElement": null,
            "details": {},
            "seeAlso": null
        },
        "getRequest()": {
            "elementId": "getRequest()",
            "methodAnnotations": "@Nonnull",
            "methodName": "getRequest",
            "methodSignature": "@Nonnull public Request<?> getRequest()",
            "methodParameters": null,
            "methodReturnType": "Request<?>",
            "isStatic": false,
            "descriptionElements": [],
            "deprecationElement": null,
            "details": {},
            "seeAlso": null
        },
        "getRoute()": {
            "elementId": "getRoute()",
            "methodAnnotations": "@Nonnull",
            "methodName": "getRoute",
            "methodSignature": "@Nonnull public Route.CompiledRoute getRoute()",
            "methodParameters": null,
            "methodReturnType": "Route.CompiledRoute",
            "isStatic": false,
            "descriptionElements": [],
            "deprecationElement": null,
            "details": {},
            "seeAlso": null
        },
        "getRequestRaw()": {
            "elementId": "getRequestRaw()",
            "methodAnnotations": "@Nullable",
            "methodName": "getRequestRaw",
            "methodSignature": "@Nullable public okhttp3.Request getRequestRaw()",
            "methodParameters": null,
            "methodReturnType": "okhttp3.Request",
            "isStatic": false,
            "descriptionElements": [],
            "deprecationElement": null,
            "details": {},
            "seeAlso": null
        },
        "getRequestHeaders()": {
            "elementId": "getRequestHeaders()",
            "methodAnnotations": "@Nullable",
            "methodName": "getRequestHeaders",
            "methodSignature": "@Nullable public okhttp3.Headers getRequestHeaders()",
            "methodParameters": null,
            "methodReturnType": "okhttp3.Headers",
            "isStatic": false,
            "descriptionElements": [],
            "deprecationElement": null,
            "details": {},
            "seeAlso": null
        },
        "getResponseBodyAsArray()": {
            "elementId": "getResponseBodyAsArray()",
            "methodAnnotations": "@Nullable",
            "methodName": "getResponseBodyAsArray",
            "methodSignature": "@Nullable public DataArray getResponseBodyAsArray()",
            "methodParameters": null,
            "methodReturnType": "DataArray",
            "isStatic": false,
            "descriptionElements": [],
            "deprecationElement": null,
            "details": {},
            "seeAlso": null
        },
        "getResponse()": {
            "elementId": "getResponse()",
            "methodAnnotations": "@Nullable",
            "methodName": "getResponse",
            "methodSignature": "@Nullable public Response getResponse()",
            "methodParameters": null,
            "methodReturnType": "Response",
            "isStatic": false,
            "descriptionElements": [],
            "deprecationElement": null,
            "details": {},
            "seeAlso": null
        },
        "getCFRays()": {
            "elementId": "getCFRays()",
            "methodAnnotations": "@Nonnull",
            "methodName": "getCFRays",
            "methodSignature": "@Nonnull public Set<String> getCFRays()",
            "methodParameters": null,
            "methodReturnType": "Set<String>",
            "isStatic": false,
            "descriptionElements": [],
            "deprecationElement": null,
            "details": {},
            "seeAlso": null
        }
    },
    "fields": {}
}