{
    "classNameFqcn": "net.dv8tion.jda.api.hooks.IEventManager",
    "descriptionElements": [
        "<div class=\"block\">\n An interface for JDA's EventManager system. \n <br>\n This should be registered in the <a href=\"../JDABuilder.html\" title=\"class in net.dv8tion.jda.api\"><code>JDABuilder</code></a>\n <p>JDA provides 2 implementations:</p>\n <ul>\n  <li><a href=\"InterfacedEventManager.html\" title=\"class in net.dv8tion.jda.api.hooks\"><code>InterfacedEventManager</code></a> <br>\n   Simple implementation that allows <a href=\"EventListener.html\" title=\"interface in net.dv8tion.jda.api.hooks\"><code>EventListener</code></a> instances as listeners.</li>\n  <li><a href=\"AnnotatedEventManager.html\" title=\"class in net.dv8tion.jda.api.hooks\"><code>AnnotatedEventManager</code></a> <br>\n   An implementation that accepts any object and uses the <a href=\"SubscribeEvent.html\" title=\"annotation in net.dv8tion.jda.api.hooks\"><code>SubscribeEvent</code></a> annotation to handle events.</li>\n </ul>\n <p>The default event manager is <a href=\"InterfacedEventManager.html\" title=\"class in net.dv8tion.jda.api.hooks\"><code>InterfacedEventManager</code></a> <br>\n  Use <a href=\"../JDABuilder.html#setEventManager(net.dv8tion.jda.api.hooks.IEventManager)\"><code>JDABuilder.setEventManager(IEventManager)</code></a> to set the preferred event manager implementation. <br>\n  You can only use one implementation per JDA instance!</p>\n</div>"
    ],
    "deprecationElement": null,
    "details": {
        "SEE_ALSO": [
            "<dd>\n <ul class=\"see-list\">\n  <li><a href=\"InterfacedEventManager.html\" title=\"class in net.dv8tion.jda.api.hooks\"><code>InterfacedEventManager</code></a></li>\n  <li><a href=\"AnnotatedEventManager.html\" title=\"class in net.dv8tion.jda.api.hooks\"><code>AnnotatedEventManager</code></a></li>\n </ul>\n</dd>"
        ],
        "ALL_KNOWN_IMPLEMENTING_CLASSES": [
            "<dd>\n <code><a href=\"AnnotatedEventManager.html\" title=\"class in net.dv8tion.jda.api.hooks\">AnnotatedEventManager</a></code>, <code><a href=\"InterfacedEventManager.html\" title=\"class in net.dv8tion.jda.api.hooks\">InterfacedEventManager</a></code>\n</dd>"
        ]
    },
    "seeAlso": {
        "references": [
            {
                "text": "InterfacedEventManager",
                "link": "https://docs.jda.wiki/net/dv8tion/jda/api/hooks/InterfacedEventManager.html",
                "targetType": "CLASS",
                "fullSignature": "InterfacedEventManager"
            },
            {
                "text": "AnnotatedEventManager",
                "link": "https://docs.jda.wiki/net/dv8tion/jda/api/hooks/AnnotatedEventManager.html",
                "targetType": "CLASS",
                "fullSignature": "AnnotatedEventManager"
            }
        ]
    },
    "methods": {
        "register(java.lang.Object)": {
            "elementId": "register(java.lang.Object)",
            "methodAnnotations": null,
            "methodName": "register",
            "methodSignature": "void register(@Nonnull Object listener)",
            "methodParameters": {
                "originalText": "(@Nonnull Object listener)",
                "parameters": [
                    {
                        "annotations": [
                            "Nonnull"
                        ],
                        "type": "java.lang.Object",
                        "simpleType": "Object",
                        "name": "listener"
                    }
                ]
            },
            "methodReturnType": "void",
            "isStatic": false,
            "descriptionElements": [
                "<div class=\"block\">\n Registers the specified listener \n <br>\n Accepted types may be specified by implementations\n</div>"
            ],
            "deprecationElement": null,
            "details": {
                "PARAMETERS": [
                    "<dd>\n <code>listener</code> - A listener object\n</dd>"
                ],
                "THROWS": [
                    "<dd>\n <code><a href=\"https://docs.oracle.com/javase/8/docs/api/java/lang/UnsupportedOperationException.html\" title=\"class or interface in java.lang\" class=\"external-link\">UnsupportedOperationException</a></code> - If the implementation does not support this method\n</dd>"
                ]
            },
            "seeAlso": null
        },
        "handle(net.dv8tion.jda.api.events.GenericEvent)": {
            "elementId": "handle(net.dv8tion.jda.api.events.GenericEvent)",
            "methodAnnotations": null,
            "methodName": "handle",
            "methodSignature": "void handle(@Nonnull GenericEvent event)",
            "methodParameters": {
                "originalText": "(@Nonnull GenericEvent event)",
                "parameters": [
                    {
                        "annotations": [
                            "Nonnull"
                        ],
                        "type": "net.dv8tion.jda.api.events.GenericEvent",
                        "simpleType": "GenericEvent",
                        "name": "event"
                    }
                ]
            },
            "methodReturnType": "void",
            "isStatic": false,
            "descriptionElements": [
                "<div class=\"block\">\n Handles the provided <a href=\"../events/GenericEvent.html\" title=\"interface in net.dv8tion.jda.api.events\"><code>GenericEvent</code></a>. \n <br>\n How this is handled is specified by the implementation. \n <p>An implementation should not throw exceptions.</p>\n</div>"
            ],
            "deprecationElement": null,
            "details": {
                "PARAMETERS": [
                    "<dd>\n <code>event</code> - The event to handle\n</dd>"
                ]
            },
            "seeAlso": null
        },
        "getRegisteredListeners()": {
            "elementId": "getRegisteredListeners()",
            "methodAnnotations": "@Nonnull",
            "methodName": "getRegisteredListeners",
            "methodSignature": "@Nonnull List<Object> getRegisteredListeners()",
            "methodParameters": null,
            "methodReturnType": "List<Object>",
            "isStatic": false,
            "descriptionElements": [
                "<div class=\"block\">\n The currently registered listeners\n</div>"
            ],
            "deprecationElement": null,
            "details": {
                "RETURNS": [
                    "<dd>\n A list of listeners that have already been registered\n</dd>"
                ],
                "THROWS": [
                    "<dd>\n <code><a href=\"https://docs.oracle.com/javase/8/docs/api/java/lang/UnsupportedOperationException.html\" title=\"class or interface in java.lang\" class=\"external-link\">UnsupportedOperationException</a></code> - If the implementation does not support this method\n</dd>"
                ]
            },
            "seeAlso": null
        },
        "unregister(java.lang.Object)": {
            "elementId": "unregister(java.lang.Object)",
            "methodAnnotations": null,
            "methodName": "unregister",
            "methodSignature": "void unregister(@Nonnull Object listener)",
            "methodParameters": {
                "originalText": "(@Nonnull Object listener)",
                "parameters": [
                    {
                        "annotations": [
                            "Nonnull"
                        ],
                        "type": "java.lang.Object",
                        "simpleType": "Object",
                        "name": "listener"
                    }
                ]
            },
            "methodReturnType": "void",
            "isStatic": false,
            "descriptionElements": [
                "<div class=\"block\">\n Removes the specified listener\n</div>"
            ],
            "deprecationElement": null,
            "details": {
                "PARAMETERS": [
                    "<dd>\n <code>listener</code> - The listener object to remove\n</dd>"
                ],
                "THROWS": [
                    "<dd>\n <code><a href=\"https://docs.oracle.com/javase/8/docs/api/java/lang/UnsupportedOperationException.html\" title=\"class or interface in java.lang\" class=\"external-link\">UnsupportedOperationException</a></code> - If the implementation does not support this method\n</dd>"
                ]
            },
            "seeAlso": null
        }
    },
    "fields": {}
}