{
    "classNameFqcn": "net.dv8tion.jda.api.hooks.InterfacedEventManager",
    "descriptionElements": [
        "<div class=\"block\">\n An <a href=\"IEventManager.html\" title=\"interface in net.dv8tion.jda.api.hooks\"><code>IEventManager</code></a> implementation that uses the <a href=\"EventListener.html\" title=\"interface in net.dv8tion.jda.api.hooks\"><code>EventListener</code></a> interface for event listeners. \n <p>This only accepts listeners that implement <a href=\"EventListener.html\" title=\"interface in net.dv8tion.jda.api.hooks\"><code>EventListener</code></a> <br>\n  An adapter implementation is <a href=\"ListenerAdapter.html\" title=\"class in net.dv8tion.jda.api.hooks\"><code>ListenerAdapter</code></a> which provides methods for each individual <a href=\"../events/Event.html\" title=\"class in net.dv8tion.jda.api.events\"><code>Event</code></a>.</p>\n <p><b>This is the default IEventManager used by JDA</b></p>\n</div>"
    ],
    "deprecationElement": null,
    "details": {
        "SEE_ALSO": [
            "<dd>\n <ul class=\"see-list\">\n  <li><a href=\"AnnotatedEventManager.html\" title=\"class in net.dv8tion.jda.api.hooks\"><code>AnnotatedEventManager</code></a></li>\n  <li><a href=\"IEventManager.html\" title=\"interface in net.dv8tion.jda.api.hooks\"><code>IEventManager</code></a></li>\n </ul>\n</dd>"
        ],
        "ALL_IMPLEMENTED_INTERFACES": [
            "<dd>\n <code><a href=\"IEventManager.html\" title=\"interface in net.dv8tion.jda.api.hooks\">IEventManager</a></code>\n</dd>"
        ]
    },
    "seeAlso": {
        "references": [
            {
                "text": "AnnotatedEventManager",
                "link": "https://docs.jda.wiki/net/dv8tion/jda/api/hooks/AnnotatedEventManager.html",
                "targetType": "CLASS",
                "fullSignature": "AnnotatedEventManager"
            },
            {
                "text": "IEventManager",
                "link": "https://docs.jda.wiki/net/dv8tion/jda/api/hooks/IEventManager.html",
                "targetType": "CLASS",
                "fullSignature": "IEventManager"
            }
        ]
    },
    "methods": {
        "<init>()": {
            "elementId": "<init>()",
            "methodAnnotations": null,
            "methodName": "InterfacedEventManager",
            "methodSignature": "public InterfacedEventManager()",
            "parameters": [],
            "methodReturnType": "InterfacedEventManager",
            "isStatic": false,
            "descriptionElements": [],
            "deprecationElement": null,
            "details": {},
            "seeAlso": null
        },
        "register(java.lang.Object)": {
            "elementId": "register(java.lang.Object)",
            "methodAnnotations": null,
            "methodName": "register",
            "methodSignature": "public void register(@Nonnull Object listener)",
            "parameters": [
                {
                    "annotations": [
                        "Nonnull"
                    ],
                    "type": "java.lang.Object",
                    "simpleType": "Object",
                    "name": "listener"
                }
            ],
            "methodReturnType": "void",
            "isStatic": false,
            "descriptionElements": [
                "<div class=\"block\">\n Registers the specified listener \n <br>\n Accepted types may be specified by implementations\n</div>"
            ],
            "deprecationElement": null,
            "details": {
                "PARAMETERS": [
                    "<dd>\n <code>listener</code> - A listener object\n</dd>"
                ],
                "SPECIFIED_BY": [
                    "<dd>\n <code><a href=\"IEventManager.html#register(java.lang.Object)\">register</a></code>&nbsp;in interface&nbsp;<code><a href=\"IEventManager.html\" title=\"interface in net.dv8tion.jda.api.hooks\">IEventManager</a></code>\n</dd>"
                ],
                "THROWS": [
                    "<dd>\n <code><a href=\"https://docs.oracle.com/javase/8/docs/api/java/lang/IllegalArgumentException.html\" title=\"class or interface in java.lang\" class=\"external-link\">IllegalArgumentException</a></code> - If the provided listener does not implement <a href=\"EventListener.html\" title=\"interface in net.dv8tion.jda.api.hooks\"><code>EventListener</code></a>\n</dd>"
                ]
            },
            "seeAlso": null
        },
        "getRegisteredListeners()": {
            "elementId": "getRegisteredListeners()",
            "methodAnnotations": "@Nonnull",
            "methodName": "getRegisteredListeners",
            "methodSignature": "@Nonnull public @Unmodifiable List<Object> getRegisteredListeners()",
            "parameters": [],
            "methodReturnType": "@Unmodifiable List<Object>",
            "isStatic": false,
            "descriptionElements": [
                "<div class=\"block\">\n <span class=\"descfrm-type-label\">Description copied from interface:&nbsp;<code><a href=\"IEventManager.html#getRegisteredListeners()\">IEventManager</a></code></span>\n</div>",
                "<div class=\"block\">\n The currently registered listeners\n</div>"
            ],
            "deprecationElement": null,
            "details": {
                "RETURNS": [
                    "<dd>\n A list of listeners that have already been registered\n</dd>"
                ],
                "SPECIFIED_BY": [
                    "<dd>\n <code><a href=\"IEventManager.html#getRegisteredListeners()\">getRegisteredListeners</a></code>&nbsp;in interface&nbsp;<code><a href=\"IEventManager.html\" title=\"interface in net.dv8tion.jda.api.hooks\">IEventManager</a></code>\n</dd>"
                ]
            },
            "seeAlso": null
        },
        "handle(net.dv8tion.jda.api.events.GenericEvent)": {
            "elementId": "handle(net.dv8tion.jda.api.events.GenericEvent)",
            "methodAnnotations": null,
            "methodName": "handle",
            "methodSignature": "public void handle(@Nonnull GenericEvent event)",
            "parameters": [
                {
                    "annotations": [
                        "Nonnull"
                    ],
                    "type": "net.dv8tion.jda.api.events.GenericEvent",
                    "simpleType": "GenericEvent",
                    "name": "event"
                }
            ],
            "methodReturnType": "void",
            "isStatic": false,
            "descriptionElements": [
                "<div class=\"block\">\n <span class=\"descfrm-type-label\">Description copied from interface:&nbsp;<code><a href=\"IEventManager.html#handle(net.dv8tion.jda.api.events.GenericEvent)\">IEventManager</a></code></span>\n</div>",
                "<div class=\"block\">\n Handles the provided <a href=\"../events/GenericEvent.html\" title=\"interface in net.dv8tion.jda.api.events\"><code>GenericEvent</code></a>. \n <br>\n How this is handled is specified by the implementation. \n <p>An implementation should not throw exceptions.</p>\n</div>"
            ],
            "deprecationElement": null,
            "details": {
                "PARAMETERS": [
                    "<dd>\n <code>event</code> - The event to handle\n</dd>"
                ],
                "SPECIFIED_BY": [
                    "<dd>\n <code><a href=\"IEventManager.html#handle(net.dv8tion.jda.api.events.GenericEvent)\">handle</a></code>&nbsp;in interface&nbsp;<code><a href=\"IEventManager.html\" title=\"interface in net.dv8tion.jda.api.hooks\">IEventManager</a></code>\n</dd>"
                ]
            },
            "seeAlso": null
        },
        "unregister(java.lang.Object)": {
            "elementId": "unregister(java.lang.Object)",
            "methodAnnotations": null,
            "methodName": "unregister",
            "methodSignature": "public void unregister(@Nonnull Object listener)",
            "parameters": [
                {
                    "annotations": [
                        "Nonnull"
                    ],
                    "type": "java.lang.Object",
                    "simpleType": "Object",
                    "name": "listener"
                }
            ],
            "methodReturnType": "void",
            "isStatic": false,
            "descriptionElements": [
                "<div class=\"block\">\n <span class=\"descfrm-type-label\">Description copied from interface:&nbsp;<code><a href=\"IEventManager.html#unregister(java.lang.Object)\">IEventManager</a></code></span>\n</div>",
                "<div class=\"block\">\n Removes the specified listener\n</div>"
            ],
            "deprecationElement": null,
            "details": {
                "PARAMETERS": [
                    "<dd>\n <code>listener</code> - The listener object to remove\n</dd>"
                ],
                "SPECIFIED_BY": [
                    "<dd>\n <code><a href=\"IEventManager.html#unregister(java.lang.Object)\">unregister</a></code>&nbsp;in interface&nbsp;<code><a href=\"IEventManager.html\" title=\"interface in net.dv8tion.jda.api.hooks\">IEventManager</a></code>\n</dd>"
                ]
            },
            "seeAlso": null
        }
    },
    "fields": {}
}