{
    "classNameFqcn": "net.dv8tion.jda.api.hooks.VoiceDispatchInterceptor",
    "descriptionElements": [
        "<div class=\"block\">\n Interceptor used to handle critical voice dispatches. \n <br>\n This will make it impossible to connect to voice channels with the built-in <a href=\"../managers/AudioManager.html\" title=\"interface in net.dv8tion.jda.api.managers\"><code>AudioManager</code></a>. It is expected that the user has some other means of establishing voice connections when this is used.\n</div>"
    ],
    "deprecationElement": null,
    "details": {
        "SINCE": [
            "<dd>\n 4.0.0\n</dd>"
        ]
    },
    "seeAlso": null,
    "methods": {
        "onVoiceServerUpdate(net.dv8tion.jda.api.hooks.VoiceDispatchInterceptor.VoiceServerUpdate)": {
            "elementId": "onVoiceServerUpdate(net.dv8tion.jda.api.hooks.VoiceDispatchInterceptor.VoiceServerUpdate)",
            "methodAnnotations": null,
            "methodName": "onVoiceServerUpdate",
            "methodSignature": "void onVoiceServerUpdate(@Nonnull VoiceDispatchInterceptor.VoiceServerUpdate update)",
            "methodParameters": {
                "originalText": "(@Nonnull VoiceDispatchInterceptor.VoiceServerUpdate update)",
                "parameters": [
                    {
                        "annotations": [
                            "Nonnull"
                        ],
                        "type": "VoiceDispatchInterceptor.VoiceServerUpdate",
                        "simpleType": "VoiceDispatchInterceptor.VoiceServerUpdate",
                        "name": "update"
                    }
                ]
            },
            "methodReturnType": "void",
            "isStatic": false,
            "descriptionElements": [
                "<div class=\"block\">\n Handles the <b>VOICE_SERVER_UPDATE</b>.\n</div>"
            ],
            "deprecationElement": null,
            "details": {
                "PARAMETERS": [
                    "<dd>\n <code>update</code> - The <a href=\"VoiceDispatchInterceptor.VoiceServerUpdate.html\" title=\"class in net.dv8tion.jda.api.hooks\"><code>VoiceDispatchInterceptor.VoiceServerUpdate</code></a> to handle\n</dd>"
                ]
            },
            "seeAlso": null
        },
        "onVoiceStateUpdate(net.dv8tion.jda.api.hooks.VoiceDispatchInterceptor.VoiceStateUpdate)": {
            "elementId": "onVoiceStateUpdate(net.dv8tion.jda.api.hooks.VoiceDispatchInterceptor.VoiceStateUpdate)",
            "methodAnnotations": null,
            "methodName": "onVoiceStateUpdate",
            "methodSignature": "boolean onVoiceStateUpdate(@Nonnull VoiceDispatchInterceptor.VoiceStateUpdate update)",
            "methodParameters": {
                "originalText": "(@Nonnull VoiceDispatchInterceptor.VoiceStateUpdate update)",
                "parameters": [
                    {
                        "annotations": [
                            "Nonnull"
                        ],
                        "type": "VoiceDispatchInterceptor.VoiceStateUpdate",
                        "simpleType": "VoiceDispatchInterceptor.VoiceStateUpdate",
                        "name": "update"
                    }
                ]
            },
            "methodReturnType": "boolean",
            "isStatic": false,
            "descriptionElements": [
                "<div class=\"block\">\n Handles the <b>VOICE_STATE_UPDATE</b>. \n <br>\n This indicates the user might have moved to a new voice channel.\n</div>"
            ],
            "deprecationElement": null,
            "details": {
                "PARAMETERS": [
                    "<dd>\n <code>update</code> - The <a href=\"VoiceDispatchInterceptor.VoiceStateUpdate.html\" title=\"class in net.dv8tion.jda.api.hooks\"><code>VoiceDispatchInterceptor.VoiceStateUpdate</code></a> to handle\n</dd>"
                ],
                "RETURNS": [
                    "<dd>\n True, if a connection was previously established\n</dd>"
                ]
            },
            "seeAlso": null
        }
    },
    "fields": {}
}