{
    "classNameFqcn": "net.dv8tion.jda.api.hooks.VoiceDispatchInterceptor.VoiceStateUpdate",
    "descriptionElements": [
        "<div class=\"block\">\n Wrapper for a <a href=\"https://discord.com/developers/docs/topics/gateway#voice-state-update\" target=\"_blank\">Voice State Update</a>\n</div>"
    ],
    "deprecationElement": null,
    "details": {
        "ALL_IMPLEMENTED_INTERFACES": [
            "<dd>\n <code><a href=\"VoiceDispatchInterceptor.VoiceUpdate.html\" title=\"interface in net.dv8tion.jda.api.hooks\">VoiceDispatchInterceptor.VoiceUpdate</a></code>, <code><a href=\"../utils/data/SerializableData.html\" title=\"interface in net.dv8tion.jda.api.utils.data\">SerializableData</a></code>\n</dd>"
        ],
        "ENCLOSING_INTERFACE": [
            "<dd>\n <a href=\"VoiceDispatchInterceptor.html\" title=\"interface in net.dv8tion.jda.api.hooks\">VoiceDispatchInterceptor</a>\n</dd>"
        ]
    },
    "seeAlso": null,
    "methods": {
        "getJDA()": {
            "elementId": "getJDA()",
            "methodAnnotations": "@Nonnull",
            "methodName": "getJDA",
            "methodSignature": "@Nonnull default JDA getJDA()",
            "methodParameters": null,
            "methodReturnType": "JDA",
            "isStatic": false,
            "descriptionElements": [
                "<div class=\"block\">\n Shortcut to access the JDA instance\n</div>"
            ],
            "deprecationElement": null,
            "details": {
                "RETURNS": [
                    "<dd>\n The JDA instance\n</dd>"
                ]
            },
            "seeAlso": null
        },
        "getChannel()": {
            "elementId": "getChannel()",
            "methodAnnotations": "@Nullable",
            "methodName": "getChannel",
            "methodSignature": "@Nullable public AudioChannel getChannel()",
            "methodParameters": null,
            "methodReturnType": "AudioChannel",
            "isStatic": false,
            "descriptionElements": [
                "<div class=\"block\">\n The update voice channel\n</div>"
            ],
            "deprecationElement": null,
            "details": {
                "RETURNS": [
                    "<dd>\n The updated voice channel, or null to signal disconnect\n</dd>"
                ]
            },
            "seeAlso": null
        },
        "getGuildId()": {
            "elementId": "getGuildId()",
            "methodAnnotations": "@Nonnull",
            "methodName": "getGuildId",
            "methodSignature": "@Nonnull default String getGuildId()",
            "methodParameters": null,
            "methodReturnType": "String",
            "isStatic": false,
            "descriptionElements": [
                "<div class=\"block\">\n Shortcut to access the guild id\n</div>"
            ],
            "deprecationElement": null,
            "details": {
                "RETURNS": [
                    "<dd>\n The guild id\n</dd>"
                ]
            },
            "seeAlso": null
        },
        "getGuildIdLong()": {
            "elementId": "getGuildIdLong()",
            "methodAnnotations": null,
            "methodName": "getGuildIdLong",
            "methodSignature": "default long getGuildIdLong()",
            "methodParameters": null,
            "methodReturnType": "long",
            "isStatic": false,
            "descriptionElements": [
                "<div class=\"block\">\n Shortcut to access the guild id\n</div>"
            ],
            "deprecationElement": null,
            "details": {
                "RETURNS": [
                    "<dd>\n The guild id\n</dd>"
                ]
            },
            "seeAlso": null
        },
        "toData()": {
            "elementId": "toData()",
            "methodAnnotations": "@Nonnull",
            "methodName": "toData",
            "methodSignature": "@Nonnull public DataObject toData()",
            "methodParameters": null,
            "methodReturnType": "DataObject",
            "isStatic": false,
            "descriptionElements": [
                "<div class=\"block\">\n <span class=\"descfrm-type-label\">Description copied from interface:&nbsp;<code><a href=\"VoiceDispatchInterceptor.VoiceUpdate.html#toData()\">VoiceDispatchInterceptor.VoiceUpdate</a></code></span>\n</div>",
                "<div class=\"block\">\n The raw JSON object that was parsed from this update\n</div>"
            ],
            "deprecationElement": null,
            "details": {
                "RETURNS": [
                    "<dd>\n The raw JSON object\n</dd>"
                ],
                "SPECIFIED_BY": [
                    "<dd>\n <code><a href=\"../utils/data/SerializableData.html#toData()\">toData</a></code>&nbsp;in interface&nbsp;<code><a href=\"../utils/data/SerializableData.html\" title=\"interface in net.dv8tion.jda.api.utils.data\">SerializableData</a></code>\n</dd>",
                    "<dd>\n <code><a href=\"VoiceDispatchInterceptor.VoiceUpdate.html#toData()\">toData</a></code>&nbsp;in interface&nbsp;<code><a href=\"VoiceDispatchInterceptor.VoiceUpdate.html\" title=\"interface in net.dv8tion.jda.api.hooks\">VoiceDispatchInterceptor.VoiceUpdate</a></code>\n</dd>"
                ]
            },
            "seeAlso": null
        },
        "getAudioController()": {
            "elementId": "getAudioController()",
            "methodAnnotations": "@Nonnull",
            "methodName": "getAudioController",
            "methodSignature": "@Nonnull default DirectAudioController getAudioController()",
            "methodParameters": null,
            "methodReturnType": "DirectAudioController",
            "isStatic": false,
            "descriptionElements": [
                "<div class=\"block\">\n Shortcut to access the audio controller of this JDA instance\n</div>"
            ],
            "deprecationElement": null,
            "details": {
                "RETURNS": [
                    "<dd>\n The <a href=\"../managers/DirectAudioController.html\" title=\"interface in net.dv8tion.jda.api.managers\"><code>DirectAudioController</code></a> for this JDA instance\n</dd>"
                ]
            },
            "seeAlso": null
        },
        "<init>(net.dv8tion.jda.api.entities.channel.middleman.AudioChannel,net.dv8tion.jda.api.entities.GuildVoiceState,net.dv8tion.jda.api.utils.data.DataObject)": {
            "elementId": "<init>(net.dv8tion.jda.api.entities.channel.middleman.AudioChannel,net.dv8tion.jda.api.entities.GuildVoiceState,net.dv8tion.jda.api.utils.data.DataObject)",
            "methodAnnotations": null,
            "methodName": "VoiceStateUpdate",
            "methodSignature": "public VoiceStateUpdate(AudioChannel channel, GuildVoiceState voiceState, DataObject json)",
            "methodParameters": {
                "originalText": "(AudioChannel channel, GuildVoiceState voiceState, DataObject json)",
                "parameters": [
                    {
                        "annotations": [],
                        "type": "AudioChannel",
                        "simpleType": "AudioChannel",
                        "name": "channel"
                    },
                    {
                        "annotations": [],
                        "type": "GuildVoiceState",
                        "simpleType": "GuildVoiceState",
                        "name": "voiceState"
                    },
                    {
                        "annotations": [],
                        "type": "DataObject",
                        "simpleType": "DataObject",
                        "name": "json"
                    }
                ]
            },
            "methodReturnType": "VoiceDispatchInterceptor.VoiceStateUpdate",
            "isStatic": false,
            "descriptionElements": [],
            "deprecationElement": null,
            "details": {},
            "seeAlso": null
        },
        "getVoiceState()": {
            "elementId": "getVoiceState()",
            "methodAnnotations": "@Nonnull",
            "methodName": "getVoiceState",
            "methodSignature": "@Nonnull public GuildVoiceState getVoiceState()",
            "methodParameters": null,
            "methodReturnType": "GuildVoiceState",
            "isStatic": false,
            "descriptionElements": [
                "<div class=\"block\">\n The voice state for the guild\n</div>"
            ],
            "deprecationElement": null,
            "details": {
                "RETURNS": [
                    "<dd>\n The voice state\n</dd>"
                ]
            },
            "seeAlso": null
        },
        "getShardInfo()": {
            "elementId": "getShardInfo()",
            "methodAnnotations": "@Nullable",
            "methodName": "getShardInfo",
            "methodSignature": "@Nullable default JDA.ShardInfo getShardInfo()",
            "methodParameters": null,
            "methodReturnType": "JDA.ShardInfo",
            "isStatic": false,
            "descriptionElements": [
                "<div class=\"block\">\n Shortcut to access the shard info for this JDA instance\n</div>"
            ],
            "deprecationElement": null,
            "details": {
                "RETURNS": [
                    "<dd>\n The shard information, or null if this was not for a sharded client\n</dd>"
                ]
            },
            "seeAlso": null
        },
        "getGuild()": {
            "elementId": "getGuild()",
            "methodAnnotations": "@Nonnull",
            "methodName": "getGuild",
            "methodSignature": "@Nonnull public Guild getGuild()",
            "methodParameters": null,
            "methodReturnType": "Guild",
            "isStatic": false,
            "descriptionElements": [
                "<div class=\"block\">\n <span class=\"descfrm-type-label\">Description copied from interface:&nbsp;<code><a href=\"VoiceDispatchInterceptor.VoiceUpdate.html#getGuild()\">VoiceDispatchInterceptor.VoiceUpdate</a></code></span>\n</div>",
                "<div class=\"block\">\n The <a href=\"../entities/Guild.html\" title=\"interface in net.dv8tion.jda.api.entities\"><code>Guild</code></a> for this update\n</div>"
            ],
            "deprecationElement": null,
            "details": {
                "RETURNS": [
                    "<dd>\n The guild\n</dd>"
                ],
                "SPECIFIED_BY": [
                    "<dd>\n <code><a href=\"VoiceDispatchInterceptor.VoiceUpdate.html#getGuild()\">getGuild</a></code>&nbsp;in interface&nbsp;<code><a href=\"VoiceDispatchInterceptor.VoiceUpdate.html\" title=\"interface in net.dv8tion.jda.api.hooks\">VoiceDispatchInterceptor.VoiceUpdate</a></code>\n</dd>"
                ]
            },
            "seeAlso": null
        }
    },
    "fields": {}
}